video_id,sentence
S3_C3_E453_V0159,An animal engaged in any activity other than foraging.
S3_C3_E582_V0524,An animal engaged in any activity other than foraging.
S3_C3_E444_V0156,An animal engaged in any activity other than foraging.
S3_C3_E476_V0227,An animal engaged in any activity other than foraging.
S3_C3_E581_V0512,An animal engaged in any activity other than foraging.
S3_C3_E476_V0221,An animal engaged in any activity other than foraging.
S3_C3_E476_V0230,An animal engaged in any activity other than foraging.
S3_C3_E545_V0416,An animal engaged in any activity other than foraging.
S3_C3_E525_V0340,An animal engaged in any activity other than foraging.
S3_C3_E587_V0537,An animal engaged in any activity other than foraging.
S3_C3_E476_V0226,An animal engaged in any activity other than foraging.
S3_C3_E642_V0616,An animal engaged in any activity other than foraging.
S3_C3_E642_V0622,An animal engaged in any activity other than foraging.
S3_C3_E476_V0216,An animal engaged in any activity other than foraging.
S3_C3_E476_V0232,An animal engaged in any activity other than foraging.
S3_C3_E455_V0170,An animal engaged in any activity other than foraging.
S3_C3_E545_V0395,An animal engaged in any activity other than foraging.
S3_C3_E418_V0071,An animal engaged in any activity other than foraging.
S3_C3_E460_V0172,An animal engaged in any activity other than foraging.
S3_C3_E419_V0086,An animal engaged in any activity other than foraging.
S3_C3_E444_V0121,An animal engaged in any activity other than foraging.
S3_C3_E462_V0181,An animal engaged in any activity other than foraging.
S3_C3_E476_V0225,An animal engaged in any activity other than foraging.
S3_C3_E444_V0140,An animal engaged in any activity other than foraging.
S3_C3_E545_V0394,An animal engaged in any activity other than foraging.
S3_C3_E525_V0337,An animal engaged in any activity other than foraging.
S3_C3_E444_V0123,An animal engaged in any activity other than foraging.
S3_C3_E444_V0150,An animal engaged in any activity other than foraging.
S3_C3_E476_V0229,An animal engaged in any activity other than foraging.
S3_C3_E642_V0623,An animal engaged in any activity other than foraging.
S3_C3_E476_V0217,An animal engaged in any activity other than foraging.
S3_C3_E419_V0082,An animal engaged in any activity other than foraging.
S3_C3_E444_V0142,An animal engaged in any activity other than foraging.
S3_C3_E444_V0133,An animal engaged in any activity other than foraging.
S3_C3_E419_V0084,An animal engaged in any activity other than foraging.
S3_C3_E476_V0215,An animal engaged in any activity other than foraging.
S3_C3_E477_V0235,An animal engaged in any activity other than foraging.
S3_C3_E444_V0143,An animal engaged in any activity other than foraging.
S3_C3_E418_V0077,An animal engaged in any activity other than foraging.
S3_C3_E476_V0228,An animal engaged in any activity other than foraging.
S3_C3_E545_V0406,An animal engaged in any activity other than foraging.
S3_C3_E437_V0095,An animal engaged in any activity other than foraging.
S3_C3_E545_V0424,An animal engaged in any activity other than foraging.
S3_C3_E545_V0422,An animal engaged in any activity other than foraging.
S3_C3_E525_V0336,An animal engaged in any activity other than foraging.
S3_C3_E545_V0392,An animal engaged in any activity other than foraging.
S3_C3_E419_V0081,An animal engaged in any activity other than foraging.
S3_C3_E476_V0223,An animal engaged in any activity other than foraging.
S3_C3_E576_V0505,An animal engaged in any activity other than foraging.
S3_C3_E567_V0473,An animal engaged in any activity other than foraging.
S3_C3_E460_V0175,An animal engaged in any activity other than foraging.
S3_C3_E444_V0155,An animal engaged in any activity other than foraging.
S3_C3_E462_V0179,An animal engaged in any activity other than foraging.
S3_C3_E545_V0396,An animal engaged in any activity other than foraging.
S3_C3_E444_V0117,An animal engaged in any activity other than foraging.
S3_C3_E444_V0116,An animal engaged in any activity other than foraging.
S3_C3_E444_V0146,An animal engaged in any activity other than foraging.
S3_C3_E444_V0132,An animal engaged in any activity other than foraging.
S3_C3_E418_V0076,An animal engaged in any activity other than foraging.
S3_C3_E545_V0397,An animal engaged in any activity other than foraging.
S3_C3_E545_V0433,An animal engaged in any activity other than foraging.
S3_C3_E484_V0251,An animal engaged in any activity other than foraging.
S3_C3_E419_V0079,An animal engaged in any activity other than foraging.
S3_C3_E444_V0147,An animal engaged in any activity other than foraging.
S3_C3_E444_V0129,An animal engaged in any activity other than foraging.
S3_C3_E581_V0510,An animal engaged in any activity other than foraging.
S3_C3_E545_V0381,An animal engaged in any activity other than foraging.
S3_C3_E444_V0136,An animal engaged in any activity other than foraging.
S3_C3_E418_V0073,An animal engaged in any activity other than foraging.
S3_C3_E444_V0128,An animal engaged in any activity other than foraging.
S3_C3_E455_V0169,An animal engaged in any activity other than foraging.
S3_C3_E418_V0072,An animal engaged in any activity other than foraging.
S3_C3_E545_V0393,An animal engaged in any activity other than foraging.
S3_C3_E476_V0218,An animal engaged in any activity other than foraging.
S3_C3_E460_V0171,An animal engaged in any activity other than foraging.
S3_C3_E444_V0157,An animal engaged in any activity other than foraging.
S3_C3_E418_V0070,An animal engaged in any activity other than foraging.
S3_C3_E444_V0144,An animal engaged in any activity other than foraging.
S3_C3_E462_V0180,An animal engaged in any activity other than foraging.
S3_C3_E545_V0417,An animal engaged in any activity other than foraging.
S3_C3_E545_V0383,An animal engaged in any activity other than foraging.
S3_C3_E545_V0386,An animal engaged in any activity other than foraging.
S3_C3_E444_V0151,An animal engaged in any activity other than foraging.
S3_C3_E545_V0411,An animal engaged in any activity other than foraging.
S3_C3_E582_V0529,An animal engaged in any activity other than foraging.
S3_C3_E561_V0459,An animal engaged in any activity other than foraging.
S3_C3_E545_V0389,An animal engaged in any activity other than foraging.
S3_C3_E444_V0135,An animal engaged in any activity other than foraging.
S3_C3_E418_V0069,An animal engaged in any activity other than foraging.
S3_C3_E604_V0564,An animal engaged in any activity other than foraging.
S3_C3_E453_V0160,An animal engaged in any activity other than foraging.
S3_C3_E545_V0399,An animal engaged in any activity other than foraging.
S3_C3_E545_V0418,An animal engaged in any activity other than foraging.
S3_C3_E642_V0619,An animal engaged in any activity other than foraging.
S3_C3_E444_V0152,An animal engaged in any activity other than foraging.
S3_C3_E545_V0404,An animal engaged in any activity other than foraging.
S3_C3_E545_V0431,An animal engaged in any activity other than foraging.
S3_C3_E444_V0153,An animal engaged in any activity other than foraging.
S3_C3_E545_V0400,An animal engaged in any activity other than foraging.
S3_C3_E642_V0618,An animal engaged in any activity other than foraging.
S3_C3_E545_V0415,An animal engaged in any activity other than foraging.
S3_C3_E444_V0145,An animal engaged in any activity other than foraging.
S3_C3_E644_V0625,An animal engaged in any activity other than foraging.
S3_C3_E444_V0141,An animal engaged in any activity other than foraging.
S3_C3_E454_V0166,An animal engaged in any activity other than foraging.
S3_C3_E460_V0173,An animal engaged in any activity other than foraging.
S3_C3_E525_V0342,An animal engaged in any activity other than foraging.
S3_C3_E545_V0398,An animal engaged in any activity other than foraging.
S3_C3_E444_V0124,An animal engaged in any activity other than foraging.
S3_C3_E545_V0437,An animal engaged in any activity other than foraging.
S3_C3_E581_V0511,An animal engaged in any activity other than foraging.
S3_C3_E545_V0402,An animal engaged in any activity other than foraging.
S3_C3_E418_V0068,An animal engaged in any activity other than foraging.
S3_C3_E407_V0059,An animal engaged in any activity other than foraging.
S3_C3_E419_V0085,An animal engaged in any activity other than foraging.
S3_C3_E545_V0382,An animal engaged in any activity other than foraging.
S3_C3_E437_V0098,An animal engaged in any activity other than foraging.
S3_C3_E476_V0219,An animal engaged in any activity other than foraging.
S3_C3_E525_V0344,An animal engaged in any activity other than foraging.
S3_C3_E642_V0621,An animal engaged in any activity other than foraging.
S3_C3_E545_V0410,An animal engaged in any activity other than foraging.
S3_C3_E476_V0214,An animal engaged in any activity other than foraging.
S3_C3_E444_V0125,An animal engaged in any activity other than foraging.
S3_C3_E476_V0212,An animal engaged in any activity other than foraging.
S3_C3_E460_V0176,An animal engaged in any activity other than foraging.
S3_C3_E548_V0443,An animal engaged in any activity other than foraging.
S3_C3_E642_V0620,An animal engaged in any activity other than foraging.
S3_C3_E418_V0075,An animal engaged in any activity other than foraging.
S3_C3_E581_V0509,An animal engaged in any activity other than foraging.
S3_C3_E476_V0213,An animal engaged in any activity other than foraging.
S3_C3_E418_V0067,An animal engaged in any activity other than foraging.
S3_C3_E419_V0083,An animal engaged in any activity other than foraging.
S3_C3_E476_V0222,An animal engaged in any activity other than foraging.
S3_C3_E418_V0074,An animal engaged in any activity other than foraging.
S3_C3_E461_V0178,An animal engaged in any activity other than foraging.
S3_C3_E444_V0137,An animal engaged in any activity other than foraging.
S3_C3_E444_V0148,An animal engaged in any activity other than foraging.
S3_C3_E444_V0154,An animal engaged in any activity other than foraging.
S3_C3_E568_V0474,An animal engaged in any activity other than foraging.
S3_C3_E444_V0122,An animal engaged in any activity other than foraging.
S3_C3_E444_V0130,An animal engaged in any activity other than foraging.
S3_C3_E476_V0220,An animal engaged in any activity other than foraging.
S3_C3_E642_V0617,An animal engaged in any activity other than foraging.
S3_C3_E545_V0390,An animal engaged in any activity other than foraging.
S3_C3_E545_V0391,An animal engaged in any activity other than foraging.
S3_C3_E460_V0174,An animal engaged in any activity other than foraging.
S3_C3_E581_V0508,An animal engaged in any activity other than foraging.
S3_C3_E444_V0131,An animal engaged in any activity other than foraging.
S3_C3_E476_V0224,An animal engaged in any activity other than foraging.
S3_C3_E444_V0139,An animal engaged in any activity other than foraging.
S3_C3_E444_V0115,An animal engaged in any activity other than foraging.
S3_C3_E454_V0163,An animal engaged in any activity other than foraging.
S3_C3_E444_V0149,An animal engaged in any activity other than foraging.
S3_C3_E444_V0138,An animal engaged in any activity other than foraging.
S3_C3_E560_V0458,An animal engaged in any activity other than foraging.
S3_C5_F631_V0019,An animal engaged in any activity other than foraging.
S3_C5_F737_V0160,An animal engaged in any activity other than foraging.
S3_C5_F632_V0022,An animal engaged in any activity other than foraging.
S3_C5_F632_V0024,An animal engaged in any activity other than foraging.
S3_C5_F746_V0161,An animal engaged in any activity other than foraging.
S3_C5_F677_V0109,An animal engaged in any activity other than foraging.
S3_C5_F760_V0162,An animal engaged in any activity other than foraging.
S3_C5_F863_V0179,An animal engaged in any activity other than foraging.
S3_C5_F678_V0110,An animal engaged in any activity other than foraging.
S3_C5_F632_V0023,An animal engaged in any activity other than foraging.
S3_C1_E418_V0234,An animal engaged in any activity other than foraging.
S3_C1_F828_V0347,An animal engaged in any activity other than foraging.
S3_C1_E418_V0235,An animal engaged in any activity other than foraging.
S3_C1_F744_V0203,An animal engaged in any activity other than foraging.
S3_C1_F841_V0375,An animal engaged in any activity other than foraging.
S3_C1_F845_V0423,An animal engaged in any activity other than foraging.
S3_C1_F864_V0472,An animal engaged in any activity other than foraging.
S3_C1_F762_V0239,An animal engaged in any activity other than foraging.
S3_C1_F736_V0195,An animal engaged in any activity other than foraging.
S3_C1_F865_V0481,An animal engaged in any activity other than foraging.
S3_C1_F832_V0351,An animal engaged in any activity other than foraging.
S3_C1_F802_V0321,An animal engaged in any activity other than foraging.
S3_C1_F1008_V0589,An animal engaged in any activity other than foraging.
S3_C1_E437_V0355,An animal engaged in any activity other than foraging.
S3_C1_E460_V0544,An animal engaged in any activity other than foraging.
S3_C4_F760_V0233,An animal engaged in any activity other than foraging.
S3_C4_F633_V0022,An animal engaged in any activity other than foraging.
S3_C4_F745_V0204,An animal engaged in any activity other than foraging.
S3_C4_F633_V0021,An animal engaged in any activity other than foraging.
S3_C4_F746_V0205,An animal engaged in any activity other than foraging.
S3_C4_F677_V0063,An animal engaged in any activity other than foraging.
S3_C4_F681_V0067,An animal engaged in any activity other than foraging.
S3_C4_F631_V0020,An animal engaged in any activity other than foraging.
S3_C4_F746_V0206,An animal engaged in any activity other than foraging.
S3_C4_F737_V0196,An animal engaged in any activity other than foraging.
S3_C4_F699_V0072,An animal engaged in any activity other than foraging.
S3_C4_F831_V0349,An animal engaged in any activity other than foraging.
S3_C6_F633_V0019,An animal engaged in any activity other than foraging.
S3_C6_F633_V0020,An animal engaged in any activity other than foraging.
S3_C2_E741_V0359,An animal engaged in any activity other than foraging.
S3_C2_F669_V0102,An animal engaged in any activity other than foraging.
S3_C2_E716_V0257,An animal engaged in any activity other than foraging.
S3_C2_E615_V0124,An animal engaged in any activity other than foraging.
S3_C2_E545_V0095,An animal engaged in any activity other than foraging.
S3_C2_E760_V0409,An animal engaged in any activity other than foraging.
S3_C2_E525_V0091,An animal engaged in any activity other than foraging.
S3_C2_E709_V0241,An animal engaged in any activity other than foraging.
S3_C2_E711_V0247,An animal engaged in any activity other than foraging.
S3_C2_F934_V0508,An animal engaged in any activity other than foraging.
S3_C2_E712_V0249,An animal engaged in any activity other than foraging.
S3_C2_E757_V0394,An animal engaged in any activity other than foraging.
S3_C2_E707_V0236,An animal engaged in any activity other than foraging.
S3_C2_E554_V0100,An animal engaged in any activity other than foraging.
S3_C2_E706_V0231,An animal engaged in any activity other than foraging.
S3_C2_E476_V0071,An animal engaged in any activity other than foraging.
S3_C2_E419_V0037,An animal engaged in any activity other than foraging.
S3_C2_E706_V0222,An animal engaged in any activity other than foraging.
S3_C2_E476_V0076,An animal engaged in any activity other than foraging.
S3_C2_E545_V0098,An animal engaged in any activity other than foraging.
S3_C2_E706_V0207,An animal engaged in any activity other than foraging.
S3_C2_E593_V0114,An animal engaged in any activity other than foraging.
S3_C2_E706_V0211,An animal engaged in any activity other than foraging.
S3_C2_E419_V0033,An animal engaged in any activity other than foraging.
S3_C2_E750_V0381,An animal engaged in any activity other than foraging.
S3_C2_E707_V0234,An animal engaged in any activity other than foraging.
S3_C2_E778_V0465,An animal engaged in any activity other than foraging.
S3_C2_E763_V0415,An animal engaged in any activity other than foraging.
S3_C2_E684_V0170,An animal engaged in any activity other than foraging.
S3_C2_E704_V0193,An animal engaged in any activity other than foraging.
S3_C2_E809_V0558,An animal engaged in any activity other than foraging.
S3_C2_E799_V0535,An animal engaged in any activity other than foraging.
S3_C2_E782_V0476,An animal engaged in any activity other than foraging.
S3_C2_E706_V0216,An animal engaged in any activity other than foraging.
S3_C2_E707_V0235,An animal engaged in any activity other than foraging.
S3_C2_E581_V0107,An animal engaged in any activity other than foraging.
S3_C2_E642_V0146,An animal engaged in any activity other than foraging.
S3_C2_E466_V0070,An animal engaged in any activity other than foraging.
S3_C2_E418_V0031,An animal engaged in any activity other than foraging.
S3_C2_E786_V0504,An animal engaged in any activity other than foraging.
S3_C2_E437_V0049,An animal engaged in any activity other than foraging.
S3_C2_E706_V0220,An animal engaged in any activity other than foraging.
S3_C2_E706_V0209,An animal engaged in any activity other than foraging.
S3_C2_E706_V0199,An animal engaged in any activity other than foraging.
S3_C2_E726_V0311,An animal engaged in any activity other than foraging.
S3_C2_E751_V0385,An animal engaged in any activity other than foraging.
S3_C2_E706_V0204,An animal engaged in any activity other than foraging.
S3_C2_E743_V0362,An animal engaged in any activity other than foraging.
S3_C2_E706_V0218,An animal engaged in any activity other than foraging.
S3_C2_F856_V0173,An animal engaged in any activity other than foraging.
S3_C2_E731_V0325,An animal engaged in any activity other than foraging.
S3_C2_E462_V0067,An animal engaged in any activity other than foraging.
S3_C2_E460_V0066,An animal engaged in any activity other than foraging.
S3_C2_E738_V0356,An animal engaged in any activity other than foraging.
S3_C2_E751_V0383,An animal engaged in any activity other than foraging.
S3_C2_E686_V0175,An animal engaged in any activity other than foraging.
S3_C2_E462_V0068,An animal engaged in any activity other than foraging.
S3_C2_E444_V0054,An animal engaged in any activity other than foraging.
S3_C2_E685_V0173,An animal engaged in any activity other than foraging.
S3_C2_E709_V0242,An animal engaged in any activity other than foraging.
S3_C2_E778_V0464,An animal engaged in any activity other than foraging.
S3_C2_E800_V0536,An animal engaged in any activity other than foraging.
S3_C2_E782_V0482,An animal engaged in any activity other than foraging.
S3_C2_F901_V0214,An animal engaged in any activity other than foraging.
S3_C2_E706_V0201,An animal engaged in any activity other than foraging.
S3_C2_E730_V0322,An animal engaged in any activity other than foraging.
S3_C2_E706_V0212,An animal engaged in any activity other than foraging.
S3_C2_E582_V0113,An animal engaged in any activity other than foraging.
S3_C2_E803_V0541,An animal engaged in any activity other than foraging.
S3_C2_E786_V0500,An animal engaged in any activity other than foraging.
S3_C2_E762_V0413,An animal engaged in any activity other than foraging.
S3_C2_E460_V0063,An animal engaged in any activity other than foraging.
S3_C2_F921_V0436,An animal engaged in any activity other than foraging.
S3_C2_E706_V0202,An animal engaged in any activity other than foraging.
S3_C2_E710_V0245,An animal engaged in any activity other than foraging.
S3_C2_E751_V0382,An animal engaged in any activity other than foraging.
S3_C2_E752_V0387,An animal engaged in any activity other than foraging.
S3_C2_E545_V0096,An animal engaged in any activity other than foraging.
S3_C2_E782_V0481,An animal engaged in any activity other than foraging.
S3_C2_E686_V0176,An animal engaged in any activity other than foraging.
S3_C2_E597_V0116,An animal engaged in any activity other than foraging.
S3_C2_E545_V0094,An animal engaged in any activity other than foraging.
S3_C2_E582_V0111,An animal engaged in any activity other than foraging.
S3_C2_E709_V0243,An animal engaged in any activity other than foraging.
S3_C2_E546_V0099,An animal engaged in any activity other than foraging.
S3_C2_E716_V0254,An animal engaged in any activity other than foraging.
S3_C2_E732_V0332,An animal engaged in any activity other than foraging.
S3_C2_E751_V0384,An animal engaged in any activity other than foraging.
S3_C2_E706_V0200,An animal engaged in any activity other than foraging.
S3_C2_E786_V0503,An animal engaged in any activity other than foraging.
S3_C2_E706_V0219,An animal engaged in any activity other than foraging.
S3_C2_E803_V0539,An animal engaged in any activity other than foraging.
S3_C2_E642_V0145,An animal engaged in any activity other than foraging.
S3_C2_E706_V0233,An animal engaged in any activity other than foraging.
S3_C2_E712_V0248,An animal engaged in any activity other than foraging.
S3_C2_E803_V0544,An animal engaged in any activity other than foraging.
S3_C2_E746_V0375,An animal engaged in any activity other than foraging.
S3_C2_E453_V0058,An animal engaged in any activity other than foraging.
S3_C2_E802_V0538,An animal engaged in any activity other than foraging.
S3_C2_E642_V0144,An animal engaged in any activity other than foraging.
S3_C2_E732_V0327,An animal engaged in any activity other than foraging.
S3_C2_E706_V0214,An animal engaged in any activity other than foraging.
S3_C2_E545_V0093,An animal engaged in any activity other than foraging.
S3_C2_E716_V0255,An animal engaged in any activity other than foraging.
S3_C2_E706_V0208,An animal engaged in any activity other than foraging.
S3_C2_E706_V0198,An animal engaged in any activity other than foraging.
S3_C2_E706_V0205,An animal engaged in any activity other than foraging.
S3_C2_E782_V0480,An animal engaged in any activity other than foraging.
S3_C2_E706_V0224,An animal engaged in any activity other than foraging.
S3_C2_E460_V0065,An animal engaged in any activity other than foraging.
S3_C2_E782_V0479,An animal engaged in any activity other than foraging.
S3_C2_E684_V0171,An animal engaged in any activity other than foraging.
S3_C2_E780_V0471,An animal engaged in any activity other than foraging.
S3_C2_E476_V0074,An animal engaged in any activity other than foraging.
S3_C2_E703_V0191,An animal engaged in any activity other than foraging.
S3_C2_E581_V0106,An animal engaged in any activity other than foraging.
S3_C2_E704_V0192,An animal engaged in any activity other than foraging.
S3_C2_E760_V0410,An animal engaged in any activity other than foraging.
S3_C2_E581_V0109,An animal engaged in any activity other than foraging.
S3_C2_E787_V0506,An animal engaged in any activity other than foraging.
S3_C2_F661_V0089,An animal engaged in any activity other than foraging.
S3_C2_E706_V0229,An animal engaged in any activity other than foraging.
S3_C2_E706_V0227,An animal engaged in any activity other than foraging.
S3_C2_E786_V0505,An animal engaged in any activity other than foraging.
S3_C2_E654_V0147,An animal engaged in any activity other than foraging.
S3_C2_E706_V0206,An animal engaged in any activity other than foraging.
S3_C2_E686_V0177,An animal engaged in any activity other than foraging.
S3_C2_E525_V0090,An animal engaged in any activity other than foraging.
S3_C2_E780_V0469,An animal engaged in any activity other than foraging.
S3_C2_E730_V0323,An animal engaged in any activity other than foraging.
S3_C2_E699_V0186,An animal engaged in any activity other than foraging.
S3_C2_E730_V0321,An animal engaged in any activity other than foraging.
S3_C2_E739_V0357,An animal engaged in any activity other than foraging.
S3_C2_E732_V0329,An animal engaged in any activity other than foraging.
S3_C2_E732_V0336,An animal engaged in any activity other than foraging.
S3_C2_E476_V0075,An animal engaged in any activity other than foraging.
S3_C2_E614_V0123,An animal engaged in any activity other than foraging.
S3_C2_E806_V0553,An animal engaged in any activity other than foraging.
S3_C2_E780_V0472,An animal engaged in any activity other than foraging.
S3_C2_E786_V0502,An animal engaged in any activity other than foraging.
S3_C2_E803_V0542,An animal engaged in any activity other than foraging.
S3_C2_E685_V0172,An animal engaged in any activity other than foraging.
S3_C2_E706_V0210,An animal engaged in any activity other than foraging.
S3_C2_E581_V0108,An animal engaged in any activity other than foraging.
S3_C2_E706_V0197,An animal engaged in any activity other than foraging.
S3_C2_E561_V0101,An animal engaged in any activity other than foraging.
S3_C2_E706_V0226,An animal engaged in any activity other than foraging.
S3_C2_E746_V0376,An animal engaged in any activity other than foraging.
S3_C2_E729_V0320,An animal engaged in any activity other than foraging.
S3_C2_E715_V0252,An animal engaged in any activity other than foraging.
S3_C2_F671_V0104,An animal engaged in any activity other than foraging.
S3_C2_E465_V0069,An animal engaged in any activity other than foraging.
S3_C2_E714_V0251,An animal engaged in any activity other than foraging.
S3_C2_E788_V0511,An animal engaged in any activity other than foraging.
S3_C2_E763_V0414,An animal engaged in any activity other than foraging.
S3_C2_E780_V0470,An animal engaged in any activity other than foraging.
S3_C2_E706_V0215,An animal engaged in any activity other than foraging.
S3_C2_E710_V0246,An animal engaged in any activity other than foraging.
S3_C2_E732_V0330,An animal engaged in any activity other than foraging.
S3_C2_E763_V0416,An animal engaged in any activity other than foraging.
S3_C2_E782_V0474,An animal engaged in any activity other than foraging.
S3_C2_E729_V0319,An animal engaged in any activity other than foraging.
S3_C2_F953_V0782,An animal engaged in any activity other than foraging.
S3_C2_F930_V0504,An animal engaged in any activity other than foraging.
S3_C2_E707_V0238,An animal engaged in any activity other than foraging.
S3_C2_E476_V0072,An animal engaged in any activity other than foraging.
S3_C2_E701_V0189,An animal engaged in any activity other than foraging.
S3_C2_E716_V0258,An animal engaged in any activity other than foraging.
S3_C2_E779_V0466,An animal engaged in any activity other than foraging.
S3_C2_E419_V0032,An animal engaged in any activity other than foraging.
S3_C2_E803_V0540,An animal engaged in any activity other than foraging.
S3_C2_E706_V0213,An animal engaged in any activity other than foraging.
S3_C2_E476_V0073,An animal engaged in any activity other than foraging.
S3_C2_E582_V0112,An animal engaged in any activity other than foraging.
S3_C2_E706_V0228,An animal engaged in any activity other than foraging.
S3_C2_E437_V0047,An animal engaged in any activity other than foraging.
S3_C2_E801_V0537,An animal engaged in any activity other than foraging.
S3_C2_E706_V0221,An animal engaged in any activity other than foraging.
S3_C2_E706_V0232,An animal engaged in any activity other than foraging.
S3_C2_E673_V0169,An animal engaged in any activity other than foraging.
S3_C2_E413_V0024,An animal engaged in any activity other than foraging.
S3_C2_E706_V0223,An animal engaged in any activity other than foraging.
S3_C2_E804_V0550,An animal engaged in any activity other than foraging.
S3_C2_E418_V0030,An animal engaged in any activity other than foraging.
S3_C2_E732_V0341,An animal engaged in any activity other than foraging.
S3_C2_E758_V0404,An animal engaged in any activity other than foraging.
S3_C2_E561_V0102,An animal engaged in any activity other than foraging.
S3_C2_E762_V0412,An animal engaged in any activity other than foraging.
S3_C2_E803_V0545,An animal engaged in any activity other than foraging.
S3_C2_E729_V0318,An animal engaged in any activity other than foraging.
S3_C2_F685_V0114,An animal engaged in any activity other than foraging.
S3_C2_E706_V0225,An animal engaged in any activity other than foraging.
S3_C2_E444_V0056,An animal engaged in any activity other than foraging.
S3_C2_E780_V0468,An animal engaged in any activity other than foraging.
S3_C2_E708_V0240,An animal engaged in any activity other than foraging.
S3_C2_E706_V0203,An animal engaged in any activity other than foraging.
S3_C2_E704_V0194,An animal engaged in any activity other than foraging.
S3_C2_E672_V0168,An animal engaged in any activity other than foraging.
S3_C2_F637_V0026,An animal engaged in any activity other than foraging.
S3_C2_E783_V0485,An animal engaged in any activity other than foraging.
S3_C2_E780_V0467,An animal engaged in any activity other than foraging.
S3_C2_E706_V0196,An animal engaged in any activity other than foraging.
S3_C2_E444_V0053,An animal engaged in any activity other than foraging.
S3_C2_E706_V0217,An animal engaged in any activity other than foraging.
S3_C2_E407_V0022,An animal engaged in any activity other than foraging.
S3_C2_E786_V0499,An animal engaged in any activity other than foraging.
S1_C3_E67_V0031,An animal engaged in any activity other than foraging.
S1_C3_F40_V0026,An animal engaged in any activity other than foraging.
S1_C3_E237_V0092,An animal engaged in any activity other than foraging.
S1_C3_E191_V0080,An animal engaged in any activity other than foraging.
S1_C3_E169_V0075,An animal engaged in any activity other than foraging.
S1_C3_E37_V0019,An animal engaged in any activity other than foraging.
S1_C3_E27_V0016,An animal engaged in any activity other than foraging.
S1_C3_F415_V0394,An animal engaged in any activity other than foraging.
S1_C3_E84_V0038,An animal engaged in any activity other than foraging.
S1_C3_E36_V0018,An animal engaged in any activity other than foraging.
S1_C3_E219_V0088,An animal engaged in any activity other than foraging.
S1_C3_E27_V0017,An animal engaged in any activity other than foraging.
S1_C3_F381_V0300,An animal engaged in any activity other than foraging.
S1_C3_E67_V0032,An animal engaged in any activity other than foraging.
S1_C5_F76_V0122,An animal engaged in any activity other than foraging.
S1_C5_F94_V0133,An animal engaged in any activity other than foraging.
S1_C5_F58_V0084,An animal engaged in any activity other than foraging.
S1_C5_F127_V0174,An animal engaged in any activity other than foraging.
S1_C5_F96_V0137,An animal engaged in any activity other than foraging.
S1_C5_F53_V0078,An animal engaged in any activity other than foraging.
S1_C5_F243_V0378,An animal engaged in any activity other than foraging.
S1_C5_F222_V0316,An animal engaged in any activity other than foraging.
S1_C5_F126_V0173,An animal engaged in any activity other than foraging.
S1_C5_F105_V0159,An animal engaged in any activity other than foraging.
S1_C5_F3_V0016,An animal engaged in any activity other than foraging.
S1_C5_F245_V0405,An animal engaged in any activity other than foraging.
S1_C5_F201_V0269,An animal engaged in any activity other than foraging.
S1_C5_F243_V0383,An animal engaged in any activity other than foraging.
S1_C5_F204_V0290,An animal engaged in any activity other than foraging.
S1_C5_F102_V0156,An animal engaged in any activity other than foraging.
S1_C5_F72_V0111,An animal engaged in any activity other than foraging.
S1_C5_F243_V0380,An animal engaged in any activity other than foraging.
S1_C5_F94_V0134,An animal engaged in any activity other than foraging.
S1_C5_F196_V0259,An animal engaged in any activity other than foraging.
S1_C5_F222_V0317,An animal engaged in any activity other than foraging.
S1_C5_F80_V0127,An animal engaged in any activity other than foraging.
S1_C5_F96_V0138,An animal engaged in any activity other than foraging.
S1_C5_F204_V0274,An animal engaged in any activity other than foraging.
S1_C5_F96_V0139,An animal engaged in any activity other than foraging.
S1_C5_F232_V0325,An animal engaged in any activity other than foraging.
S1_C5_F75_V0120,An animal engaged in any activity other than foraging.
S1_C5_F245_V0419,An animal engaged in any activity other than foraging.
S1_C5_F33_V0058,An animal engaged in any activity other than foraging.
S1_C5_F243_V0337,An animal engaged in any activity other than foraging.
S1_C5_F77_V0124,An animal engaged in any activity other than foraging.
S1_C5_F123_V0168,An animal engaged in any activity other than foraging.
S1_C5_F74_V0119,An animal engaged in any activity other than foraging.
S1_C5_F223_V0321,An animal engaged in any activity other than foraging.
S1_C5_F77_V0123,An animal engaged in any activity other than foraging.
S1_C5_F243_V0351,An animal engaged in any activity other than foraging.
S1_C5_F96_V0140,An animal engaged in any activity other than foraging.
S1_C5_F131_V0178,An animal engaged in any activity other than foraging.
S1_C5_F59_V0085,An animal engaged in any activity other than foraging.
S1_C5_F69_V0104,An animal engaged in any activity other than foraging.
S1_C5_F231_V0324,An animal engaged in any activity other than foraging.
S1_C5_F200_V0263,An animal engaged in any activity other than foraging.
S1_C5_F94_V0135,An animal engaged in any activity other than foraging.
S1_C5_F195_V0256,An animal engaged in any activity other than foraging.
S1_C5_F243_V0343,An animal engaged in any activity other than foraging.
S1_C5_F98_V0152,An animal engaged in any activity other than foraging.
S1_C5_F66_V0095,An animal engaged in any activity other than foraging.
S1_C5_F243_V0377,An animal engaged in any activity other than foraging.
S1_C5_F222_V0319,An animal engaged in any activity other than foraging.
S1_C5_F69_V0103,An animal engaged in any activity other than foraging.
S1_C5_F243_V0379,An animal engaged in any activity other than foraging.
S1_C5_F200_V0265,An animal engaged in any activity other than foraging.
S1_C5_F75_V0121,An animal engaged in any activity other than foraging.
S1_C5_F243_V0339,An animal engaged in any activity other than foraging.
S1_C5_F259_V0425,An animal engaged in any activity other than foraging.
S1_C5_F21_V0043,An animal engaged in any activity other than foraging.
S1_C5_F73_V0118,An animal engaged in any activity other than foraging.
S1_C5_F204_V0289,An animal engaged in any activity other than foraging.
S1_C5_F204_V0288,An animal engaged in any activity other than foraging.
S1_C5_F243_V0368,An animal engaged in any activity other than foraging.
S1_C5_F243_V0338,An animal engaged in any activity other than foraging.
S1_C5_F55_V0082,An animal engaged in any activity other than foraging.
S1_C5_F96_V0142,An animal engaged in any activity other than foraging.
S1_C5_F33_V0057,An animal engaged in any activity other than foraging.
S1_C5_F89_V0129,An animal engaged in any activity other than foraging.
S1_C5_F201_V0268,An animal engaged in any activity other than foraging.
S1_C5_F33_V0059,An animal engaged in any activity other than foraging.
S1_C1_E15_V0036,An animal engaged in any activity other than foraging.
S1_C1_E104_V0281,An animal engaged in any activity other than foraging.
S1_C1_E230_V0867,An animal engaged in any activity other than foraging.
S1_C1_E105_V0301,An animal engaged in any activity other than foraging.
S1_C1_E38_V0078,An animal engaged in any activity other than foraging.
S1_C1_E84_V0194,An animal engaged in any activity other than foraging.
S1_C1_E17_V0046,An animal engaged in any activity other than foraging.
S1_C1_E40_V0100,An animal engaged in any activity other than foraging.
S1_C1_E86_V0205,An animal engaged in any activity other than foraging.
S1_C1_E16_V0039,An animal engaged in any activity other than foraging.
S1_C1_E36_V0074,An animal engaged in any activity other than foraging.
S1_C1_E4_V0020,An animal engaged in any activity other than foraging.
S1_C1_E170_V0789,An animal engaged in any activity other than foraging.
S1_C1_F303_V0389,An animal engaged in any activity other than foraging.
S1_C1_E218_V0859,An animal engaged in any activity other than foraging.
S1_C1_E138_V0699,An animal engaged in any activity other than foraging.
S1_C1_E105_V0290,An animal engaged in any activity other than foraging.
S1_C1_E105_V0302,An animal engaged in any activity other than foraging.
S1_C1_E8_V0028,An animal engaged in any activity other than foraging.
S1_C1_E86_V0200,An animal engaged in any activity other than foraging.
S1_C1_E86_V0204,An animal engaged in any activity other than foraging.
S1_C1_E86_V0201,An animal engaged in any activity other than foraging.
S1_C1_E50_V0115,An animal engaged in any activity other than foraging.
S1_C1_E50_V0114,An animal engaged in any activity other than foraging.
S1_C1_E150_V0742,An animal engaged in any activity other than foraging.
S1_C1_E9_V0030,An animal engaged in any activity other than foraging.
S1_C1_E4_V0018,An animal engaged in any activity other than foraging.
S1_C1_E86_V0206,An animal engaged in any activity other than foraging.
S1_C1_E17_V0045,An animal engaged in any activity other than foraging.
S1_C1_E51_V0116,An animal engaged in any activity other than foraging.
S1_C1_E126_V0576,An animal engaged in any activity other than foraging.
S1_C1_E16_V0038,An animal engaged in any activity other than foraging.
S1_C1_E50_V0113,An animal engaged in any activity other than foraging.
S1_C1_E105_V0300,An animal engaged in any activity other than foraging.
S1_C1_F417_V0465,An animal engaged in any activity other than foraging.
S1_C1_E68_V0169,An animal engaged in any activity other than foraging.
S1_C1_F391_V0448,An animal engaged in any activity other than foraging.
S1_C1_E4_V0016,An animal engaged in any activity other than foraging.
S1_C1_E27_V0059,An animal engaged in any activity other than foraging.
S1_C1_E248_V0877,An animal engaged in any activity other than foraging.
S1_C1_E170_V0790,An animal engaged in any activity other than foraging.
S1_C1_E4_V0019,An animal engaged in any activity other than foraging.
S1_C1_E217_V0858,An animal engaged in any activity other than foraging.
S1_C1_E122_V0450,An animal engaged in any activity other than foraging.
S1_C1_E37_V0075,An animal engaged in any activity other than foraging.
S1_C1_E135_V0661,An animal engaged in any activity other than foraging.
S1_C1_E170_V0796,An animal engaged in any activity other than foraging.
S1_C1_E189_V0826,An animal engaged in any activity other than foraging.
S1_C1_E78_V0188,An animal engaged in any activity other than foraging.
S1_C1_E40_V0098,An animal engaged in any activity other than foraging.
S1_C1_E177_V0821,An animal engaged in any activity other than foraging.
S1_C1_E37_V0076,An animal engaged in any activity other than foraging.
S1_C1_E177_V0823,An animal engaged in any activity other than foraging.
S1_C1_F208_V0174,An animal engaged in any activity other than foraging.
S1_C1_E166_V0781,An animal engaged in any activity other than foraging.
S1_C1_E170_V0788,An animal engaged in any activity other than foraging.
S1_C1_E17_V0044,An animal engaged in any activity other than foraging.
S1_C1_E29_V0064,An animal engaged in any activity other than foraging.
S1_C1_F254_V0247,An animal engaged in any activity other than foraging.
S1_C1_E151_V0768,An animal engaged in any activity other than foraging.
S1_C1_E40_V0102,An animal engaged in any activity other than foraging.
S1_C1_E130_V0577,An animal engaged in any activity other than foraging.
S1_C1_E40_V0094,An animal engaged in any activity other than foraging.
S1_C1_E68_V0159,An animal engaged in any activity other than foraging.
S1_C1_E40_V0092,An animal engaged in any activity other than foraging.
S1_C1_E75_V0185,An animal engaged in any activity other than foraging.
S1_C1_E68_V0160,An animal engaged in any activity other than foraging.
S1_C1_F327_V0410,An animal engaged in any activity other than foraging.
S1_C1_F42_V0036,An animal engaged in any activity other than foraging.
S1_C1_E38_V0082,An animal engaged in any activity other than foraging.
S1_C1_E68_V0165,An animal engaged in any activity other than foraging.
S1_C1_E40_V0099,An animal engaged in any activity other than foraging.
S1_C1_E40_V0103,An animal engaged in any activity other than foraging.
S1_C1_E16_V0037,An animal engaged in any activity other than foraging.
S1_C1_E86_V0203,An animal engaged in any activity other than foraging.
S1_C1_E38_V0084,An animal engaged in any activity other than foraging.
S1_C1_E38_V0086,An animal engaged in any activity other than foraging.
S1_C1_E16_V0041,An animal engaged in any activity other than foraging.
S1_C1_E33_V0070,An animal engaged in any activity other than foraging.
S1_C1_E122_V0499,An animal engaged in any activity other than foraging.
S1_C1_E33_V0069,An animal engaged in any activity other than foraging.
S1_C1_F437_V0479,An animal engaged in any activity other than foraging.
S1_C1_F188_V0143,An animal engaged in any activity other than foraging.
S1_C1_E85_V0195,An animal engaged in any activity other than foraging.
S1_C1_E91_V0207,An animal engaged in any activity other than foraging.
S1_C1_E4_V0017,An animal engaged in any activity other than foraging.
S1_C1_E40_V0105,An animal engaged in any activity other than foraging.
S1_C1_E136_V0663,An animal engaged in any activity other than foraging.
S1_C1_E10_V0031,An animal engaged in any activity other than foraging.
S1_C1_E42_V0108,An animal engaged in any activity other than foraging.
S1_C1_E86_V0202,An animal engaged in any activity other than foraging.
S1_C1_E189_V0825,An animal engaged in any activity other than foraging.
S1_C1_E168_V0783,An animal engaged in any activity other than foraging.
S1_C1_E130_V0599,An animal engaged in any activity other than foraging.
S1_C1_E170_V0793,An animal engaged in any activity other than foraging.
S1_C1_E16_V0040,An animal engaged in any activity other than foraging.
S1_C1_E34_V0071,An animal engaged in any activity other than foraging.
S1_C1_E122_V0457,An animal engaged in any activity other than foraging.
S1_C1_E115_V0345,An animal engaged in any activity other than foraging.
S1_C1_E227_V0864,An animal engaged in any activity other than foraging.
S1_C1_E221_V0861,An animal engaged in any activity other than foraging.
S1_C1_E138_V0701,An animal engaged in any activity other than foraging.
S1_C1_E104_V0282,An animal engaged in any activity other than foraging.
S1_C1_E150_V0741,An animal engaged in any activity other than foraging.
S1_C1_E115_V0342,An animal engaged in any activity other than foraging.
S1_C1_E177_V0822,An animal engaged in any activity other than foraging.
S1_C1_E40_V0093,An animal engaged in any activity other than foraging.
S1_C1_E49_V0112,An animal engaged in any activity other than foraging.
S1_C1_E115_V0343,An animal engaged in any activity other than foraging.
S1_C1_E146_V0738,An animal engaged in any activity other than foraging.
S1_C1_E122_V0456,An animal engaged in any activity other than foraging.
S1_C1_E36_V0073,An animal engaged in any activity other than foraging.
S1_C1_E171_V0801,An animal engaged in any activity other than foraging.
S1_C1_E122_V0455,An animal engaged in any activity other than foraging.
S1_C1_F362_V0430,An animal engaged in any activity other than foraging.
S1_C1_F416_V0464,An animal engaged in any activity other than foraging.
S1_C1_E130_V0585,An animal engaged in any activity other than foraging.
S1_C1_E32_V0068,An animal engaged in any activity other than foraging.
S1_C1_F389_V0445,An animal engaged in any activity other than foraging.
S1_C1_E105_V0296,An animal engaged in any activity other than foraging.
S1_C1_F240_V0194,An animal engaged in any activity other than foraging.
S1_C1_E162_V0780,An animal engaged in any activity other than foraging.
S1_C4_F245_V0234,An animal engaged in any activity other than foraging.
S1_C4_F230_V0186,An animal engaged in any activity other than foraging.
S1_C4_F59_V0046,An animal engaged in any activity other than foraging.
S1_C4_F377_V0436,An animal engaged in any activity other than foraging.
S1_C4_F132_V0113,An animal engaged in any activity other than foraging.
S1_C4_F96_V0087,An animal engaged in any activity other than foraging.
S1_C4_F87_V0078,An animal engaged in any activity other than foraging.
S1_C4_F238_V0191,An animal engaged in any activity other than foraging.
S1_C4_F441_V0482,An animal engaged in any activity other than foraging.
S1_C4_F190_V0155,An animal engaged in any activity other than foraging.
S1_C4_F200_V0165,An animal engaged in any activity other than foraging.
S1_C4_F66_V0054,An animal engaged in any activity other than foraging.
S1_C4_F69_V0060,An animal engaged in any activity other than foraging.
S1_C4_F96_V0086,An animal engaged in any activity other than foraging.
S1_C4_F96_V0085,An animal engaged in any activity other than foraging.
S1_C4_F243_V0198,An animal engaged in any activity other than foraging.
S1_C4_F243_V0208,An animal engaged in any activity other than foraging.
S1_C4_F253_V0246,An animal engaged in any activity other than foraging.
S1_C4_F23_V0028,An animal engaged in any activity other than foraging.
S1_C4_F243_V0204,An animal engaged in any activity other than foraging.
S1_C4_F94_V0083,An animal engaged in any activity other than foraging.
S1_C4_F243_V0199,An animal engaged in any activity other than foraging.
S1_C4_F190_V0148,An animal engaged in any activity other than foraging.
S1_C4_F246_V0236,An animal engaged in any activity other than foraging.
S1_C4_F202_V0166,An animal engaged in any activity other than foraging.
S1_C4_F386_V0442,An animal engaged in any activity other than foraging.
S1_C4_F204_V0172,An animal engaged in any activity other than foraging.
S1_C4_F56_V0045,An animal engaged in any activity other than foraging.
S1_C4_F190_V0154,An animal engaged in any activity other than foraging.
S1_C4_F244_V0210,An animal engaged in any activity other than foraging.
S1_C4_F243_V0202,An animal engaged in any activity other than foraging.
S1_C4_F33_V0032,An animal engaged in any activity other than foraging.
S1_C4_F190_V0151,An animal engaged in any activity other than foraging.
S1_C4_F190_V0150,An animal engaged in any activity other than foraging.
S1_C4_F75_V0069,An animal engaged in any activity other than foraging.
S1_C4_F66_V0055,An animal engaged in any activity other than foraging.
S1_C4_F181_V0140,An animal engaged in any activity other than foraging.
S1_C4_F356_V0429,An animal engaged in any activity other than foraging.
S1_C4_F96_V0090,An animal engaged in any activity other than foraging.
S1_C4_F253_V0245,An animal engaged in any activity other than foraging.
S1_C4_F69_V0059,An animal engaged in any activity other than foraging.
S1_C4_F245_V0235,An animal engaged in any activity other than foraging.
S1_C4_F33_V0031,An animal engaged in any activity other than foraging.
S1_C4_F312_V0398,An animal engaged in any activity other than foraging.
S1_C4_F245_V0233,An animal engaged in any activity other than foraging.
S1_C4_F76_V0071,An animal engaged in any activity other than foraging.
S1_C4_F243_V0197,An animal engaged in any activity other than foraging.
S1_C4_F243_V0205,An animal engaged in any activity other than foraging.
S1_C4_F4_V0017,An animal engaged in any activity other than foraging.
S1_C4_F430_V0471,An animal engaged in any activity other than foraging.
S1_C4_F75_V0070,An animal engaged in any activity other than foraging.
S1_C4_F69_V0058,An animal engaged in any activity other than foraging.
S1_C4_F244_V0209,An animal engaged in any activity other than foraging.
S1_C4_F243_V0200,An animal engaged in any activity other than foraging.
S1_C4_F73_V0062,An animal engaged in any activity other than foraging.
S1_C4_F54_V0044,An animal engaged in any activity other than foraging.
S1_C4_F127_V0112,An animal engaged in any activity other than foraging.
S1_C4_F69_V0057,An animal engaged in any activity other than foraging.
S1_C4_F244_V0211,An animal engaged in any activity other than foraging.
S1_C4_F190_V0149,An animal engaged in any activity other than foraging.
S1_C6_F395_V0324,An animal engaged in any activity other than foraging.
S1_C6_F181_V0105,An animal engaged in any activity other than foraging.
S1_C6_F53_V0033,An animal engaged in any activity other than foraging.
S1_C6_F444_V0409,An animal engaged in any activity other than foraging.
S1_C6_F430_V0406,An animal engaged in any activity other than foraging.
S1_C6_F358_V0290,An animal engaged in any activity other than foraging.
S1_C6_F245_V0162,An animal engaged in any activity other than foraging.
S1_C6_F71_V0049,An animal engaged in any activity other than foraging.
S1_C6_F204_V0122,An animal engaged in any activity other than foraging.
S1_C6_F66_V0037,An animal engaged in any activity other than foraging.
S1_C6_F358_V0284,An animal engaged in any activity other than foraging.
S1_C6_F76_V0055,An animal engaged in any activity other than foraging.
S1_C6_F243_V0133,An animal engaged in any activity other than foraging.
S1_C6_F59_V0034,An animal engaged in any activity other than foraging.
S1_C6_F253_V0174,An animal engaged in any activity other than foraging.
S1_C6_F123_V0080,An animal engaged in any activity other than foraging.
S1_C6_F358_V0286,An animal engaged in any activity other than foraging.
S1_C6_F361_V0296,An animal engaged in any activity other than foraging.
S1_C6_F243_V0138,An animal engaged in any activity other than foraging.
S1_C6_F33_V0024,An animal engaged in any activity other than foraging.
S1_C6_F358_V0289,An animal engaged in any activity other than foraging.
S1_C6_F53_V0032,An animal engaged in any activity other than foraging.
S1_C6_F94_V0061,An animal engaged in any activity other than foraging.
S1_C6_F98_V0068,An animal engaged in any activity other than foraging.
S1_C6_F231_V0126,An animal engaged in any activity other than foraging.
S1_C6_F245_V0166,An animal engaged in any activity other than foraging.
S1_C6_F427_V0399,An animal engaged in any activity other than foraging.
S1_C6_F66_V0038,An animal engaged in any activity other than foraging.
S1_C6_F33_V0023,An animal engaged in any activity other than foraging.
S1_C6_F356_V0277,An animal engaged in any activity other than foraging.
S1_C6_F232_V0127,An animal engaged in any activity other than foraging.
S1_C6_F69_V0047,An animal engaged in any activity other than foraging.
S1_C6_F245_V0167,An animal engaged in any activity other than foraging.
S1_C6_F377_V0299,An animal engaged in any activity other than foraging.
S1_C6_F245_V0164,An animal engaged in any activity other than foraging.
S1_C6_F359_V0293,An animal engaged in any activity other than foraging.
S1_C6_F358_V0283,An animal engaged in any activity other than foraging.
S1_C6_F358_V0281,An animal engaged in any activity other than foraging.
S1_C6_F94_V0060,An animal engaged in any activity other than foraging.
S1_C6_F75_V0053,An animal engaged in any activity other than foraging.
S1_C6_F402_V0328,An animal engaged in any activity other than foraging.
S1_C6_F94_V0059,An animal engaged in any activity other than foraging.
S1_C6_F33_V0022,An animal engaged in any activity other than foraging.
S1_C6_F131_V0083,An animal engaged in any activity other than foraging.
S1_C6_F125_V0081,An animal engaged in any activity other than foraging.
S1_C6_F439_V0407,An animal engaged in any activity other than foraging.
S1_C6_F67_V0042,An animal engaged in any activity other than foraging.
S1_C6_F200_V0115,An animal engaged in any activity other than foraging.
S1_C6_F89_V0058,An animal engaged in any activity other than foraging.
S1_C6_F202_V0118,An animal engaged in any activity other than foraging.
S1_C6_F441_V0408,An animal engaged in any activity other than foraging.
S1_C6_F96_V0062,An animal engaged in any activity other than foraging.
S1_C6_F200_V0114,An animal engaged in any activity other than foraging.
S1_C6_F398_V0325,An animal engaged in any activity other than foraging.
S1_C6_F190_V0106,An animal engaged in any activity other than foraging.
S1_C6_F202_V0119,An animal engaged in any activity other than foraging.
S1_C6_F243_V0142,An animal engaged in any activity other than foraging.
S1_C6_F245_V0165,An animal engaged in any activity other than foraging.
S1_C6_F253_V0173,An animal engaged in any activity other than foraging.
S1_C6_F360_V0294,An animal engaged in any activity other than foraging.
S1_C6_F243_V0143,An animal engaged in any activity other than foraging.
S1_C6_F43_V0029,An animal engaged in any activity other than foraging.
S1_C6_F4_V0018,An animal engaged in any activity other than foraging.
S1_C6_F358_V0282,An animal engaged in any activity other than foraging.
S1_C6_F65_V0035,An animal engaged in any activity other than foraging.
S1_C6_F66_V0036,An animal engaged in any activity other than foraging.
S1_C6_F105_V0069,An animal engaged in any activity other than foraging.
S1_C6_F200_V0116,An animal engaged in any activity other than foraging.
S1_C6_F357_V0279,An animal engaged in any activity other than foraging.
S1_C6_F190_V0107,An animal engaged in any activity other than foraging.
S1_C6_F238_V0128,An animal engaged in any activity other than foraging.
S1_C6_F69_V0048,An animal engaged in any activity other than foraging.
S1_C6_F245_V0148,An animal engaged in any activity other than foraging.
S1_C6_F243_V0135,An animal engaged in any activity other than foraging.
S1_C6_F243_V0144,An animal engaged in any activity other than foraging.
S1_C6_F326_V0263,An animal engaged in any activity other than foraging.
S1_C6_F69_V0046,An animal engaged in any activity other than foraging.
S1_C6_F75_V0054,An animal engaged in any activity other than foraging.
S1_C6_F127_V0082,An animal engaged in any activity other than foraging.
S1_C6_F386_V0301,An animal engaged in any activity other than foraging.
S1_C6_F23_V0021,An animal engaged in any activity other than foraging.
S1_C2_E150_V0348,An animal engaged in any activity other than foraging.
S1_C2_E36_V0046,An animal engaged in any activity other than foraging.
S1_C2_E123_V0271,An animal engaged in any activity other than foraging.
S1_C2_E179_V0409,An animal engaged in any activity other than foraging.
S1_C2_E150_V0349,An animal engaged in any activity other than foraging.
S1_C2_E151_V0376,An animal engaged in any activity other than foraging.
S1_C2_F191_V0252,An animal engaged in any activity other than foraging.
S1_C2_E189_V0424,An animal engaged in any activity other than foraging.
S1_C2_F31_V0055,An animal engaged in any activity other than foraging.
S1_C2_E38_V0053,An animal engaged in any activity other than foraging.
S1_C2_E191_V0428,An animal engaged in any activity other than foraging.
S1_C2_E145_V0337,An animal engaged in any activity other than foraging.
S1_C2_E40_V0064,An animal engaged in any activity other than foraging.
S1_C2_E105_V0148,An animal engaged in any activity other than foraging.
S1_C2_E17_V0032,An animal engaged in any activity other than foraging.
S1_C2_E145_V0336,An animal engaged in any activity other than foraging.
S1_C2_F372_V0475,An animal engaged in any activity other than foraging.
S1_C2_E38_V0049,An animal engaged in any activity other than foraging.
S1_C2_E40_V0065,An animal engaged in any activity other than foraging.
S1_C2_E27_V0038,An animal engaged in any activity other than foraging.
S1_C2_E123_V0273,An animal engaged in any activity other than foraging.
S1_C2_E115_V0164,An animal engaged in any activity other than foraging.
S1_C2_E17_V0031,An animal engaged in any activity other than foraging.
S1_C2_E123_V0268,An animal engaged in any activity other than foraging.
S1_C2_E49_V0075,An animal engaged in any activity other than foraging.
S1_C2_E38_V0051,An animal engaged in any activity other than foraging.
S1_C2_E40_V0062,An animal engaged in any activity other than foraging.
S1_C2_E175_V0404,An animal engaged in any activity other than foraging.
S1_C2_E170_V0395,An animal engaged in any activity other than foraging.
S1_C2_E8_V0021,An animal engaged in any activity other than foraging.
S1_C2_E150_V0366,An animal engaged in any activity other than foraging.
S1_C2_E155_V0388,An animal engaged in any activity other than foraging.
S1_C2_E170_V0396,An animal engaged in any activity other than foraging.
S1_C2_E115_V0168,An animal engaged in any activity other than foraging.
S1_C2_E131_V0295,An animal engaged in any activity other than foraging.
S1_C2_E145_V0339,An animal engaged in any activity other than foraging.
S1_C2_F367_V0470,An animal engaged in any activity other than foraging.
S1_C2_E150_V0347,An animal engaged in any activity other than foraging.
S1_C2_E170_V0394,An animal engaged in any activity other than foraging.
S1_C2_E237_V0532,An animal engaged in any activity other than foraging.
S1_C2_E42_V0072,An animal engaged in any activity other than foraging.
S1_C2_E155_V0389,An animal engaged in any activity other than foraging.
S1_C2_E109_V0161,An animal engaged in any activity other than foraging.
S1_C2_E55_V0080,An animal engaged in any activity other than foraging.
S1_C2_E130_V0284,An animal engaged in any activity other than foraging.
S1_C2_E150_V0352,An animal engaged in any activity other than foraging.
S1_C2_E30_V0041,An animal engaged in any activity other than foraging.
S1_C2_E50_V0077,An animal engaged in any activity other than foraging.
S1_C2_E8_V0025,An animal engaged in any activity other than foraging.
S1_C2_E33_V0042,An animal engaged in any activity other than foraging.
S1_C2_E181_V0416,An animal engaged in any activity other than foraging.
S1_C2_E25_V0036,An animal engaged in any activity other than foraging.
S1_C2_E38_V0056,An animal engaged in any activity other than foraging.
S1_C2_E130_V0283,An animal engaged in any activity other than foraging.
S1_C2_E105_V0146,An animal engaged in any activity other than foraging.
S1_C2_E38_V0048,An animal engaged in any activity other than foraging.
S1_C2_E16_V0028,An animal engaged in any activity other than foraging.
S1_C2_F185_V0237,An animal engaged in any activity other than foraging.
S1_C2_E8_V0024,An animal engaged in any activity other than foraging.
S1_C2_E175_V0403,An animal engaged in any activity other than foraging.
S1_C2_E181_V0415,An animal engaged in any activity other than foraging.
S1_C2_E40_V0066,An animal engaged in any activity other than foraging.
S1_C2_F212_V0307,An animal engaged in any activity other than foraging.
S1_C2_E238_V0533,An animal engaged in any activity other than foraging.
S1_C2_E50_V0076,An animal engaged in any activity other than foraging.
S1_C2_F17_V0031,An animal engaged in any activity other than foraging.
S1_C2_E154_V0385,An animal engaged in any activity other than foraging.
S1_C2_E37_V0047,An animal engaged in any activity other than foraging.
S1_C2_E130_V0282,An animal engaged in any activity other than foraging.
S1_C2_E169_V0393,An animal engaged in any activity other than foraging.
S1_C2_F370_V0473,An animal engaged in any activity other than foraging.
S1_C2_E174_V0402,An animal engaged in any activity other than foraging.
S1_C2_F50_V0075,An animal engaged in any activity other than foraging.
S1_C2_E243_V0542,An animal engaged in any activity other than foraging.
S1_C2_E40_V0070,An animal engaged in any activity other than foraging.
S1_C2_E243_V0543,An animal engaged in any activity other than foraging.
S1_C2_E16_V0029,An animal engaged in any activity other than foraging.
S1_C2_E105_V0149,An animal engaged in any activity other than foraging.
S1_C2_E84_V0093,An animal engaged in any activity other than foraging.
S1_C2_E173_V0401,An animal engaged in any activity other than foraging.
S1_C2_E123_V0267,An animal engaged in any activity other than foraging.
S1_C2_E27_V0037,An animal engaged in any activity other than foraging.
S1_C2_E177_V0408,An animal engaged in any activity other than foraging.
S1_C2_E238_V0534,An animal engaged in any activity other than foraging.
S1_C2_F355_V0468,An animal engaged in any activity other than foraging.
S1_C2_E219_V0519,An animal engaged in any activity other than foraging.
S1_C2_E115_V0169,An animal engaged in any activity other than foraging.
S1_C2_E150_V0367,An animal engaged in any activity other than foraging.
S1_C2_E150_V0365,An animal engaged in any activity other than foraging.
S1_C2_E189_V0425,An animal engaged in any activity other than foraging.
S1_C2_E115_V0167,An animal engaged in any activity other than foraging.
S1_C2_E38_V0057,An animal engaged in any activity other than foraging.
S1_C2_E146_V0345,An animal engaged in any activity other than foraging.
S1_C2_E40_V0068,An animal engaged in any activity other than foraging.
S1_C2_F211_V0306,An animal engaged in any activity other than foraging.
S1_C2_E150_V0355,An animal engaged in any activity other than foraging.
S1_C2_E17_V0030,An animal engaged in any activity other than foraging.
S1_C2_E39_V0061,An animal engaged in any activity other than foraging.
S1_C2_E38_V0055,An animal engaged in any activity other than foraging.
S1_C2_E16_V0027,An animal engaged in any activity other than foraging.
S1_C2_E190_V0426,An animal engaged in any activity other than foraging.
S1_C2_F24_V0046,An animal engaged in any activity other than foraging.
S1_C2_E170_V0397,An animal engaged in any activity other than foraging.
S1_C2_E53_V0079,An animal engaged in any activity other than foraging.
S1_C2_E115_V0165,An animal engaged in any activity other than foraging.
S1_C2_E33_V0043,An animal engaged in any activity other than foraging.
S1_C2_E150_V0350,An animal engaged in any activity other than foraging.
S1_C2_E15_V0026,An animal engaged in any activity other than foraging.
S1_C2_E182_V0418,An animal engaged in any activity other than foraging.
S1_C2_E40_V0069,An animal engaged in any activity other than foraging.
S1_C2_E34_V0044,An animal engaged in any activity other than foraging.
S1_C2_E150_V0353,An animal engaged in any activity other than foraging.
S1_C2_E29_V0040,An animal engaged in any activity other than foraging.
S1_C2_E104_V0120,An animal engaged in any activity other than foraging.
S1_C2_E150_V0357,An animal engaged in any activity other than foraging.
S1_C2_E191_V0427,An animal engaged in any activity other than foraging.
S1_C2_E28_V0039,An animal engaged in any activity other than foraging.
S1_C2_E104_V0119,An animal engaged in any activity other than foraging.
S1_C2_E136_V0312,An animal engaged in any activity other than foraging.
S2_C3_E270_V0026,An animal engaged in any activity other than foraging.
S2_C3_F485_V0057,An animal engaged in any activity other than foraging.
S2_C3_F613_V0146,An animal engaged in any activity other than foraging.
S2_C3_E265_V0020,An animal engaged in any activity other than foraging.
S2_C3_E308_V0079,An animal engaged in any activity other than foraging.
S2_C3_E306_V0074,An animal engaged in any activity other than foraging.
S2_C3_F590_V0131,An animal engaged in any activity other than foraging.
S2_C3_E344_V0109,An animal engaged in any activity other than foraging.
S2_C3_E264_V0019,An animal engaged in any activity other than foraging.
S2_C3_E393_V0129,An animal engaged in any activity other than foraging.
S2_C3_F600_V0138,An animal engaged in any activity other than foraging.
S2_C3_F483_V0054,An animal engaged in any activity other than foraging.
S2_C3_F467_V0038,An animal engaged in any activity other than foraging.
S2_C3_E280_V0040,An animal engaged in any activity other than foraging.
S2_C3_F476_V0046,An animal engaged in any activity other than foraging.
S2_C3_E300_V0067,An animal engaged in any activity other than foraging.
S2_C3_F570_V0118,An animal engaged in any activity other than foraging.
S2_C3_F563_V0113,An animal engaged in any activity other than foraging.
S2_C3_F613_V0147,An animal engaged in any activity other than foraging.
S2_C3_E394_V0130,An animal engaged in any activity other than foraging.
S2_C3_F479_V0048,An animal engaged in any activity other than foraging.
S2_C3_F459_V0032,An animal engaged in any activity other than foraging.
S2_C3_E394_V0131,An animal engaged in any activity other than foraging.
S2_C3_E308_V0080,An animal engaged in any activity other than foraging.
S2_C3_E313_V0086,An animal engaged in any activity other than foraging.
S2_C3_E344_V0108,An animal engaged in any activity other than foraging.
S2_C3_F447_V0007,An animal engaged in any activity other than foraging.
S2_C3_F472_V0042,An animal engaged in any activity other than foraging.
S2_C3_F555_V0106,An animal engaged in any activity other than foraging.
S2_C3_F602_V0140,An animal engaged in any activity other than foraging.
S2_C3_E367_V0118,An animal engaged in any activity other than foraging.
S2_C3_E365_V0116,An animal engaged in any activity other than foraging.
S2_C3_F506_V0079,An animal engaged in any activity other than foraging.
S2_C3_F499_V0075,An animal engaged in any activity other than foraging.
S2_C3_F468_V0040,An animal engaged in any activity other than foraging.
S2_C3_F612_V0144,An animal engaged in any activity other than foraging.
S2_C3_E312_V0085,An animal engaged in any activity other than foraging.
S2_C3_E280_V0042,An animal engaged in any activity other than foraging.
S2_C3_E343_V0107,An animal engaged in any activity other than foraging.
S2_C3_E327_V0095,An animal engaged in any activity other than foraging.
S2_C3_F488_V0060,An animal engaged in any activity other than foraging.
S2_C3_E268_V0025,An animal engaged in any activity other than foraging.
S2_C3_F601_V0139,An animal engaged in any activity other than foraging.
S2_C3_E304_V0070,An animal engaged in any activity other than foraging.
S2_C3_F594_V0133,An animal engaged in any activity other than foraging.
S2_C3_F625_V0155,An animal engaged in any activity other than foraging.
S2_C3_E263_V0018,An animal engaged in any activity other than foraging.
S2_C3_F502_V0076,An animal engaged in any activity other than foraging.
S2_C3_E277_V0038,An animal engaged in any activity other than foraging.
S2_C3_E365_V0115,An animal engaged in any activity other than foraging.
S2_C3_F560_V0112,An animal engaged in any activity other than foraging.
S2_C3_E308_V0081,An animal engaged in any activity other than foraging.
S2_C3_F480_V0050,An animal engaged in any activity other than foraging.
S2_C3_E280_V0044,An animal engaged in any activity other than foraging.
S2_C3_E311_V0084,An animal engaged in any activity other than foraging.
S2_C3_F620_V0150,An animal engaged in any activity other than foraging.
S2_C3_F483_V0053,An animal engaged in any activity other than foraging.
S2_C3_E308_V0078,An animal engaged in any activity other than foraging.
S2_C3_E280_V0046,An animal engaged in any activity other than foraging.
S2_C3_F618_V0149,An animal engaged in any activity other than foraging.
S2_C3_F602_V0141,An animal engaged in any activity other than foraging.
S2_C3_F614_V0148,An animal engaged in any activity other than foraging.
S2_C3_E308_V0083,An animal engaged in any activity other than foraging.
S2_C3_F489_V0064,An animal engaged in any activity other than foraging.
S2_C3_F613_V0145,An animal engaged in any activity other than foraging.
S2_C3_F582_V0124,An animal engaged in any activity other than foraging.
S2_C3_E306_V0072,An animal engaged in any activity other than foraging.
S2_C3_E281_V0047,An animal engaged in any activity other than foraging.
S2_C3_E280_V0045,An animal engaged in any activity other than foraging.
S2_C3_F563_V0114,An animal engaged in any activity other than foraging.
S2_C3_F516_V0087,An animal engaged in any activity other than foraging.
S2_C3_E301_V0069,An animal engaged in any activity other than foraging.
S2_C3_F454_V0028,An animal engaged in any activity other than foraging.
S2_C3_E270_V0029,An animal engaged in any activity other than foraging.
S2_C3_E340_V0104,An animal engaged in any activity other than foraging.
S2_C3_F473_V0043,An animal engaged in any activity other than foraging.
S2_C3_E333_V0098,An animal engaged in any activity other than foraging.
S2_C3_F587_V0129,An animal engaged in any activity other than foraging.
S2_C3_E280_V0043,An animal engaged in any activity other than foraging.
S2_C3_E280_V0041,An animal engaged in any activity other than foraging.
S2_C3_E305_V0071,An animal engaged in any activity other than foraging.
S2_C3_F479_V0049,An animal engaged in any activity other than foraging.
S2_C3_F540_V0098,An animal engaged in any activity other than foraging.
S2_C3_E347_V0110,An animal engaged in any activity other than foraging.
S2_C3_E339_V0102,An animal engaged in any activity other than foraging.
S2_C3_E366_V0117,An animal engaged in any activity other than foraging.
S2_C3_F486_V0058,An animal engaged in any activity other than foraging.
S2_C3_F446_V0006,An animal engaged in any activity other than foraging.
S2_C3_F489_V0063,An animal engaged in any activity other than foraging.
S2_C3_F559_V0111,An animal engaged in any activity other than foraging.
S2_C3_F544_V0100,An animal engaged in any activity other than foraging.
S2_C3_E270_V0028,An animal engaged in any activity other than foraging.
S2_C3_F467_V0037,An animal engaged in any activity other than foraging.
S2_C3_F499_V0074,An animal engaged in any activity other than foraging.
S2_C3_E300_V0068,An animal engaged in any activity other than foraging.
S2_C3_E270_V0027,An animal engaged in any activity other than foraging.
S2_C3_E324_V0092,An animal engaged in any activity other than foraging.
S2_C3_E341_V0105,An animal engaged in any activity other than foraging.
S2_C3_F449_V0010,An animal engaged in any activity other than foraging.
S2_C3_E308_V0082,An animal engaged in any activity other than foraging.
S2_C1_E339_V0081,An animal engaged in any activity other than foraging.
S2_C1_F467_V0022,An animal engaged in any activity other than foraging.
S2_C1_F614_V0121,An animal engaged in any activity other than foraging.
S2_C1_E307_V0054,An animal engaged in any activity other than foraging.
S2_C1_E305_V0051,An animal engaged in any activity other than foraging.
S2_C1_F555_V0080,An animal engaged in any activity other than foraging.
S2_C1_E394_V0117,An animal engaged in any activity other than foraging.
S2_C1_E301_V0049,An animal engaged in any activity other than foraging.
S2_C1_F500_V0046,An animal engaged in any activity other than foraging.
S2_C1_F560_V0083,An animal engaged in any activity other than foraging.
S2_C1_E390_V0114,An animal engaged in any activity other than foraging.
S2_C1_F613_V0119,An animal engaged in any activity other than foraging.
S2_C1_E388_V0113,An animal engaged in any activity other than foraging.
S2_C1_E300_V0047,An animal engaged in any activity other than foraging.
S2_C1_E300_V0048,An animal engaged in any activity other than foraging.
S2_C1_F480_V0035,An animal engaged in any activity other than foraging.
S2_C1_E304_V0050,An animal engaged in any activity other than foraging.
S2_C1_E308_V0056,An animal engaged in any activity other than foraging.
S2_C1_E260_V0020,An animal engaged in any activity other than foraging.
S2_C1_E361_V0097,An animal engaged in any activity other than foraging.
S2_C1_F471_V0028,An animal engaged in any activity other than foraging.
S2_C1_F479_V0031,An animal engaged in any activity other than foraging.
S2_C1_F467_V0024,An animal engaged in any activity other than foraging.
S2_C1_E365_V0100,An animal engaged in any activity other than foraging.
S2_C1_F488_V0038,An animal engaged in any activity other than foraging.
S2_C1_E280_V0037,An animal engaged in any activity other than foraging.
S2_C1_F617_V0124,An animal engaged in any activity other than foraging.
S2_C1_E378_V0109,An animal engaged in any activity other than foraging.
S2_C1_E368_V0103,An animal engaged in any activity other than foraging.
S2_C1_F540_V0071,An animal engaged in any activity other than foraging.
S2_C1_F557_V0081,An animal engaged in any activity other than foraging.
S2_C1_F570_V0092,An animal engaged in any activity other than foraging.
S2_C1_F612_V0118,An animal engaged in any activity other than foraging.
S2_C1_F516_V0058,An animal engaged in any activity other than foraging.
S2_C1_F479_V0033,An animal engaged in any activity other than foraging.
S2_C1_E274_V0033,An animal engaged in any activity other than foraging.
S2_C1_F619_V0125,An animal engaged in any activity other than foraging.
S2_C1_E366_V0101,An animal engaged in any activity other than foraging.
S2_C1_E306_V0052,An animal engaged in any activity other than foraging.
S2_C1_E393_V0116,An animal engaged in any activity other than foraging.
S2_C1_E308_V0060,An animal engaged in any activity other than foraging.
S2_C1_F469_V0027,An animal engaged in any activity other than foraging.
S2_C1_F449_V0013,An animal engaged in any activity other than foraging.
S2_C1_E308_V0058,An animal engaged in any activity other than foraging.
S2_C1_E260_V0021,An animal engaged in any activity other than foraging.
S2_C1_E265_V0026,An animal engaged in any activity other than foraging.
S2_C1_F489_V0039,An animal engaged in any activity other than foraging.
S2_C1_F467_V0023,An animal engaged in any activity other than foraging.
S2_C1_F483_V0037,An animal engaged in any activity other than foraging.
S2_C1_E341_V0082,An animal engaged in any activity other than foraging.
S2_C1_F613_V0120,An animal engaged in any activity other than foraging.
S2_C1_E270_V0032,An animal engaged in any activity other than foraging.
S2_C1_F479_V0032,An animal engaged in any activity other than foraging.
S2_C1_E265_V0027,An animal engaged in any activity other than foraging.
S2_C1_F575_V0095,An animal engaged in any activity other than foraging.
S2_C1_F449_V0012,An animal engaged in any activity other than foraging.
S2_C1_E265_V0025,An animal engaged in any activity other than foraging.
S2_C1_F499_V0043,An animal engaged in any activity other than foraging.
S2_C1_E306_V0053,An animal engaged in any activity other than foraging.
S2_C1_F506_V0051,An animal engaged in any activity other than foraging.
S2_C1_F481_V0036,An animal engaged in any activity other than foraging.
S2_C1_E280_V0036,An animal engaged in any activity other than foraging.
S2_C1_F602_V0109,An animal engaged in any activity other than foraging.
S2_C1_E308_V0057,An animal engaged in any activity other than foraging.
S2_C1_F506_V0050,An animal engaged in any activity other than foraging.
S2_C1_E308_V0059,An animal engaged in any activity other than foraging.
S2_C1_F625_V0128,An animal engaged in any activity other than foraging.
S2_C1_E339_V0080,An animal engaged in any activity other than foraging.
S2_C1_E281_V0038,An animal engaged in any activity other than foraging.
S2_C1_F467_V0025,An animal engaged in any activity other than foraging.
S2_C1_E321_V0067,An animal engaged in any activity other than foraging.
S2_C2_E305_V0056,An animal engaged in any activity other than foraging.
S2_C2_F463_V0026,An animal engaged in any activity other than foraging.
S2_C2_F483_V0040,An animal engaged in any activity other than foraging.
S2_C2_F502_V0052,An animal engaged in any activity other than foraging.
S2_C2_F540_V0069,An animal engaged in any activity other than foraging.
S2_C2_E307_V0059,An animal engaged in any activity other than foraging.
S2_C2_E365_V0110,An animal engaged in any activity other than foraging.
S2_C2_E280_V0036,An animal engaged in any activity other than foraging.
S2_C2_F479_V0035,An animal engaged in any activity other than foraging.
S2_C2_E270_V0031,An animal engaged in any activity other than foraging.
S2_C2_F618_V0112,An animal engaged in any activity other than foraging.
S2_C2_E390_V0132,An animal engaged in any activity other than foraging.
S2_C2_E306_V0057,An animal engaged in any activity other than foraging.
S2_C2_E270_V0027,An animal engaged in any activity other than foraging.
S2_C2_F620_V0113,An animal engaged in any activity other than foraging.
S2_C2_F489_V0046,An animal engaged in any activity other than foraging.
S2_C2_F488_V0043,An animal engaged in any activity other than foraging.
S2_C2_E313_V0065,An animal engaged in any activity other than foraging.
S2_C2_F489_V0045,An animal engaged in any activity other than foraging.
S2_C2_F613_V0109,An animal engaged in any activity other than foraging.
S2_C2_E366_V0111,An animal engaged in any activity other than foraging.
S2_C2_E281_V0038,An animal engaged in any activity other than foraging.
S2_C2_F516_V0058,An animal engaged in any activity other than foraging.
S2_C2_E368_V0113,An animal engaged in any activity other than foraging.
S2_C2_E280_V0034,An animal engaged in any activity other than foraging.
S2_C2_F499_V0051,An animal engaged in any activity other than foraging.
S2_C2_F506_V0055,An animal engaged in any activity other than foraging.
S2_C2_E367_V0112,An animal engaged in any activity other than foraging.
S2_C2_F449_V0018,An animal engaged in any activity other than foraging.
S2_C2_E280_V0035,An animal engaged in any activity other than foraging.
S2_C2_E308_V0061,An animal engaged in any activity other than foraging.
S2_C2_E318_V0068,An animal engaged in any activity other than foraging.
S2_C2_E306_V0058,An animal engaged in any activity other than foraging.
S2_C2_E343_V0087,An animal engaged in any activity other than foraging.
S2_C2_F590_V0097,An animal engaged in any activity other than foraging.
S2_C2_E341_V0086,An animal engaged in any activity other than foraging.
S2_C2_E312_V0064,An animal engaged in any activity other than foraging.
S2_C2_F480_V0037,An animal engaged in any activity other than foraging.
S2_C2_E393_V0134,An animal engaged in any activity other than foraging.
S2_C2_E378_V0121,An animal engaged in any activity other than foraging.
S2_C2_F614_V0111,An animal engaged in any activity other than foraging.
S2_C2_F488_V0044,An animal engaged in any activity other than foraging.
S2_C2_E270_V0029,An animal engaged in any activity other than foraging.
S2_C2_E280_V0033,An animal engaged in any activity other than foraging.
S2_C2_E300_V0050,An animal engaged in any activity other than foraging.
S2_C2_F602_V0103,An animal engaged in any activity other than foraging.
S2_C2_F447_V0017,An animal engaged in any activity other than foraging.
S2_C2_E265_V0024,An animal engaged in any activity other than foraging.
S2_C2_F564_V0081,An animal engaged in any activity other than foraging.
S2_C2_F499_V0050,An animal engaged in any activity other than foraging.
S2_C2_E301_V0052,An animal engaged in any activity other than foraging.
S2_C2_F446_V0016,An animal engaged in any activity other than foraging.
S2_C2_E280_V0037,An animal engaged in any activity other than foraging.
S2_C2_F587_V0093,An animal engaged in any activity other than foraging.
S2_C2_F582_V0091,An animal engaged in any activity other than foraging.
S2_C2_F601_V0102,An animal engaged in any activity other than foraging.
S2_C2_E339_V0084,An animal engaged in any activity other than foraging.
S2_C2_F506_V0054,An animal engaged in any activity other than foraging.
S2_C2_E394_V0135,An animal engaged in any activity other than foraging.
S2_C2_F558_V0076,An animal engaged in any activity other than foraging.
S2_C2_F625_V0115,An animal engaged in any activity other than foraging.
S2_C2_E365_V0109,An animal engaged in any activity other than foraging.
S2_C2_F467_V0029,An animal engaged in any activity other than foraging.
S2_C2_E270_V0030,An animal engaged in any activity other than foraging.
S2_C2_F467_V0028,An animal engaged in any activity other than foraging.
S2_C2_F612_V0108,An animal engaged in any activity other than foraging.
S2_C2_F507_V0056,An animal engaged in any activity other than foraging.
S2_C2_F479_V0036,An animal engaged in any activity other than foraging.
S2_C2_E304_V0055,An animal engaged in any activity other than foraging.
S2_C2_F469_V0031,An animal engaged in any activity other than foraging.
S2_C2_F472_V0033,An animal engaged in any activity other than foraging.
S2_C2_E347_V0092,An animal engaged in any activity other than foraging.
S2_C2_F468_V0030,An animal engaged in any activity other than foraging.
S2_C2_E339_V0085,An animal engaged in any activity other than foraging.
S2_C2_F575_V0088,An animal engaged in any activity other than foraging.
S2_C2_E377_V0120,An animal engaged in any activity other than foraging.
S3_C5_F631_V0019,An animal that is neither a red deer nor a roe deer.
S3_C4_F631_V0020,An animal that is neither a red deer nor a roe deer.
S1_C5_F58_V0084,An animal that is neither a red deer nor a roe deer.
S1_C5_F97_V0151,An animal that is neither a red deer nor a roe deer.
S1_C5_F78_V0125,An animal that is neither a red deer nor a roe deer.
S1_C5_F23_V0045,An animal that is neither a red deer nor a roe deer.
S1_C5_F57_V0083,An animal that is neither a red deer nor a roe deer.
S1_C5_F80_V0127,An animal that is neither a red deer nor a roe deer.
S1_C5_F77_V0123,An animal that is neither a red deer nor a roe deer.
S1_C5_F70_V0106,An animal that is neither a red deer nor a roe deer.
S1_C5_F97_V0149,An animal that is neither a red deer nor a roe deer.
S1_C5_F65_V0092,An animal that is neither a red deer nor a roe deer.
S1_C5_F195_V0256,An animal that is neither a red deer nor a roe deer.
S1_C5_F97_V0150,An animal that is neither a red deer nor a roe deer.
S1_C5_F224_V0322,An animal that is neither a red deer nor a roe deer.
S1_C5_F55_V0082,An animal that is neither a red deer nor a roe deer.
S1_C1_E51_V0116,An animal that is neither a red deer nor a roe deer.
S1_C4_F230_V0186,An animal that is neither a red deer nor a roe deer.
S1_C4_F23_V0028,An animal that is neither a red deer nor a roe deer.
S1_C6_F97_V0067,An animal that is neither a red deer nor a roe deer.
S1_C6_F65_V0035,An animal that is neither a red deer nor a roe deer.
S1_C6_F23_V0021,An animal that is neither a red deer nor a roe deer.
S2_C3_F485_V0057,An animal that is neither a red deer nor a roe deer.
S2_C3_F474_V0044,An animal that is neither a red deer nor a roe deer.
S2_C3_F483_V0054,An animal that is neither a red deer nor a roe deer.
S2_C3_F476_V0046,An animal that is neither a red deer nor a roe deer.
S2_C3_F570_V0118,An animal that is neither a red deer nor a roe deer.
S2_C3_F548_V0103,An animal that is neither a red deer nor a roe deer.
S2_C3_F582_V0125,An animal that is neither a red deer nor a roe deer.
S2_C3_E394_V0130,An animal that is neither a red deer nor a roe deer.
S2_C3_E394_V0131,An animal that is neither a red deer nor a roe deer.
S2_C3_F447_V0007,An animal that is neither a red deer nor a roe deer.
S2_C3_F487_V0059,An animal that is neither a red deer nor a roe deer.
S2_C3_E327_V0095,An animal that is neither a red deer nor a roe deer.
S2_C3_F594_V0133,An animal that is neither a red deer nor a roe deer.
S2_C3_F509_V0083,An animal that is neither a red deer nor a roe deer.
S2_C3_F475_V0045,An animal that is neither a red deer nor a roe deer.
S2_C3_F483_V0053,An animal that is neither a red deer nor a roe deer.
S2_C3_F484_V0055,An animal that is neither a red deer nor a roe deer.
S2_C3_F582_V0124,An animal that is neither a red deer nor a roe deer.
S2_C3_F454_V0028,An animal that is neither a red deer nor a roe deer.
S2_C3_F507_V0081,An animal that is neither a red deer nor a roe deer.
S2_C3_F473_V0043,An animal that is neither a red deer nor a roe deer.
S2_C3_F486_V0058,An animal that is neither a red deer nor a roe deer.
S2_C3_F446_V0006,An animal that is neither a red deer nor a roe deer.
S2_C3_F559_V0111,An animal that is neither a red deer nor a roe deer.
S2_C3_F544_V0100,An animal that is neither a red deer nor a roe deer.
S2_C3_E324_V0092,An animal that is neither a red deer nor a roe deer.
S2_C3_F558_V0110,An animal that is neither a red deer nor a roe deer.
S2_C1_E394_V0117,An animal that is neither a red deer nor a roe deer.
S2_C1_F553_V0079,An animal that is neither a red deer nor a roe deer.
S2_C1_F559_V0082,An animal that is neither a red deer nor a roe deer.
S2_C1_F570_V0092,An animal that is neither a red deer nor a roe deer.
S2_C1_F544_V0074,An animal that is neither a red deer nor a roe deer.
S2_C2_F463_V0026,An animal that is neither a red deer nor a roe deer.
S2_C2_F570_V0084,An animal that is neither a red deer nor a roe deer.
S2_C2_E389_V0131,An animal that is neither a red deer nor a roe deer.
S2_C2_E318_V0068,An animal that is neither a red deer nor a roe deer.
S2_C2_F487_V0042,An animal that is neither a red deer nor a roe deer.
S2_C2_F533_V0064,An animal that is neither a red deer nor a roe deer.
S2_C2_F447_V0017,An animal that is neither a red deer nor a roe deer.
S2_C2_F446_V0016,An animal that is neither a red deer nor a roe deer.
S2_C2_F582_V0091,An animal that is neither a red deer nor a roe deer.
S2_C2_E394_V0135,An animal that is neither a red deer nor a roe deer.
S2_C2_F558_V0076,An animal that is neither a red deer nor a roe deer.
S2_C2_F532_V0063,An animal that is neither a red deer nor a roe deer.
S2_C2_F507_V0056,An animal that is neither a red deer nor a roe deer.
S2_C2_F486_V0041,An animal that is neither a red deer nor a roe deer.
S2_C2_F482_V0039,An animal that is neither a red deer nor a roe deer.
S3_C3_E453_V0159,An animal running.
S3_C3_E545_V0416,An animal running.
S3_C3_E642_V0616,An animal running.
S3_C3_E642_V0622,An animal running.
S3_C3_E455_V0170,An animal running.
S3_C3_E545_V0395,An animal running.
S3_C3_E444_V0123,An animal running.
S3_C3_E642_V0623,An animal running.
S3_C3_E462_V0180,An animal running.
S3_C3_E545_V0417,An animal running.
S3_C3_E561_V0459,An animal running.
S3_C3_E642_V0619,An animal running.
S3_C3_E407_V0059,An animal running.
S3_C3_E560_V0458,An animal running.
S3_C5_F631_V0019,An animal running.
S3_C5_F678_V0110,An animal running.
S3_C1_E462_V0546,An animal running.
S3_C4_F760_V0233,An animal running.
S3_C4_F745_V0204,An animal running.
S3_C4_F631_V0020,An animal running.
S3_C2_E741_V0359,An animal running.
S3_C2_E545_V0095,An animal running.
S3_C2_E476_V0076,An animal running.
S3_C2_E778_V0465,An animal running.
S3_C2_E642_V0146,An animal running.
S3_C2_E743_V0362,An animal running.
S3_C2_E460_V0066,An animal running.
S3_C2_E738_V0356,An animal running.
S3_C2_E686_V0175,An animal running.
S3_C2_E462_V0068,An animal running.
S3_C2_E455_V0062,An animal running.
S3_C2_E582_V0113,An animal running.
S3_C2_E762_V0413,An animal running.
S3_C2_E710_V0245,An animal running.
S3_C2_E545_V0096,An animal running.
S3_C2_E686_V0176,An animal running.
S3_C2_E453_V0058,An animal running.
S3_C2_E732_V0327,An animal running.
S3_C2_E786_V0505,An animal running.
S3_C2_E686_V0177,An animal running.
S3_C2_E739_V0357,An animal running.
S3_C2_E561_V0101,An animal running.
S3_C2_E788_V0511,An animal running.
S3_C2_E710_V0246,An animal running.
S3_C2_E804_V0550,An animal running.
S3_C2_E444_V0056,An animal running.
S3_C2_E407_V0022,An animal running.
S3_C2_E786_V0499,An animal running.
S1_C3_E237_V0092,An animal running.
S1_C3_E136_V0056,An animal running.
S1_C3_E84_V0038,An animal running.
S1_C3_E36_V0018,An animal running.
S1_C5_F94_V0133,An animal running.
S1_C5_F58_V0084,An animal running.
S1_C5_F97_V0151,An animal running.
S1_C5_F3_V0016,An animal running.
S1_C5_F122_V0167,An animal running.
S1_C5_F23_V0045,An animal running.
S1_C5_F57_V0083,An animal running.
S1_C5_F80_V0127,An animal running.
S1_C5_F232_V0325,An animal running.
S1_C5_F75_V0120,An animal running.
S1_C5_F356_V0469,An animal running.
S1_C5_F74_V0119,An animal running.
S1_C5_F77_V0123,An animal running.
S1_C5_F332_V0445,An animal running.
S1_C5_F131_V0178,An animal running.
S1_C5_F59_V0085,An animal running.
S1_C5_F94_V0135,An animal running.
S1_C5_F195_V0256,An animal running.
S1_C5_F66_V0095,An animal running.
S1_C5_F243_V0379,An animal running.
S1_C5_F21_V0043,An animal running.
S1_C5_F4_V0017,An animal running.
S1_C5_F238_V0327,An animal running.
S1_C5_F33_V0059,An animal running.
S1_C1_E86_V0205,An animal running.
S1_C1_E36_V0074,An animal running.
S1_C1_E4_V0020,An animal running.
S1_C1_E50_V0114,An animal running.
S1_C1_E27_V0059,An animal running.
S1_C1_E217_V0858,An animal running.
S1_C1_E29_V0064,An animal running.
S1_C1_E33_V0070,An animal running.
S1_C1_E10_V0031,An animal running.
S1_C1_E42_V0108,An animal running.
S1_C1_E34_V0071,An animal running.
S1_C1_E146_V0738,An animal running.
S1_C1_E36_V0073,An animal running.
S1_C1_E162_V0780,An animal running.
S1_C4_F230_V0186,An animal running.
S1_C4_F59_V0046,An animal running.
S1_C4_F238_V0191,An animal running.
S1_C4_F441_V0482,An animal running.
S1_C4_F66_V0054,An animal running.
S1_C4_F23_V0028,An animal running.
S1_C4_F386_V0442,An animal running.
S1_C4_F33_V0032,An animal running.
S1_C4_F75_V0069,An animal running.
S1_C4_F356_V0429,An animal running.
S1_C4_F430_V0471,An animal running.
S1_C6_F181_V0105,An animal running.
S1_C6_F430_V0406,An animal running.
S1_C6_F59_V0034,An animal running.
S1_C6_F358_V0286,An animal running.
S1_C6_F33_V0023,An animal running.
S1_C6_F356_V0277,An animal running.
S1_C6_F97_V0067,An animal running.
S1_C6_F94_V0060,An animal running.
S1_C6_F75_V0053,An animal running.
S1_C6_F402_V0328,An animal running.
S1_C6_F94_V0059,An animal running.
S1_C6_F131_V0083,An animal running.
S1_C6_F439_V0407,An animal running.
S1_C6_F89_V0058,An animal running.
S1_C6_F441_V0408,An animal running.
S1_C6_F398_V0325,An animal running.
S1_C6_F243_V0142,An animal running.
S1_C6_F253_V0173,An animal running.
S1_C6_F360_V0294,An animal running.
S1_C6_F4_V0018,An animal running.
S1_C6_F105_V0069,An animal running.
S1_C6_F200_V0116,An animal running.
S1_C6_F238_V0128,An animal running.
S1_C6_F386_V0301,An animal running.
S1_C6_F23_V0021,An animal running.
S1_C2_E179_V0409,An animal running.
S1_C2_E181_V0416,An animal running.
S1_C2_E25_V0036,An animal running.
S1_C2_E50_V0076,An animal running.
S1_C2_E174_V0402,An animal running.
S1_C2_E27_V0037,An animal running.
S1_C2_E146_V0345,An animal running.
S1_C2_E39_V0061,An animal running.
S1_C2_E53_V0079,An animal running.
S1_C2_E33_V0043,An animal running.
S1_C2_E29_V0040,An animal running.
S1_C2_E28_V0039,An animal running.
S2_C3_F485_V0057,An animal running.
S2_C3_F474_V0044,An animal running.
S2_C3_F590_V0131,An animal running.
S2_C3_E264_V0019,An animal running.
S2_C3_E393_V0129,An animal running.
S2_C3_F483_V0054,An animal running.
S2_C3_F467_V0038,An animal running.
S2_C3_F570_V0118,An animal running.
S2_C3_F548_V0103,An animal running.
S2_C3_F582_V0125,An animal running.
S2_C3_E394_V0130,An animal running.
S2_C3_F479_V0048,An animal running.
S2_C3_F596_V0136,An animal running.
S2_C3_E394_V0131,An animal running.
S2_C3_F472_V0042,An animal running.
S2_C3_F555_V0106,An animal running.
S2_C3_F602_V0140,An animal running.
S2_C3_F499_V0075,An animal running.
S2_C3_F468_V0040,An animal running.
S2_C3_F612_V0144,An animal running.
S2_C3_E312_V0085,An animal running.
S2_C3_E343_V0107,An animal running.
S2_C3_F547_V0102,An animal running.
S2_C3_F564_V0115,An animal running.
S2_C3_F601_V0139,An animal running.
S2_C3_E304_V0070,An animal running.
S2_C3_F594_V0133,An animal running.
S2_C3_F625_V0155,An animal running.
S2_C3_E263_V0018,An animal running.
S2_C3_F502_V0076,An animal running.
S2_C3_F560_V0112,An animal running.
S2_C3_F480_V0050,An animal running.
S2_C3_E280_V0044,An animal running.
S2_C3_F620_V0150,An animal running.
S2_C3_F509_V0083,An animal running.
S2_C3_F475_V0045,An animal running.
S2_C3_F483_V0053,An animal running.
S2_C3_E362_V0114,An animal running.
S2_C3_E280_V0046,An animal running.
S2_C3_F618_V0149,An animal running.
S2_C3_F602_V0141,An animal running.
S2_C3_F614_V0148,An animal running.
S2_C3_F489_V0064,An animal running.
S2_C3_F613_V0145,An animal running.
S2_C3_F582_V0124,An animal running.
S2_C3_E307_V0076,An animal running.
S2_C3_E280_V0045,An animal running.
S2_C3_F516_V0087,An animal running.
S2_C3_F507_V0081,An animal running.
S2_C3_E339_V0103,An animal running.
S2_C3_F481_V0051,An animal running.
S2_C3_F469_V0041,An animal running.
S2_C3_F473_V0043,An animal running.
S2_C3_F587_V0129,An animal running.
S2_C3_E280_V0041,An animal running.
S2_C3_E305_V0071,An animal running.
S2_C3_F479_V0049,An animal running.
S2_C3_E339_V0102,An animal running.
S2_C3_E366_V0117,An animal running.
S2_C3_F486_V0058,An animal running.
S2_C3_F446_V0006,An animal running.
S2_C3_F559_V0111,An animal running.
S2_C3_F544_V0100,An animal running.
S2_C3_E300_V0068,An animal running.
S2_C3_E324_V0092,An animal running.
S2_C3_F449_V0010,An animal running.
S2_C3_F558_V0110,An animal running.
S2_C1_E339_V0081,An animal running.
S2_C1_F479_V0034,An animal running.
S2_C1_F614_V0121,An animal running.
S2_C1_F472_V0029,An animal running.
S2_C1_F590_V0101,An animal running.
S2_C1_E305_V0051,An animal running.
S2_C1_E394_V0117,An animal running.
S2_C1_E360_V0096,An animal running.
S2_C1_F560_V0083,An animal running.
S2_C1_F553_V0079,An animal running.
S2_C1_E300_V0048,An animal running.
S2_C1_F480_V0035,An animal running.
S2_C1_F602_V0110,An animal running.
S2_C1_E304_V0050,An animal running.
S2_C1_F601_V0108,An animal running.
S2_C1_E361_V0097,An animal running.
S2_C1_F471_V0028,An animal running.
S2_C1_F596_V0105,An animal running.
S2_C1_E280_V0037,An animal running.
S2_C1_F617_V0124,An animal running.
S2_C1_F559_V0082,An animal running.
S2_C1_E378_V0109,An animal running.
S2_C1_F570_V0092,An animal running.
S2_C1_F612_V0118,An animal running.
S2_C1_F516_V0058,An animal running.
S2_C1_F479_V0033,An animal running.
S2_C1_F619_V0125,An animal running.
S2_C1_E366_V0101,An animal running.
S2_C1_E393_V0116,An animal running.
S2_C1_F469_V0027,An animal running.
S2_C1_F449_V0013,An animal running.
S2_C1_F459_V0018,An animal running.
S2_C1_F489_V0039,An animal running.
S2_C1_F467_V0023,An animal running.
S2_C1_F483_V0037,An animal running.
S2_C1_F598_V0107,An animal running.
S2_C1_F564_V0086,An animal running.
S2_C1_F613_V0120,An animal running.
S2_C1_E270_V0032,An animal running.
S2_C1_F575_V0095,An animal running.
S2_C1_F449_V0012,An animal running.
S2_C1_F499_V0043,An animal running.
S2_C1_F544_V0074,An animal running.
S2_C1_E339_V0079,An animal running.
S2_C1_F481_V0036,An animal running.
S2_C1_E280_V0036,An animal running.
S2_C1_F602_V0109,An animal running.
S2_C1_F502_V0048,An animal running.
S2_C1_F499_V0044,An animal running.
S2_C1_F625_V0128,An animal running.
S2_C1_E339_V0080,An animal running.
S2_C2_E305_V0056,An animal running.
S2_C2_F483_V0040,An animal running.
S2_C2_F560_V0077,An animal running.
S2_C2_E307_V0059,An animal running.
S2_C2_F618_V0112,An animal running.
S2_C2_F620_V0113,An animal running.
S2_C2_F489_V0046,An animal running.
S2_C2_F570_V0084,An animal running.
S2_C2_F613_V0109,An animal running.
S2_C2_E366_V0111,An animal running.
S2_C2_F516_V0058,An animal running.
S2_C2_E389_V0131,An animal running.
S2_C2_F499_V0051,An animal running.
S2_C2_F449_V0018,An animal running.
S2_C2_F590_V0097,An animal running.
S2_C2_E312_V0064,An animal running.
S2_C2_F480_V0037,An animal running.
S2_C2_E393_V0134,An animal running.
S2_C2_E378_V0121,An animal running.
S2_C2_F614_V0111,An animal running.
S2_C2_E300_V0051,An animal running.
S2_C2_F533_V0064,An animal running.
S2_C2_E280_V0033,An animal running.
S2_C2_F602_V0103,An animal running.
S2_C2_E339_V0083,An animal running.
S2_C2_F564_V0081,An animal running.
S2_C2_F499_V0050,An animal running.
S2_C2_F481_V0038,An animal running.
S2_C2_F446_V0016,An animal running.
S2_C2_E280_V0037,An animal running.
S2_C2_F587_V0093,An animal running.
S2_C2_F582_V0091,An animal running.
S2_C2_E339_V0084,An animal running.
S2_C2_F596_V0101,An animal running.
S2_C2_E394_V0135,An animal running.
S2_C2_F532_V0063,An animal running.
S2_C2_F625_V0115,An animal running.
S2_C2_F467_V0029,An animal running.
S2_C2_F612_V0108,An animal running.
S2_C2_F507_V0056,An animal running.
S2_C2_F479_V0036,An animal running.
S2_C2_E304_V0055,An animal running.
S2_C2_F469_V0031,An animal running.
S2_C2_F472_V0033,An animal running.
S2_C2_F468_V0030,An animal running.
S2_C2_F486_V0041,An animal running.
S2_C2_E339_V0085,An animal running.
S2_C2_F575_V0088,An animal running.
S3_C3_E642_V0616,An animal bathing.
S3_C3_E642_V0622,An animal bathing.
S3_C3_E476_V0216,An animal bathing.
S3_C3_E545_V0406,An animal bathing.
S3_C3_E545_V0433,An animal bathing.
S3_C3_E545_V0381,An animal bathing.
S3_C3_E545_V0393,An animal bathing.
S3_C3_E545_V0383,An animal bathing.
S3_C3_E642_V0619,An animal bathing.
S3_C3_E545_V0382,An animal bathing.
S3_C3_E642_V0621,An animal bathing.
S3_C3_E476_V0214,An animal bathing.
S3_C3_E642_V0620,An animal bathing.
S3_C3_E642_V0617,An animal bathing.
S3_C2_E799_V0535,An animal bathing.
S3_C2_E642_V0146,An animal bathing.
S3_C2_E778_V0464,An animal bathing.
S3_C2_E710_V0245,An animal bathing.
S3_C2_E642_V0145,An animal bathing.
S3_C2_E712_V0248,An animal bathing.
S3_C2_E802_V0538,An animal bathing.
S3_C2_E642_V0144,An animal bathing.
S3_C2_E545_V0093,An animal bathing.
S3_C2_E760_V0410,An animal bathing.
S3_C2_E476_V0072,An animal bathing.
S3_C2_E762_V0412,An animal bathing.
S3_C2_E672_V0168,An animal bathing.
S3_C2_E783_V0485,An animal bathing.
S1_C3_E169_V0075,A roe deer grazing.
S1_C5_F221_V0312,A roe deer grazing.
S1_C5_F126_V0173,A roe deer grazing.
S1_C5_F123_V0170,A roe deer grazing.
S1_C5_F22_V0044,A roe deer grazing.
S1_C5_F123_V0168,A roe deer grazing.
S1_C5_F231_V0324,A roe deer grazing.
S1_C1_E49_V0112,A roe deer grazing.
S1_C6_F424_V0398,A roe deer grazing.
S1_C6_F123_V0080,A roe deer grazing.
S1_C6_F22_V0020,A roe deer grazing.
S1_C6_F151_V0089,A roe deer grazing.
S2_C1_F619_V0125,A roe deer grazing.
S2_C2_F613_V0110,A roe deer grazing.
S3_C5_F863_V0179,An animal browsing.
S3_C4_F831_V0350,An animal browsing.
S3_C4_F831_V0349,An animal browsing.
S1_C5_F96_V0147,An animal browsing.
S1_C5_F96_V0145,An animal browsing.
S1_C5_F96_V0138,An animal browsing.
S1_C5_F96_V0140,An animal browsing.
S1_C5_F89_V0129,An animal browsing.
S1_C1_E15_V0036,An animal browsing.
S1_C4_F87_V0078,An animal browsing.
S1_C4_F96_V0090,An animal browsing.
S2_C3_F613_V0146,An animal browsing.
S2_C3_F613_V0147,An animal browsing.
S2_C3_F625_V0155,An animal browsing.
S2_C3_E277_V0038,An animal browsing.
S2_C3_E280_V0044,An animal browsing.
S2_C3_E333_V0098,An animal browsing.
S2_C3_F587_V0129,An animal browsing.
S2_C3_E280_V0041,An animal browsing.
S2_C3_F489_V0063,An animal browsing.
S2_C1_F613_V0120,An animal browsing.
S2_C2_F560_V0077,An animal browsing.
S2_C2_F547_V0071,An animal browsing.
S2_C2_E280_V0035,An animal browsing.
S2_C2_F521_V0060,An animal browsing.
S2_C2_E270_V0028,An animal browsing.
S2_C2_E270_V0030,An animal browsing.
S1_C5_F126_V0173,An adult roe deer sniffing.
S1_C5_F231_V0324,An adult roe deer sniffing.
S1_C1_E15_V0036,An adult roe deer sniffing.
S1_C1_E169_V0784,An adult roe deer sniffing.
S1_C4_F4_V0017,An adult roe deer sniffing.
S1_C2_E15_V0026,An adult roe deer sniffing.
S2_C1_F619_V0125,An adult roe deer sniffing.
S3_C3_E642_V0623,A juvenile red deer scratching its body.
S3_C3_E642_V0621,A juvenile red deer scratching its body.
S3_C3_E642_V0620,A juvenile red deer scratching its body.
S3_C2_E642_V0146,A juvenile red deer scratching its body.
S3_C2_E778_V0464,A juvenile red deer scratching its body.
S3_C2_E642_V0145,A juvenile red deer scratching its body.
S3_C2_E732_V0330,A juvenile red deer scratching its body.
S3_C2_E783_V0485,A juvenile red deer scratching its body.
S1_C5_F94_V0133,A juvenile red deer scratching its body.
S1_C5_F243_V0337,A juvenile red deer scratching its body.
S1_C5_F75_V0121,A juvenile red deer scratching its body.
S1_C5_F243_V0338,A juvenile red deer scratching its body.
S1_C1_E170_V0789,A juvenile red deer scratching its body.
S1_C1_E29_V0064,A juvenile red deer scratching its body.
S1_C4_F243_V0198,A juvenile red deer scratching its body.
S1_C4_F243_V0208,A juvenile red deer scratching its body.
S1_C4_F190_V0148,A juvenile red deer scratching its body.
S1_C4_F246_V0236,A juvenile red deer scratching its body.
S1_C4_F243_V0202,A juvenile red deer scratching its body.
S1_C4_F190_V0151,A juvenile red deer scratching its body.
S1_C4_F190_V0150,A juvenile red deer scratching its body.
S1_C4_F75_V0070,A juvenile red deer scratching its body.
S1_C6_F243_V0133,A juvenile red deer scratching its body.
S1_C6_F245_V0166,A juvenile red deer scratching its body.
S1_C6_F358_V0283,A juvenile red deer scratching its body.
S1_C6_F94_V0059,A juvenile red deer scratching its body.
S1_C6_F398_V0325,A juvenile red deer scratching its body.
S1_C6_F358_V0282,A juvenile red deer scratching its body.
S1_C6_F243_V0144,A juvenile red deer scratching its body.
S1_C6_F75_V0054,A juvenile red deer scratching its body.
S1_C2_E170_V0395,A juvenile red deer scratching its body.
S1_C2_E170_V0396,A juvenile red deer scratching its body.
S1_C2_E170_V0394,A juvenile red deer scratching its body.
S2_C3_E265_V0020,A juvenile red deer scratching its body.
S2_C3_E280_V0040,A juvenile red deer scratching its body.
S2_C3_E365_V0115,A juvenile red deer scratching its body.
S2_C3_E280_V0044,A juvenile red deer scratching its body.
S2_C1_E280_V0036,A juvenile red deer scratching its body.
S2_C2_E280_V0035,A juvenile red deer scratching its body.
S2_C2_E280_V0033,A juvenile red deer scratching its body.
S2_C2_E365_V0109,A juvenile red deer scratching its body.
S1_C5_F23_V0045,A chamois trotting.
S1_C4_F230_V0186,A chamois trotting.
S1_C4_F23_V0028,A chamois trotting.
S1_C6_F23_V0021,A chamois trotting.
S2_C3_F590_V0131,An adult male roe deer jumping.
S2_C3_F516_V0087,An adult male roe deer jumping.
S2_C1_F590_V0101,An adult male roe deer jumping.
S2_C2_F590_V0097,An adult male roe deer jumping.
S3_C3_E476_V0221,An adult male red deer rubbing its antlers on the ground.
S3_C3_E476_V0230,An adult male red deer rubbing its antlers on the ground.
S3_C3_E476_V0225,An adult male red deer rubbing its antlers on the ground.
S3_C3_E476_V0217,An adult male red deer rubbing its antlers on the ground.
S3_C3_E476_V0228,An adult male red deer rubbing its antlers on the ground.
S3_C3_E545_V0406,An adult male red deer rubbing its antlers on the ground.
S3_C3_E476_V0223,An adult male red deer rubbing its antlers on the ground.
S3_C3_E545_V0396,An adult male red deer rubbing its antlers on the ground.
S3_C3_E545_V0381,An adult male red deer rubbing its antlers on the ground.
S3_C3_E476_V0218,An adult male red deer rubbing its antlers on the ground.
S3_C3_E545_V0411,An adult male red deer rubbing its antlers on the ground.
S3_C3_E545_V0389,An adult male red deer rubbing its antlers on the ground.
S3_C3_E545_V0437,An adult male red deer rubbing its antlers on the ground.
S3_C3_E545_V0402,An adult male red deer rubbing its antlers on the ground.
S3_C3_E545_V0382,An adult male red deer rubbing its antlers on the ground.
S3_C3_E545_V0410,An adult male red deer rubbing its antlers on the ground.
S3_C3_E476_V0214,An adult male red deer rubbing its antlers on the ground.
S3_C3_E476_V0213,An adult male red deer rubbing its antlers on the ground.
S3_C3_E476_V0222,An adult male red deer rubbing its antlers on the ground.
S3_C3_E476_V0220,An adult male red deer rubbing its antlers on the ground.
S3_C3_E545_V0390,An adult male red deer rubbing its antlers on the ground.
S3_C3_E545_V0391,An adult male red deer rubbing its antlers on the ground.
S3_C2_E545_V0095,An adult male red deer rubbing its antlers on the ground.
S3_C2_E760_V0409,An adult male red deer rubbing its antlers on the ground.
S3_C2_E707_V0236,An adult male red deer rubbing its antlers on the ground.
S3_C2_E706_V0222,An adult male red deer rubbing its antlers on the ground.
S3_C2_E707_V0234,An adult male red deer rubbing its antlers on the ground.
S3_C2_E763_V0415,An adult male red deer rubbing its antlers on the ground.
S3_C2_E707_V0235,An adult male red deer rubbing its antlers on the ground.
S3_C2_E685_V0173,An adult male red deer rubbing its antlers on the ground.
S3_C2_E800_V0536,An adult male red deer rubbing its antlers on the ground.
S3_C2_E545_V0094,An adult male red deer rubbing its antlers on the ground.
S3_C2_E716_V0254,An adult male red deer rubbing its antlers on the ground.
S3_C2_E706_V0233,An adult male red deer rubbing its antlers on the ground.
S3_C2_E802_V0538,An adult male red deer rubbing its antlers on the ground.
S3_C2_E545_V0093,An adult male red deer rubbing its antlers on the ground.
S3_C2_E716_V0255,An adult male red deer rubbing its antlers on the ground.
S3_C2_E780_V0471,An adult male red deer rubbing its antlers on the ground.
S3_C2_E476_V0074,An adult male red deer rubbing its antlers on the ground.
S3_C2_E760_V0410,An adult male red deer rubbing its antlers on the ground.
S3_C2_E706_V0229,An adult male red deer rubbing its antlers on the ground.
S3_C2_E706_V0227,An adult male red deer rubbing its antlers on the ground.
S3_C2_E730_V0321,An adult male red deer rubbing its antlers on the ground.
S3_C2_E476_V0075,An adult male red deer rubbing its antlers on the ground.
S3_C2_E780_V0472,An adult male red deer rubbing its antlers on the ground.
S3_C2_E715_V0252,An adult male red deer rubbing its antlers on the ground.
S3_C2_E780_V0470,An adult male red deer rubbing its antlers on the ground.
S3_C2_E729_V0319,An adult male red deer rubbing its antlers on the ground.
S3_C2_E707_V0238,An adult male red deer rubbing its antlers on the ground.
S3_C2_E476_V0072,An adult male red deer rubbing its antlers on the ground.
S3_C2_E476_V0073,An adult male red deer rubbing its antlers on the ground.
S3_C2_E706_V0228,An adult male red deer rubbing its antlers on the ground.
S3_C2_E762_V0412,An adult male red deer rubbing its antlers on the ground.
S3_C2_E706_V0225,An adult male red deer rubbing its antlers on the ground.
S3_C2_E780_V0468,An adult male red deer rubbing its antlers on the ground.
S3_C2_E708_V0240,An adult male red deer rubbing its antlers on the ground.
S3_C2_E672_V0168,An adult male red deer rubbing its antlers on the ground.
S3_C2_E780_V0467,An adult male red deer rubbing its antlers on the ground.
S1_C1_E105_V0300,An adult male red deer rubbing its antlers on the ground.
S1_C2_E105_V0149,An adult male red deer rubbing its antlers on the ground.
S1_C2_E123_V0267,An adult male red deer rubbing its antlers on the ground.
S2_C2_E377_V0120,An adult male red deer rubbing its antlers on the ground.
S2_C3_E327_V0095,A fox sniffing.
S2_C3_E394_V0130,A wolf chasing prey.
S2_C3_E394_V0131,A wolf chasing prey.
S2_C1_E394_V0117,A wolf chasing prey.
S2_C2_E394_V0135,A wolf chasing prey.
S1_C5_F58_V0084,A hare.
S1_C5_F78_V0125,A hare.
S1_C5_F57_V0083,A hare.
S1_C5_F80_V0127,A hare.
S1_C5_F77_V0123,A hare.
S1_C5_F70_V0106,A hare.
S1_C5_F195_V0256,A hare.
S1_C5_F224_V0322,A hare.
S1_C1_E51_V0116,A hare.
S2_C3_F485_V0057,A hare.
S2_C3_F483_V0054,A hare.
S2_C3_F476_V0046,A hare.
S2_C3_F487_V0059,A hare.
S2_C3_F483_V0053,A hare.
S2_C3_F484_V0055,A hare.
S2_C3_F454_V0028,A hare.
S2_C3_F473_V0043,A hare.
S2_C3_F486_V0058,A hare.
S2_C2_F463_V0026,A hare.
S2_C2_F487_V0042,A hare.
S2_C2_F486_V0041,A hare.
S2_C2_F482_V0039,A hare.
S2_C3_F474_V0044,A marten.
S2_C3_F548_V0103,A marten.
S2_C3_F475_V0045,A marten.
S2_C2_E318_V0068,A marten.
S3_C2_E710_V0245,A juvenile red deer playing.
S3_C2_E710_V0246,A juvenile red deer playing.
S1_C1_E29_V0064,A juvenile red deer playing.
S1_C6_F75_V0053,A juvenile red deer playing.
S1_C2_E29_V0040,A juvenile red deer playing.
S2_C3_E280_V0044,A juvenile red deer playing.
S2_C3_E280_V0046,A juvenile red deer playing.
S2_C1_E280_V0037,A juvenile red deer playing.
S2_C1_E280_V0036,A juvenile red deer playing.
S2_C2_E280_V0037,A juvenile red deer playing.
S3_C5_F863_V0179,An adult red deer browsing.
S1_C5_F96_V0147,An adult red deer browsing.
S1_C5_F96_V0145,An adult red deer browsing.
S1_C5_F96_V0138,An adult red deer browsing.
S1_C5_F96_V0140,An adult red deer browsing.
S1_C4_F87_V0078,An adult red deer browsing.
S1_C4_F96_V0090,An adult red deer browsing.
S2_C3_F625_V0155,An adult red deer browsing.
S2_C3_F587_V0129,An adult red deer browsing.
S2_C3_E280_V0041,An adult red deer browsing.
S2_C3_F489_V0063,An adult red deer browsing.
S2_C2_F560_V0077,An adult red deer browsing.
S2_C2_E270_V0028,An adult red deer browsing.
S2_C2_E270_V0030,An adult red deer browsing.
S1_C5_F78_V0125,A hare foraging.
S1_C5_F57_V0083,A hare foraging.
S1_C5_F70_V0106,A hare foraging.
S1_C5_F195_V0256,A hare foraging.
S1_C5_F224_V0322,A hare foraging.
S1_C1_E51_V0116,A hare foraging.
S2_C3_F483_V0054,A hare foraging.
S2_C3_F476_V0046,A hare foraging.
S2_C3_F487_V0059,A hare foraging.
S2_C3_F484_V0055,A hare foraging.
S2_C3_F454_V0028,A hare foraging.
S2_C3_F486_V0058,A hare foraging.
S2_C2_F487_V0042,A hare foraging.
S2_C2_F486_V0041,A hare foraging.
S2_C2_F482_V0039,A hare foraging.
S1_C5_F23_V0045,A chamois.
S1_C5_F65_V0092,A chamois.
S1_C5_F55_V0082,A chamois.
S1_C4_F230_V0186,A chamois.
S1_C4_F23_V0028,A chamois.
S1_C6_F65_V0035,A chamois.
S1_C6_F23_V0021,A chamois.
S1_C5_F55_V0082,A chamois being vigilant.
S1_C4_F230_V0186,A chamois being vigilant.
S1_C4_F23_V0028,A chamois being vigilant.
S1_C6_F65_V0035,A chamois being vigilant.
S1_C6_F23_V0021,A chamois being vigilant.
S2_C3_F582_V0125,A fox foraging.
S2_C3_F447_V0007,A fox foraging.
S2_C3_E327_V0095,A fox foraging.
S2_C3_F594_V0133,A fox foraging.
S2_C3_F509_V0083,A fox foraging.
S2_C3_F582_V0124,A fox foraging.
S2_C3_F446_V0006,A fox foraging.
S2_C3_E324_V0092,A fox foraging.
S2_C3_F558_V0110,A fox foraging.
S2_C1_F553_V0079,A fox foraging.
S2_C2_F533_V0064,A fox foraging.
S2_C2_F447_V0017,A fox foraging.
S2_C2_F446_V0016,A fox foraging.
S2_C2_F582_V0091,A fox foraging.
S2_C2_F558_V0076,A fox foraging.
S2_C2_F532_V0063,A fox foraging.
S1_C5_F97_V0151,A wolf foraging.
S1_C5_F97_V0149,A wolf foraging.
S1_C5_F97_V0150,A wolf foraging.
S1_C6_F97_V0067,A wolf foraging.
S2_C3_F570_V0118,A wolf foraging.
S2_C3_F507_V0081,A wolf foraging.
S2_C3_F559_V0111,A wolf foraging.
S2_C3_F544_V0100,A wolf foraging.
S2_C1_F559_V0082,A wolf foraging.
S2_C1_F570_V0092,A wolf foraging.
S2_C1_F544_V0074,A wolf foraging.
S2_C2_F570_V0084,A wolf foraging.
S2_C2_E389_V0131,A wolf foraging.
S2_C2_F507_V0056,A wolf foraging.
S1_C1_E10_V0031,A juvenile roe deer.
S1_C1_E49_V0112,A juvenile roe deer.
S1_C2_E49_V0075,A juvenile roe deer.
S3_C5_F678_V0110,A roe deer trotting while foraging.
S1_C5_F122_V0167,A roe deer trotting while foraging.
S1_C5_F356_V0469,A roe deer trotting while foraging.
S1_C5_F332_V0445,A roe deer trotting while foraging.
S1_C5_F131_V0178,A roe deer trotting while foraging.
S1_C5_F4_V0017,A roe deer trotting while foraging.
S1_C1_E10_V0031,A roe deer trotting while foraging.
S1_C4_F356_V0429,A roe deer trotting while foraging.
S1_C6_F105_V0069,A roe deer trotting while foraging.
S2_C3_F596_V0136,A roe deer trotting while foraging.
S2_C3_F472_V0042,A roe deer trotting while foraging.
S2_C3_F602_V0140,A roe deer trotting while foraging.
S2_C3_F547_V0102,A roe deer trotting while foraging.
S2_C3_F564_V0115,A roe deer trotting while foraging.
S2_C3_F601_V0139,A roe deer trotting while foraging.
S2_C3_F613_V0145,A roe deer trotting while foraging.
S2_C1_F472_V0029,A roe deer trotting while foraging.
S2_C1_F590_V0101,A roe deer trotting while foraging.
S2_C1_F601_V0108,A roe deer trotting while foraging.
S2_C1_F596_V0105,A roe deer trotting while foraging.
S2_C1_F612_V0118,A roe deer trotting while foraging.
S2_C1_F459_V0018,A roe deer trotting while foraging.
S2_C1_F598_V0107,A roe deer trotting while foraging.
S2_C1_F564_V0086,A roe deer trotting while foraging.
S2_C1_F575_V0095,A roe deer trotting while foraging.
S2_C1_F602_V0109,A roe deer trotting while foraging.
S2_C2_F596_V0101,A roe deer trotting while foraging.
S2_C2_F472_V0033,A roe deer trotting while foraging.
S2_C2_F575_V0088,A roe deer trotting while foraging.
S1_C1_E51_V0116,A mountain hare being vigilant.
S2_C3_F483_V0054,A mountain hare being vigilant.
S2_C3_F476_V0046,A mountain hare being vigilant.
S2_C3_F454_V0028,A mountain hare being vigilant.
S1_C5_F70_V0106,A mountain hare grazing.
S3_C3_E444_V0150,An animal stretching its body.
S3_C3_E444_V0155,An animal stretching its body.
S3_C3_E444_V0124,An animal stretching its body.
S1_C5_F243_V0383,An animal stretching its body.
S1_C5_F243_V0380,An animal stretching its body.
S1_C5_F204_V0274,An animal stretching its body.
S1_C5_F243_V0379,An animal stretching its body.
S1_C4_F204_V0172,An animal stretching its body.
S1_C6_F243_V0142,An animal stretching its body.
S1_C6_F243_V0143,An animal stretching its body.
S2_C3_F555_V0106,An animal stretching its body.
S3_C3_E642_V0616,An animal bathing while grooming.
S3_C3_E642_V0622,An animal bathing while grooming.
S3_C3_E476_V0216,An animal bathing while grooming.
S3_C3_E545_V0383,An animal bathing while grooming.
S3_C3_E642_V0619,An animal bathing while grooming.
S3_C3_E642_V0621,An animal bathing while grooming.
S3_C3_E476_V0214,An animal bathing while grooming.
S3_C3_E642_V0620,An animal bathing while grooming.
S3_C3_E642_V0617,An animal bathing while grooming.
S3_C2_E642_V0146,An animal bathing while grooming.
S3_C2_E778_V0464,An animal bathing while grooming.
S3_C2_E710_V0245,An animal bathing while grooming.
S3_C2_E642_V0145,An animal bathing while grooming.
S3_C2_E712_V0248,An animal bathing while grooming.
S3_C2_E642_V0144,An animal bathing while grooming.
S3_C2_E760_V0410,An animal bathing while grooming.
S3_C2_E762_V0412,An animal bathing while grooming.
S3_C3_E476_V0216,An animal resting.
S3_C3_E444_V0140,An animal resting.
S3_C3_E444_V0150,An animal resting.
S3_C3_E642_V0623,An animal resting.
S3_C3_E444_V0142,An animal resting.
S3_C3_E444_V0133,An animal resting.
S3_C3_E476_V0215,An animal resting.
S3_C3_E444_V0143,An animal resting.
S3_C3_E444_V0146,An animal resting.
S3_C3_E444_V0132,An animal resting.
S3_C3_E545_V0433,An animal resting.
S3_C3_E444_V0147,An animal resting.
S3_C3_E444_V0136,An animal resting.
S3_C3_E444_V0128,An animal resting.
S3_C3_E545_V0393,An animal resting.
S3_C3_E444_V0144,An animal resting.
S3_C3_E444_V0135,An animal resting.
S3_C3_E545_V0431,An animal resting.
S3_C3_E444_V0145,An animal resting.
S3_C3_E444_V0141,An animal resting.
S3_C3_E476_V0219,An animal resting.
S3_C3_E444_V0137,An animal resting.
S3_C3_E444_V0148,An animal resting.
S3_C3_E444_V0139,An animal resting.
S3_C3_E444_V0149,An animal resting.
S3_C3_E444_V0138,An animal resting.
S3_C2_E706_V0207,An animal resting.
S3_C2_E706_V0211,An animal resting.
S3_C2_E799_V0535,An animal resting.
S3_C2_E706_V0216,An animal resting.
S3_C2_E707_V0235,An animal resting.
S3_C2_E706_V0209,An animal resting.
S3_C2_E706_V0199,An animal resting.
S3_C2_E706_V0204,An animal resting.
S3_C2_E706_V0201,An animal resting.
S3_C2_E706_V0212,An animal resting.
S3_C2_E706_V0202,An animal resting.
S3_C2_E706_V0200,An animal resting.
S3_C2_E802_V0538,An animal resting.
S3_C2_E706_V0214,An animal resting.
S3_C2_E706_V0208,An animal resting.
S3_C2_E706_V0198,An animal resting.
S3_C2_E706_V0205,An animal resting.
S3_C2_E760_V0410,An animal resting.
S3_C2_E706_V0206,An animal resting.
S3_C2_E706_V0210,An animal resting.
S3_C2_E706_V0197,An animal resting.
S3_C2_E706_V0215,An animal resting.
S3_C2_E706_V0213,An animal resting.
S3_C2_E762_V0412,An animal resting.
S3_C2_E706_V0203,An animal resting.
S3_C2_E783_V0485,An animal resting.
S3_C2_E706_V0196,An animal resting.
S3_C2_E706_V0217,An animal resting.
S1_C1_E86_V0205,An animal resting.
S1_C1_E86_V0200,An animal resting.
S1_C1_E86_V0204,An animal resting.
S1_C1_E86_V0201,An animal resting.
S1_C1_E86_V0203,An animal resting.
S1_C1_E86_V0202,An animal resting.
S3_C5_F863_V0179,A red deer browsing.
S1_C5_F96_V0147,A red deer browsing.
S1_C5_F96_V0145,A red deer browsing.
S1_C5_F96_V0138,A red deer browsing.
S1_C5_F96_V0140,A red deer browsing.
S1_C5_F89_V0129,A red deer browsing.
S1_C4_F87_V0078,A red deer browsing.
S1_C4_F96_V0090,A red deer browsing.
S2_C3_F625_V0155,A red deer browsing.
S2_C3_E280_V0044,A red deer browsing.
S2_C3_F587_V0129,A red deer browsing.
S2_C3_E280_V0041,A red deer browsing.
S2_C3_F489_V0063,A red deer browsing.
S2_C2_F560_V0077,A red deer browsing.
S2_C2_E280_V0035,A red deer browsing.
S2_C2_E270_V0028,A red deer browsing.
S2_C2_E270_V0030,A red deer browsing.
S3_C3_E462_V0180,An animal running while foraging.
S3_C5_F678_V0110,An animal running while foraging.
S3_C1_E462_V0546,An animal running while foraging.
S3_C4_F760_V0233,An animal running while foraging.
S3_C2_E741_V0359,An animal running while foraging.
S3_C2_E476_V0076,An animal running while foraging.
S3_C2_E462_V0068,An animal running while foraging.
S3_C2_E455_V0062,An animal running while foraging.
S3_C2_E582_V0113,An animal running while foraging.
S3_C2_E762_V0413,An animal running while foraging.
S3_C2_E710_V0245,An animal running while foraging.
S3_C2_E732_V0327,An animal running while foraging.
S3_C2_E804_V0550,An animal running while foraging.
S3_C2_E444_V0056,An animal running while foraging.
S1_C3_E136_V0056,An animal running while foraging.
S1_C3_E36_V0018,An animal running while foraging.
S1_C5_F97_V0151,An animal running while foraging.
S1_C5_F122_V0167,An animal running while foraging.
S1_C5_F23_V0045,An animal running while foraging.
S1_C5_F57_V0083,An animal running while foraging.
S1_C5_F75_V0120,An animal running while foraging.
S1_C5_F356_V0469,An animal running while foraging.
S1_C5_F74_V0119,An animal running while foraging.
S1_C5_F332_V0445,An animal running while foraging.
S1_C5_F131_V0178,An animal running while foraging.
S1_C5_F59_V0085,An animal running while foraging.
S1_C5_F94_V0135,An animal running while foraging.
S1_C5_F195_V0256,An animal running while foraging.
S1_C5_F66_V0095,An animal running while foraging.
S1_C5_F4_V0017,An animal running while foraging.
S1_C5_F238_V0327,An animal running while foraging.
S1_C1_E36_V0074,An animal running while foraging.
S1_C1_E10_V0031,An animal running while foraging.
S1_C1_E42_V0108,An animal running while foraging.
S1_C1_E34_V0071,An animal running while foraging.
S1_C4_F238_V0191,An animal running while foraging.
S1_C4_F75_V0069,An animal running while foraging.
S1_C4_F356_V0429,An animal running while foraging.
S1_C4_F430_V0471,An animal running while foraging.
S1_C6_F97_V0067,An animal running while foraging.
S1_C6_F94_V0060,An animal running while foraging.
S1_C6_F75_V0053,An animal running while foraging.
S1_C6_F439_V0407,An animal running while foraging.
S1_C6_F89_V0058,An animal running while foraging.
S1_C6_F4_V0018,An animal running while foraging.
S1_C6_F105_V0069,An animal running while foraging.
S1_C6_F238_V0128,An animal running while foraging.
S2_C3_F474_V0044,An animal running while foraging.
S2_C3_E393_V0129,An animal running while foraging.
S2_C3_F483_V0054,An animal running while foraging.
S2_C3_F570_V0118,An animal running while foraging.
S2_C3_F548_V0103,An animal running while foraging.
S2_C3_F582_V0125,An animal running while foraging.
S2_C3_F479_V0048,An animal running while foraging.
S2_C3_F596_V0136,An animal running while foraging.
S2_C3_F472_V0042,An animal running while foraging.
S2_C3_F602_V0140,An animal running while foraging.
S2_C3_F547_V0102,An animal running while foraging.
S2_C3_F564_V0115,An animal running while foraging.
S2_C3_F601_V0139,An animal running while foraging.
S2_C3_F594_V0133,An animal running while foraging.
S2_C3_F625_V0155,An animal running while foraging.
S2_C3_F502_V0076,An animal running while foraging.
S2_C3_F560_V0112,An animal running while foraging.
S2_C3_F509_V0083,An animal running while foraging.
S2_C3_F475_V0045,An animal running while foraging.
S2_C3_F483_V0053,An animal running while foraging.
S2_C3_E362_V0114,An animal running while foraging.
S2_C3_E280_V0046,An animal running while foraging.
S2_C3_F602_V0141,An animal running while foraging.
S2_C3_F613_V0145,An animal running while foraging.
S2_C3_F582_V0124,An animal running while foraging.
S2_C3_E307_V0076,An animal running while foraging.
S2_C3_E280_V0045,An animal running while foraging.
S2_C3_F507_V0081,An animal running while foraging.
S2_C3_E339_V0103,An animal running while foraging.
S2_C3_F481_V0051,An animal running while foraging.
S2_C3_F469_V0041,An animal running while foraging.
S2_C3_F587_V0129,An animal running while foraging.
S2_C3_E339_V0102,An animal running while foraging.
S2_C3_F446_V0006,An animal running while foraging.
S2_C3_F559_V0111,An animal running while foraging.
S2_C3_F544_V0100,An animal running while foraging.
S2_C3_E300_V0068,An animal running while foraging.
S2_C3_E324_V0092,An animal running while foraging.
S2_C3_F558_V0110,An animal running while foraging.
S2_C1_F479_V0034,An animal running while foraging.
S2_C1_F472_V0029,An animal running while foraging.
S2_C1_F590_V0101,An animal running while foraging.
S2_C1_E360_V0096,An animal running while foraging.
S2_C1_F560_V0083,An animal running while foraging.
S2_C1_F553_V0079,An animal running while foraging.
S2_C1_E300_V0048,An animal running while foraging.
S2_C1_F602_V0110,An animal running while foraging.
S2_C1_F601_V0108,An animal running while foraging.
S2_C1_E361_V0097,An animal running while foraging.
S2_C1_F596_V0105,An animal running while foraging.
S2_C1_E280_V0037,An animal running while foraging.
S2_C1_F559_V0082,An animal running while foraging.
S2_C1_F570_V0092,An animal running while foraging.
S2_C1_F612_V0118,An animal running while foraging.
S2_C1_F469_V0027,An animal running while foraging.
S2_C1_F459_V0018,An animal running while foraging.
S2_C1_F489_V0039,An animal running while foraging.
S2_C1_F467_V0023,An animal running while foraging.
S2_C1_F483_V0037,An animal running while foraging.
S2_C1_F598_V0107,An animal running while foraging.
S2_C1_F564_V0086,An animal running while foraging.
S2_C1_E270_V0032,An animal running while foraging.
S2_C1_F575_V0095,An animal running while foraging.
S2_C1_F499_V0043,An animal running while foraging.
S2_C1_F544_V0074,An animal running while foraging.
S2_C1_E339_V0079,An animal running while foraging.
S2_C1_F602_V0109,An animal running while foraging.
S2_C1_F502_V0048,An animal running while foraging.
S2_C1_F499_V0044,An animal running while foraging.
S2_C1_F625_V0128,An animal running while foraging.
S2_C2_F483_V0040,An animal running while foraging.
S2_C2_F560_V0077,An animal running while foraging.
S2_C2_E307_V0059,An animal running while foraging.
S2_C2_F489_V0046,An animal running while foraging.
S2_C2_F570_V0084,An animal running while foraging.
S2_C2_E389_V0131,An animal running while foraging.
S2_C2_F499_V0051,An animal running while foraging.
S2_C2_E300_V0051,An animal running while foraging.
S2_C2_F533_V0064,An animal running while foraging.
S2_C2_E339_V0083,An animal running while foraging.
S2_C2_F481_V0038,An animal running while foraging.
S2_C2_F446_V0016,An animal running while foraging.
S2_C2_E280_V0037,An animal running while foraging.
S2_C2_F587_V0093,An animal running while foraging.
S2_C2_F582_V0091,An animal running while foraging.
S2_C2_F596_V0101,An animal running while foraging.
S2_C2_F532_V0063,An animal running while foraging.
S2_C2_F625_V0115,An animal running while foraging.
S2_C2_F507_V0056,An animal running while foraging.
S2_C2_F479_V0036,An animal running while foraging.
S2_C2_F469_V0031,An animal running while foraging.
S2_C2_F472_V0033,An animal running while foraging.
S2_C2_F486_V0041,An animal running while foraging.
S2_C2_E339_V0085,An animal running while foraging.
S2_C2_F575_V0088,An animal running while foraging.
S3_C3_E418_V0073,A video of an animal drinking.
S3_C1_E419_V0236,A video of an animal drinking.
S3_C2_E742_V0360,A video of an animal drinking.
S3_C2_E760_V0409,A video of an animal drinking.
S3_C2_E704_V0193,A video of an animal drinking.
S3_C2_E799_V0535,A video of an animal drinking.
S3_C2_E785_V0497,A video of an animal drinking.
S3_C2_E685_V0173,A video of an animal drinking.
S3_C2_E708_V0239,A video of an animal drinking.
S3_C2_E707_V0237,A video of an animal drinking.
S3_C2_E597_V0116,A video of an animal drinking.
S3_C2_E802_V0538,A video of an animal drinking.
S3_C2_E780_V0471,A video of an animal drinking.
S3_C2_E581_V0106,A video of an animal drinking.
S3_C2_E780_V0469,A video of an animal drinking.
S3_C2_E699_V0186,A video of an animal drinking.
S3_C2_E742_V0361,A video of an animal drinking.
S3_C2_E763_V0414,A video of an animal drinking.
S3_C2_E701_V0189,A video of an animal drinking.
S3_C2_E657_V0148,A video of an animal drinking.
S3_C2_E780_V0467,A video of an animal drinking.
S3_C3_E476_V0216,A video of an animal lying down while resting.
S3_C3_E444_V0140,A video of an animal lying down while resting.
S3_C3_E642_V0623,A video of an animal lying down while resting.
S3_C3_E444_V0142,A video of an animal lying down while resting.
S3_C3_E444_V0133,A video of an animal lying down while resting.
S3_C3_E476_V0215,A video of an animal lying down while resting.
S3_C3_E444_V0143,A video of an animal lying down while resting.
S3_C3_E444_V0146,A video of an animal lying down while resting.
S3_C3_E444_V0132,A video of an animal lying down while resting.
S3_C3_E545_V0433,A video of an animal lying down while resting.
S3_C3_E444_V0147,A video of an animal lying down while resting.
S3_C3_E444_V0136,A video of an animal lying down while resting.
S3_C3_E444_V0128,A video of an animal lying down while resting.
S3_C3_E545_V0393,A video of an animal lying down while resting.
S3_C3_E444_V0144,A video of an animal lying down while resting.
S3_C3_E444_V0135,A video of an animal lying down while resting.
S3_C3_E545_V0431,A video of an animal lying down while resting.
S3_C3_E444_V0145,A video of an animal lying down while resting.
S3_C3_E444_V0141,A video of an animal lying down while resting.
S3_C3_E476_V0219,A video of an animal lying down while resting.
S3_C3_E444_V0137,A video of an animal lying down while resting.
S3_C3_E444_V0148,A video of an animal lying down while resting.
S3_C3_E444_V0139,A video of an animal lying down while resting.
S3_C3_E444_V0149,A video of an animal lying down while resting.
S3_C3_E444_V0138,A video of an animal lying down while resting.
S3_C2_E706_V0207,A video of an animal lying down while resting.
S3_C2_E706_V0211,A video of an animal lying down while resting.
S3_C2_E799_V0535,A video of an animal lying down while resting.
S3_C2_E706_V0216,A video of an animal lying down while resting.
S3_C2_E707_V0235,A video of an animal lying down while resting.
S3_C2_E706_V0209,A video of an animal lying down while resting.
S3_C2_E706_V0199,A video of an animal lying down while resting.
S3_C2_E706_V0204,A video of an animal lying down while resting.
S3_C2_E706_V0201,A video of an animal lying down while resting.
S3_C2_E706_V0212,A video of an animal lying down while resting.
S3_C2_E706_V0202,A video of an animal lying down while resting.
S3_C2_E706_V0200,A video of an animal lying down while resting.
S3_C2_E802_V0538,A video of an animal lying down while resting.
S3_C2_E706_V0214,A video of an animal lying down while resting.
S3_C2_E706_V0208,A video of an animal lying down while resting.
S3_C2_E706_V0198,A video of an animal lying down while resting.
S3_C2_E706_V0205,A video of an animal lying down while resting.
S3_C2_E760_V0410,A video of an animal lying down while resting.
S3_C2_E706_V0206,A video of an animal lying down while resting.
S3_C2_E706_V0210,A video of an animal lying down while resting.
S3_C2_E706_V0197,A video of an animal lying down while resting.
S3_C2_E706_V0215,A video of an animal lying down while resting.
S3_C2_E706_V0213,A video of an animal lying down while resting.
S3_C2_E762_V0412,A video of an animal lying down while resting.
S3_C2_E706_V0203,A video of an animal lying down while resting.
S3_C2_E783_V0485,A video of an animal lying down while resting.
S3_C2_E706_V0196,A video of an animal lying down while resting.
S1_C1_E86_V0205,A video of an animal lying down while resting.
S1_C1_E86_V0200,A video of an animal lying down while resting.
S1_C1_E86_V0204,A video of an animal lying down while resting.
S1_C1_E86_V0201,A video of an animal lying down while resting.
S1_C1_E86_V0203,A video of an animal lying down while resting.
S1_C1_E86_V0202,A video of an animal lying down while resting.
S3_C3_E444_V0140,A red deer resting in rainy weather.
S3_C3_E444_V0150,A red deer resting in rainy weather.
S3_C3_E444_V0142,A red deer resting in rainy weather.
S3_C3_E444_V0133,A red deer resting in rainy weather.
S3_C3_E444_V0143,A red deer resting in rainy weather.
S3_C3_E444_V0146,A red deer resting in rainy weather.
S3_C3_E444_V0132,A red deer resting in rainy weather.
S3_C3_E444_V0147,A red deer resting in rainy weather.
S3_C3_E444_V0136,A red deer resting in rainy weather.
S3_C3_E444_V0128,A red deer resting in rainy weather.
S3_C3_E444_V0144,A red deer resting in rainy weather.
S3_C3_E444_V0135,A red deer resting in rainy weather.
S3_C3_E444_V0145,A red deer resting in rainy weather.
S3_C3_E444_V0141,A red deer resting in rainy weather.
S3_C3_E444_V0137,A red deer resting in rainy weather.
S3_C3_E444_V0148,A red deer resting in rainy weather.
S3_C3_E444_V0139,A red deer resting in rainy weather.
S3_C3_E444_V0149,A red deer resting in rainy weather.
S3_C3_E444_V0138,A red deer resting in rainy weather.
S3_C3_E476_V0216,A red deer resting in clear weather.
S3_C3_E476_V0215,A red deer resting in clear weather.
S3_C3_E545_V0433,A red deer resting in clear weather.
S3_C3_E545_V0393,A red deer resting in clear weather.
S3_C3_E545_V0431,A red deer resting in clear weather.
S3_C3_E476_V0219,A red deer resting in clear weather.
S3_C2_E706_V0207,A red deer resting in clear weather.
S3_C2_E706_V0211,A red deer resting in clear weather.
S3_C2_E706_V0216,A red deer resting in clear weather.
S3_C2_E707_V0235,A red deer resting in clear weather.
S3_C2_E706_V0209,A red deer resting in clear weather.
S3_C2_E706_V0199,A red deer resting in clear weather.
S3_C2_E706_V0204,A red deer resting in clear weather.
S3_C2_E706_V0201,A red deer resting in clear weather.
S3_C2_E706_V0212,A red deer resting in clear weather.
S3_C2_E706_V0202,A red deer resting in clear weather.
S3_C2_E706_V0200,A red deer resting in clear weather.
S3_C2_E706_V0214,A red deer resting in clear weather.
S3_C2_E706_V0208,A red deer resting in clear weather.
S3_C2_E706_V0198,A red deer resting in clear weather.
S3_C2_E706_V0205,A red deer resting in clear weather.
S3_C2_E706_V0206,A red deer resting in clear weather.
S3_C2_E706_V0210,A red deer resting in clear weather.
S3_C2_E706_V0197,A red deer resting in clear weather.
S3_C2_E706_V0215,A red deer resting in clear weather.
S3_C2_E706_V0213,A red deer resting in clear weather.
S3_C2_E706_V0203,A red deer resting in clear weather.
S3_C2_E783_V0485,A red deer resting in clear weather.
S3_C2_E706_V0196,A red deer resting in clear weather.
S3_C2_E706_V0217,A red deer resting in clear weather.
S1_C1_E86_V0205,A red deer resting in clear weather.
S1_C1_E86_V0200,A red deer resting in clear weather.
S1_C1_E86_V0204,A red deer resting in clear weather.
S1_C1_E86_V0201,A red deer resting in clear weather.
S1_C1_E86_V0203,A red deer resting in clear weather.
S1_C1_E86_V0202,A red deer resting in clear weather.
S3_C3_E453_V0159,Rainy weather.
S3_C3_E444_V0156,Rainy weather.
S3_C3_E455_V0168,Rainy weather.
S3_C3_E455_V0170,Rainy weather.
S3_C3_E454_V0165,Rainy weather.
S3_C3_E454_V0162,Rainy weather.
S3_C3_E460_V0172,Rainy weather.
S3_C3_E454_V0164,Rainy weather.
S3_C3_E444_V0121,Rainy weather.
S3_C3_E462_V0181,Rainy weather.
S3_C3_E444_V0140,Rainy weather.
S3_C3_E444_V0123,Rainy weather.
S3_C3_E444_V0150,Rainy weather.
S3_C3_E444_V0142,Rainy weather.
S3_C3_E460_V0177,Rainy weather.
S3_C3_E444_V0133,Rainy weather.
S3_C3_E444_V0143,Rainy weather.
S3_C3_E444_V0118,Rainy weather.
S3_C3_E460_V0175,Rainy weather.
S3_C3_E444_V0155,Rainy weather.
S3_C3_E462_V0179,Rainy weather.
S3_C3_E444_V0117,Rainy weather.
S3_C3_E444_V0116,Rainy weather.
S3_C3_E444_V0146,Rainy weather.
S3_C3_E444_V0132,Rainy weather.
S3_C3_E444_V0147,Rainy weather.
S3_C3_E444_V0129,Rainy weather.
S3_C3_E444_V0136,Rainy weather.
S3_C3_E444_V0128,Rainy weather.
S3_C3_E455_V0169,Rainy weather.
S3_C3_E460_V0171,Rainy weather.
S3_C3_E444_V0157,Rainy weather.
S3_C3_E444_V0144,Rainy weather.
S3_C3_E462_V0180,Rainy weather.
S3_C3_E453_V0161,Rainy weather.
S3_C3_E444_V0151,Rainy weather.
S3_C3_E444_V0135,Rainy weather.
S3_C3_E453_V0160,Rainy weather.
S3_C3_E444_V0152,Rainy weather.
S3_C3_E444_V0153,Rainy weather.
S3_C3_E444_V0127,Rainy weather.
S3_C3_E444_V0145,Rainy weather.
S3_C3_E444_V0141,Rainy weather.
S3_C3_E454_V0166,Rainy weather.
S3_C3_E460_V0173,Rainy weather.
S3_C3_E444_V0124,Rainy weather.
S3_C3_E454_V0167,Rainy weather.
S3_C3_E444_V0125,Rainy weather.
S3_C3_E460_V0176,Rainy weather.
S3_C3_E461_V0178,Rainy weather.
S3_C3_E444_V0137,Rainy weather.
S3_C3_E444_V0148,Rainy weather.
S3_C3_E444_V0154,Rainy weather.
S3_C3_E444_V0122,Rainy weather.
S3_C3_E444_V0130,Rainy weather.
S3_C3_E444_V0158,Rainy weather.
S3_C3_E460_V0174,Rainy weather.
S3_C3_E444_V0120,Rainy weather.
S3_C3_E444_V0131,Rainy weather.
S3_C3_E444_V0139,Rainy weather.
S3_C3_E444_V0115,Rainy weather.
S3_C3_E454_V0163,Rainy weather.
S3_C3_E444_V0149,Rainy weather.
S3_C3_E444_V0138,Rainy weather.
S3_C5_F677_V0109,Rainy weather.
S3_C1_E460_V0545,Rainy weather.
S3_C1_F864_V0472,Rainy weather.
S3_C1_E462_V0546,Rainy weather.
S3_C1_F865_V0481,Rainy weather.
S3_C1_E460_V0544,Rainy weather.
S3_C4_F677_V0065,Rainy weather.
S3_C4_F677_V0063,Rainy weather.
S3_C4_F681_V0067,Rainy weather.
S3_C4_F677_V0064,Rainy weather.
S3_C4_F677_V0066,Rainy weather.
S3_C2_E711_V0247,Rainy weather.
S3_C2_E454_V0059,Rainy weather.
S3_C2_E453_V0057,Rainy weather.
S3_C2_E454_V0060,Rainy weather.
S3_C2_E462_V0067,Rainy weather.
S3_C2_E460_V0066,Rainy weather.
S3_C2_E462_V0068,Rainy weather.
S3_C2_E444_V0054,Rainy weather.
S3_C2_E685_V0173,Rainy weather.
S3_C2_E455_V0062,Rainy weather.
S3_C2_E444_V0052,Rainy weather.
S3_C2_E460_V0063,Rainy weather.
S3_C2_E453_V0058,Rainy weather.
S3_C2_E685_V0174,Rainy weather.
S3_C2_E460_V0065,Rainy weather.
S3_C2_E455_V0061,Rainy weather.
S3_C2_E460_V0064,Rainy weather.
S3_C2_E685_V0172,Rainy weather.
S3_C2_E465_V0069,Rainy weather.
S3_C2_E444_V0055,Rainy weather.
S3_C2_E444_V0056,Rainy weather.
S3_C2_E444_V0053,Rainy weather.
S1_C3_E136_V0056,Rainy weather.
S1_C3_E27_V0016,Rainy weather.
S1_C3_E27_V0017,Rainy weather.
S1_C5_F53_V0078,Rainy weather.
S1_C5_F201_V0269,Rainy weather.
S1_C5_F202_V0271,Rainy weather.
S1_C5_F53_V0079,Rainy weather.
S1_C5_F200_V0264,Rainy weather.
S1_C5_F53_V0081,Rainy weather.
S1_C5_F201_V0267,Rainy weather.
S1_C5_F53_V0080,Rainy weather.
S1_C5_F200_V0263,Rainy weather.
S1_C5_F200_V0265,Rainy weather.
S1_C5_F201_V0270,Rainy weather.
S1_C5_F201_V0268,Rainy weather.
S1_C1_E136_V0670,Rainy weather.
S1_C1_E17_V0046,Rainy weather.
S1_C1_E40_V0100,Rainy weather.
S1_C1_E133_V0639,Rainy weather.
S1_C1_E40_V0106,Rainy weather.
S1_C1_E133_V0636,Rainy weather.
S1_C1_E136_V0672,Rainy weather.
S1_C1_E40_V0101,Rainy weather.
S1_C1_E40_V0097,Rainy weather.
S1_C1_E17_V0045,Rainy weather.
S1_C1_E136_V0668,Rainy weather.
S1_C1_E40_V0095,Rainy weather.
S1_C1_E27_V0059,Rainy weather.
S1_C1_E17_V0043,Rainy weather.
S1_C1_E136_V0664,Rainy weather.
S1_C1_E136_V0669,Rainy weather.
S1_C1_E136_V0662,Rainy weather.
S1_C1_E40_V0098,Rainy weather.
S1_C1_E136_V0671,Rainy weather.
S1_C1_E30_V0066,Rainy weather.
S1_C1_E136_V0666,Rainy weather.
S1_C1_E17_V0044,Rainy weather.
S1_C1_E40_V0102,Rainy weather.
S1_C1_E40_V0094,Rainy weather.
S1_C1_E136_V0673,Rainy weather.
S1_C1_E40_V0092,Rainy weather.
S1_C1_E40_V0099,Rainy weather.
S1_C1_E40_V0103,Rainy weather.
S1_C1_E136_V0665,Rainy weather.
S1_C1_E40_V0105,Rainy weather.
S1_C1_E136_V0663,Rainy weather.
S1_C1_E27_V0060,Rainy weather.
S1_C1_E40_V0096,Rainy weather.
S1_C1_E40_V0093,Rainy weather.
S1_C1_E27_V0061,Rainy weather.
S1_C1_E32_V0068,Rainy weather.
S1_C1_E40_V0104,Rainy weather.
S1_C1_E132_V0630,Rainy weather.
S1_C4_F200_V0164,Rainy weather.
S1_C4_F200_V0165,Rainy weather.
S1_C4_F202_V0166,Rainy weather.
S1_C4_F54_V0044,Rainy weather.
S1_C6_F53_V0033,Rainy weather.
S1_C6_F53_V0032,Rainy weather.
S1_C6_F200_V0115,Rainy weather.
S1_C6_F202_V0118,Rainy weather.
S1_C6_F200_V0114,Rainy weather.
S1_C6_F202_V0119,Rainy weather.
S1_C6_F200_V0113,Rainy weather.
S1_C6_F200_V0116,Rainy weather.
S1_C6_F201_V0117,Rainy weather.
S1_C2_E179_V0409,Rainy weather.
S1_C2_E40_V0064,Rainy weather.
S1_C2_E136_V0308,Rainy weather.
S1_C2_E17_V0032,Rainy weather.
S1_C2_E40_V0065,Rainy weather.
S1_C2_E27_V0038,Rainy weather.
S1_C2_E17_V0031,Rainy weather.
S1_C2_E40_V0062,Rainy weather.
S1_C2_E136_V0313,Rainy weather.
S1_C2_E136_V0306,Rainy weather.
S1_C2_E136_V0315,Rainy weather.
S1_C2_E30_V0041,Rainy weather.
S1_C2_E40_V0066,Rainy weather.
S1_C2_E40_V0071,Rainy weather.
S1_C2_E40_V0070,Rainy weather.
S1_C2_E27_V0037,Rainy weather.
S1_C2_E136_V0307,Rainy weather.
S1_C2_E40_V0068,Rainy weather.
S1_C2_E136_V0310,Rainy weather.
S1_C2_E17_V0030,Rainy weather.
S1_C2_E40_V0067,Rainy weather.
S1_C2_E136_V0311,Rainy weather.
S1_C2_E136_V0314,Rainy weather.
S1_C2_E136_V0309,Rainy weather.
S1_C2_E40_V0069,Rainy weather.
S1_C2_E136_V0312,Rainy weather.
S2_C3_E270_V0026,Rainy weather.
S2_C3_F613_V0146,Rainy weather.
S2_C3_F613_V0147,Rainy weather.
S2_C3_E266_V0023,Rainy weather.
S2_C3_F488_V0061,Rainy weather.
S2_C3_F557_V0109,Rainy weather.
S2_C3_F468_V0040,Rainy weather.
S2_C3_F612_V0144,Rainy weather.
S2_C3_F488_V0060,Rainy weather.
S2_C3_E268_V0025,Rainy weather.
S2_C3_E270_V0030,Rainy weather.
S2_C3_F557_V0107,Rainy weather.
S2_C3_F560_V0112,Rainy weather.
S2_C3_E311_V0084,Rainy weather.
S2_C3_F614_V0148,Rainy weather.
S2_C3_F613_V0145,Rainy weather.
S2_C3_E270_V0029,Rainy weather.
S2_C3_F557_V0108,Rainy weather.
S2_C3_E270_V0031,Rainy weather.
S2_C3_E270_V0028,Rainy weather.
S2_C3_E270_V0027,Rainy weather.
S2_C3_E341_V0105,Rainy weather.
S2_C1_F614_V0121,Rainy weather.
S2_C1_F560_V0083,Rainy weather.
S2_C1_F613_V0119,Rainy weather.
S2_C1_F488_V0038,Rainy weather.
S2_C1_F557_V0081,Rainy weather.
S2_C1_F612_V0118,Rainy weather.
S2_C1_E341_V0082,Rainy weather.
S2_C1_F613_V0120,Rainy weather.
S2_C1_E270_V0032,Rainy weather.
S2_C1_E270_V0031,Rainy weather.
S2_C2_F560_V0077,Rainy weather.
S2_C2_E270_V0031,Rainy weather.
S2_C2_E270_V0027,Rainy weather.
S2_C2_F488_V0043,Rainy weather.
S2_C2_F613_V0109,Rainy weather.
S2_C2_E341_V0086,Rainy weather.
S2_C2_F614_V0111,Rainy weather.
S2_C2_F488_V0044,Rainy weather.
S2_C2_E270_V0029,Rainy weather.
S2_C2_F533_V0064,Rainy weather.
S2_C2_E270_V0028,Rainy weather.
S2_C2_F557_V0075,Rainy weather.
S2_C2_F613_V0110,Rainy weather.
S2_C2_F532_V0063,Rainy weather.
S2_C2_F557_V0074,Rainy weather.
S2_C2_E270_V0030,Rainy weather.
S2_C2_F612_V0108,Rainy weather.
S2_C2_F468_V0030,Rainy weather.
S3_C3_E581_V0521,A juvenile deer in clear or sunny weather.
S3_C3_E581_V0522,A juvenile deer in clear or sunny weather.
S3_C3_E581_V0515,A juvenile deer in clear or sunny weather.
S3_C3_E437_V0097,A juvenile deer in clear or sunny weather.
S3_C3_E437_V0098,A juvenile deer in clear or sunny weather.
S3_C3_E437_V0099,A juvenile deer in clear or sunny weather.
S3_C3_E581_V0523,A juvenile deer in clear or sunny weather.
S3_C1_E437_V0356,A juvenile deer in clear or sunny weather.
S3_C2_E741_V0359,A juvenile deer in clear or sunny weather.
S3_C2_E732_V0334,A juvenile deer in clear or sunny weather.
S3_C2_E712_V0249,A juvenile deer in clear or sunny weather.
S3_C2_E783_V0483,A juvenile deer in clear or sunny weather.
S3_C2_E778_V0465,A juvenile deer in clear or sunny weather.
S3_C2_E684_V0170,A juvenile deer in clear or sunny weather.
S3_C2_E581_V0107,A juvenile deer in clear or sunny weather.
S3_C2_E437_V0049,A juvenile deer in clear or sunny weather.
S3_C2_E738_V0356,A juvenile deer in clear or sunny weather.
S3_C2_E804_V0551,A juvenile deer in clear or sunny weather.
S3_C2_E581_V0110,A juvenile deer in clear or sunny weather.
S3_C2_E778_V0464,A juvenile deer in clear or sunny weather.
S3_C2_E732_V0328,A juvenile deer in clear or sunny weather.
S3_C2_E732_V0337,A juvenile deer in clear or sunny weather.
S3_C2_E582_V0113,A juvenile deer in clear or sunny weather.
S3_C2_E803_V0541,A juvenile deer in clear or sunny weather.
S3_C2_E615_V0125,A juvenile deer in clear or sunny weather.
S3_C2_E582_V0111,A juvenile deer in clear or sunny weather.
S3_C2_E546_V0099,A juvenile deer in clear or sunny weather.
S3_C2_E732_V0332,A juvenile deer in clear or sunny weather.
S3_C2_E712_V0248,A juvenile deer in clear or sunny weather.
S3_C2_E803_V0544,A juvenile deer in clear or sunny weather.
S3_C2_E732_V0327,A juvenile deer in clear or sunny weather.
S3_C2_E803_V0549,A juvenile deer in clear or sunny weather.
S3_C2_E684_V0171,A juvenile deer in clear or sunny weather.
S3_C2_E803_V0543,A juvenile deer in clear or sunny weather.
S3_C2_E581_V0109,A juvenile deer in clear or sunny weather.
S3_C2_E739_V0357,A juvenile deer in clear or sunny weather.
S3_C2_E732_V0329,A juvenile deer in clear or sunny weather.
S3_C2_E732_V0336,A juvenile deer in clear or sunny weather.
S3_C2_E803_V0542,A juvenile deer in clear or sunny weather.
S3_C2_E581_V0108,A juvenile deer in clear or sunny weather.
S3_C2_E732_V0338,A juvenile deer in clear or sunny weather.
S3_C2_E732_V0335,A juvenile deer in clear or sunny weather.
S3_C2_E732_V0330,A juvenile deer in clear or sunny weather.
S3_C2_E803_V0540,A juvenile deer in clear or sunny weather.
S3_C2_E582_V0112,A juvenile deer in clear or sunny weather.
S3_C2_E804_V0550,A juvenile deer in clear or sunny weather.
S3_C2_E732_V0341,A juvenile deer in clear or sunny weather.
S3_C2_E561_V0102,A juvenile deer in clear or sunny weather.
S3_C2_E732_V0333,A juvenile deer in clear or sunny weather.
S3_C2_E732_V0331,A juvenile deer in clear or sunny weather.
S3_C2_E732_V0339,A juvenile deer in clear or sunny weather.
S3_C2_E783_V0485,A juvenile deer in clear or sunny weather.
S3_C2_E732_V0340,A juvenile deer in clear or sunny weather.
S1_C5_F76_V0122,A juvenile deer in clear or sunny weather.
S1_C5_F190_V0250,A juvenile deer in clear or sunny weather.
S1_C5_F94_V0133,A juvenile deer in clear or sunny weather.
S1_C5_F245_V0389,A juvenile deer in clear or sunny weather.
S1_C5_F243_V0378,A juvenile deer in clear or sunny weather.
S1_C5_F243_V0383,A juvenile deer in clear or sunny weather.
S1_C5_F244_V0387,A juvenile deer in clear or sunny weather.
S1_C5_F243_V0380,A juvenile deer in clear or sunny weather.
S1_C5_F94_V0134,A juvenile deer in clear or sunny weather.
S1_C5_F190_V0243,A juvenile deer in clear or sunny weather.
S1_C5_F75_V0120,A juvenile deer in clear or sunny weather.
S1_C5_F243_V0337,A juvenile deer in clear or sunny weather.
S1_C5_F77_V0124,A juvenile deer in clear or sunny weather.
S1_C5_F74_V0119,A juvenile deer in clear or sunny weather.
S1_C5_F243_V0341,A juvenile deer in clear or sunny weather.
S1_C5_F94_V0135,A juvenile deer in clear or sunny weather.
S1_C5_F243_V0340,A juvenile deer in clear or sunny weather.
S1_C5_F66_V0095,A juvenile deer in clear or sunny weather.
S1_C5_F243_V0379,A juvenile deer in clear or sunny weather.
S1_C5_F75_V0121,A juvenile deer in clear or sunny weather.
S1_C5_F244_V0385,A juvenile deer in clear or sunny weather.
S1_C5_F243_V0339,A juvenile deer in clear or sunny weather.
S1_C5_F190_V0249,A juvenile deer in clear or sunny weather.
S1_C5_F243_V0338,A juvenile deer in clear or sunny weather.
S1_C5_F238_V0327,A juvenile deer in clear or sunny weather.
S1_C5_F190_V0245,A juvenile deer in clear or sunny weather.
S1_C1_E170_V0789,A juvenile deer in clear or sunny weather.
S1_C1_E8_V0028,A juvenile deer in clear or sunny weather.
S1_C1_E170_V0792,A juvenile deer in clear or sunny weather.
S1_C1_E50_V0114,A juvenile deer in clear or sunny weather.
S1_C1_E9_V0030,A juvenile deer in clear or sunny weather.
S1_C1_E4_V0018,A juvenile deer in clear or sunny weather.
S1_C1_E50_V0113,A juvenile deer in clear or sunny weather.
S1_C1_E4_V0016,A juvenile deer in clear or sunny weather.
S1_C1_E170_V0790,A juvenile deer in clear or sunny weather.
S1_C1_E4_V0019,A juvenile deer in clear or sunny weather.
S1_C1_E170_V0796,A juvenile deer in clear or sunny weather.
S1_C1_E170_V0788,A juvenile deer in clear or sunny weather.
S1_C1_E170_V0791,A juvenile deer in clear or sunny weather.
S1_C1_E4_V0017,A juvenile deer in clear or sunny weather.
S1_C1_E170_V0793,A juvenile deer in clear or sunny weather.
S1_C1_E170_V0795,A juvenile deer in clear or sunny weather.
S1_C1_E8_V0029,A juvenile deer in clear or sunny weather.
S1_C4_F190_V0153,A juvenile deer in clear or sunny weather.
S1_C4_F190_V0159,A juvenile deer in clear or sunny weather.
S1_C4_F204_V0167,A juvenile deer in clear or sunny weather.
S1_C4_F190_V0146,A juvenile deer in clear or sunny weather.
S1_C4_F238_V0191,A juvenile deer in clear or sunny weather.
S1_C4_F244_V0217,A juvenile deer in clear or sunny weather.
S1_C4_F190_V0144,A juvenile deer in clear or sunny weather.
S1_C4_F441_V0482,A juvenile deer in clear or sunny weather.
S1_C4_F190_V0155,A juvenile deer in clear or sunny weather.
S1_C4_F66_V0054,A juvenile deer in clear or sunny weather.
S1_C4_F243_V0198,A juvenile deer in clear or sunny weather.
S1_C4_F243_V0208,A juvenile deer in clear or sunny weather.
S1_C4_F190_V0156,A juvenile deer in clear or sunny weather.
S1_C4_F94_V0083,A juvenile deer in clear or sunny weather.
S1_C4_F243_V0199,A juvenile deer in clear or sunny weather.
S1_C4_F246_V0237,A juvenile deer in clear or sunny weather.
S1_C4_F243_V0201,A juvenile deer in clear or sunny weather.
S1_C4_F190_V0148,A juvenile deer in clear or sunny weather.
S1_C4_F246_V0236,A juvenile deer in clear or sunny weather.
S1_C4_F190_V0145,A juvenile deer in clear or sunny weather.
S1_C4_F204_V0169,A juvenile deer in clear or sunny weather.
S1_C4_F244_V0212,A juvenile deer in clear or sunny weather.
S1_C4_F204_V0172,A juvenile deer in clear or sunny weather.
S1_C4_F190_V0154,A juvenile deer in clear or sunny weather.
S1_C4_F190_V0160,A juvenile deer in clear or sunny weather.
S1_C4_F244_V0210,A juvenile deer in clear or sunny weather.
S1_C4_F243_V0202,A juvenile deer in clear or sunny weather.
S1_C4_F244_V0216,A juvenile deer in clear or sunny weather.
S1_C4_F244_V0213,A juvenile deer in clear or sunny weather.
S1_C4_F190_V0161,A juvenile deer in clear or sunny weather.
S1_C4_F190_V0151,A juvenile deer in clear or sunny weather.
S1_C4_F243_V0203,A juvenile deer in clear or sunny weather.
S1_C4_F204_V0168,A juvenile deer in clear or sunny weather.
S1_C4_F190_V0150,A juvenile deer in clear or sunny weather.
S1_C4_F75_V0069,A juvenile deer in clear or sunny weather.
S1_C4_F181_V0140,A juvenile deer in clear or sunny weather.
S1_C4_F245_V0235,A juvenile deer in clear or sunny weather.
S1_C4_F204_V0170,A juvenile deer in clear or sunny weather.
S1_C4_F204_V0171,A juvenile deer in clear or sunny weather.
S1_C4_F190_V0157,A juvenile deer in clear or sunny weather.
S1_C4_F76_V0071,A juvenile deer in clear or sunny weather.
S1_C4_F243_V0197,A juvenile deer in clear or sunny weather.
S1_C4_F190_V0147,A juvenile deer in clear or sunny weather.
S1_C4_F430_V0471,A juvenile deer in clear or sunny weather.
S1_C4_F244_V0214,A juvenile deer in clear or sunny weather.
S1_C4_F75_V0070,A juvenile deer in clear or sunny weather.
S1_C4_F244_V0209,A juvenile deer in clear or sunny weather.
S1_C4_F243_V0200,A juvenile deer in clear or sunny weather.
S1_C4_F244_V0215,A juvenile deer in clear or sunny weather.
S1_C4_F246_V0238,A juvenile deer in clear or sunny weather.
S1_C4_F190_V0152,A juvenile deer in clear or sunny weather.
S1_C4_F190_V0158,A juvenile deer in clear or sunny weather.
S1_C4_F244_V0211,A juvenile deer in clear or sunny weather.
S1_C4_F190_V0149,A juvenile deer in clear or sunny weather.
S1_C6_F181_V0105,A juvenile deer in clear or sunny weather.
S1_C6_F430_V0406,A juvenile deer in clear or sunny weather.
S1_C6_F358_V0290,A juvenile deer in clear or sunny weather.
S1_C6_F246_V0170,A juvenile deer in clear or sunny weather.
S1_C6_F358_V0284,A juvenile deer in clear or sunny weather.
S1_C6_F76_V0055,A juvenile deer in clear or sunny weather.
S1_C6_F243_V0133,A juvenile deer in clear or sunny weather.
S1_C6_F358_V0286,A juvenile deer in clear or sunny weather.
S1_C6_F361_V0296,A juvenile deer in clear or sunny weather.
S1_C6_F358_V0289,A juvenile deer in clear or sunny weather.
S1_C6_F94_V0061,A juvenile deer in clear or sunny weather.
S1_C6_F245_V0166,A juvenile deer in clear or sunny weather.
S1_C6_F246_V0171,A juvenile deer in clear or sunny weather.
S1_C6_F243_V0145,A juvenile deer in clear or sunny weather.
S1_C6_F245_V0167,A juvenile deer in clear or sunny weather.
S1_C6_F359_V0293,A juvenile deer in clear or sunny weather.
S1_C6_F358_V0283,A juvenile deer in clear or sunny weather.
S1_C6_F358_V0281,A juvenile deer in clear or sunny weather.
S1_C6_F94_V0060,A juvenile deer in clear or sunny weather.
S1_C6_F75_V0053,A juvenile deer in clear or sunny weather.
S1_C6_F402_V0328,A juvenile deer in clear or sunny weather.
S1_C6_F94_V0059,A juvenile deer in clear or sunny weather.
S1_C6_F439_V0407,A juvenile deer in clear or sunny weather.
S1_C6_F441_V0408,A juvenile deer in clear or sunny weather.
S1_C6_F245_V0163,A juvenile deer in clear or sunny weather.
S1_C6_F243_V0142,A juvenile deer in clear or sunny weather.
S1_C6_F246_V0169,A juvenile deer in clear or sunny weather.
S1_C6_F360_V0294,A juvenile deer in clear or sunny weather.
S1_C6_F243_V0143,A juvenile deer in clear or sunny weather.
S1_C6_F358_V0282,A juvenile deer in clear or sunny weather.
S1_C6_F244_V0146,A juvenile deer in clear or sunny weather.
S1_C6_F238_V0128,A juvenile deer in clear or sunny weather.
S1_C6_F243_V0144,A juvenile deer in clear or sunny weather.
S1_C6_F75_V0054,A juvenile deer in clear or sunny weather.
S1_C6_F386_V0301,A juvenile deer in clear or sunny weather.
S1_C2_E170_V0395,A juvenile deer in clear or sunny weather.
S1_C2_E170_V0396,A juvenile deer in clear or sunny weather.
S1_C2_E170_V0394,A juvenile deer in clear or sunny weather.
S1_C2_E8_V0025,A juvenile deer in clear or sunny weather.
S1_C2_E8_V0024,A juvenile deer in clear or sunny weather.
S1_C2_E170_V0399,A juvenile deer in clear or sunny weather.
S1_C2_E50_V0076,A juvenile deer in clear or sunny weather.
S1_C2_E170_V0398,A juvenile deer in clear or sunny weather.
S1_C2_E170_V0397,A juvenile deer in clear or sunny weather.
S2_C3_E265_V0020,A juvenile deer in clear or sunny weather.
S2_C3_E300_V0067,A juvenile deer in clear or sunny weather.
S2_C3_F479_V0048,A juvenile deer in clear or sunny weather.
S2_C3_E313_V0086,A juvenile deer in clear or sunny weather.
S2_C3_E365_V0116,A juvenile deer in clear or sunny weather.
S2_C3_E312_V0085,A juvenile deer in clear or sunny weather.
S2_C3_E304_V0070,A juvenile deer in clear or sunny weather.
S2_C3_F625_V0155,A juvenile deer in clear or sunny weather.
S2_C3_F502_V0076,A juvenile deer in clear or sunny weather.
S2_C3_E365_V0115,A juvenile deer in clear or sunny weather.
S2_C3_F480_V0050,A juvenile deer in clear or sunny weather.
S2_C3_F483_V0053,A juvenile deer in clear or sunny weather.
S2_C3_E362_V0114,A juvenile deer in clear or sunny weather.
S2_C3_F469_V0041,A juvenile deer in clear or sunny weather.
S2_C3_E305_V0071,A juvenile deer in clear or sunny weather.
S2_C3_F479_V0049,A juvenile deer in clear or sunny weather.
S2_C3_E339_V0102,A juvenile deer in clear or sunny weather.
S2_C3_F499_V0074,A juvenile deer in clear or sunny weather.
S2_C3_E300_V0068,A juvenile deer in clear or sunny weather.
S2_C3_F449_V0010,A juvenile deer in clear or sunny weather.
S2_C1_E339_V0081,A juvenile deer in clear or sunny weather.
S2_C1_F479_V0034,A juvenile deer in clear or sunny weather.
S2_C1_E305_V0051,A juvenile deer in clear or sunny weather.
S2_C1_E300_V0047,A juvenile deer in clear or sunny weather.
S2_C1_E300_V0048,A juvenile deer in clear or sunny weather.
S2_C1_F480_V0035,A juvenile deer in clear or sunny weather.
S2_C1_E304_V0050,A juvenile deer in clear or sunny weather.
S2_C1_E361_V0097,A juvenile deer in clear or sunny weather.
S2_C1_F479_V0031,A juvenile deer in clear or sunny weather.
S2_C1_E365_V0100,A juvenile deer in clear or sunny weather.
S2_C1_F479_V0033,A juvenile deer in clear or sunny weather.
S2_C1_F469_V0027,A juvenile deer in clear or sunny weather.
S2_C1_E265_V0026,A juvenile deer in clear or sunny weather.
S2_C1_F483_V0037,A juvenile deer in clear or sunny weather.
S2_C1_F479_V0032,A juvenile deer in clear or sunny weather.
S2_C1_E265_V0027,A juvenile deer in clear or sunny weather.
S2_C1_F449_V0012,A juvenile deer in clear or sunny weather.
S2_C1_E265_V0025,A juvenile deer in clear or sunny weather.
S2_C1_E339_V0079,A juvenile deer in clear or sunny weather.
S2_C1_E265_V0029,A juvenile deer in clear or sunny weather.
S2_C1_F502_V0048,A juvenile deer in clear or sunny weather.
S2_C1_F625_V0128,A juvenile deer in clear or sunny weather.
S2_C1_E339_V0080,A juvenile deer in clear or sunny weather.
S2_C2_E305_V0056,A juvenile deer in clear or sunny weather.
S2_C2_F483_V0040,A juvenile deer in clear or sunny weather.
S2_C2_F502_V0052,A juvenile deer in clear or sunny weather.
S2_C2_E365_V0110,A juvenile deer in clear or sunny weather.
S2_C2_F479_V0035,A juvenile deer in clear or sunny weather.
S2_C2_E313_V0065,A juvenile deer in clear or sunny weather.
S2_C2_F449_V0018,A juvenile deer in clear or sunny weather.
S2_C2_E312_V0064,A juvenile deer in clear or sunny weather.
S2_C2_F480_V0037,A juvenile deer in clear or sunny weather.
S2_C2_E300_V0051,A juvenile deer in clear or sunny weather.
S2_C2_E300_V0050,A juvenile deer in clear or sunny weather.
S2_C2_E339_V0083,A juvenile deer in clear or sunny weather.
S2_C2_E265_V0024,A juvenile deer in clear or sunny weather.
S2_C2_E339_V0084,A juvenile deer in clear or sunny weather.
S2_C2_F625_V0115,A juvenile deer in clear or sunny weather.
S2_C2_E365_V0109,A juvenile deer in clear or sunny weather.
S2_C2_F479_V0036,A juvenile deer in clear or sunny weather.
S2_C2_E304_V0055,A juvenile deer in clear or sunny weather.
S2_C2_F469_V0031,A juvenile deer in clear or sunny weather.
S2_C2_E339_V0085,A juvenile deer in clear or sunny weather.
S3_C3_E455_V0170,A juvenile deer in rainy weather.
S3_C3_E462_V0181,A juvenile deer in rainy weather.
S3_C3_E444_V0123,A juvenile deer in rainy weather.
S3_C3_E460_V0175,A juvenile deer in rainy weather.
S3_C3_E462_V0179,A juvenile deer in rainy weather.
S3_C3_E462_V0180,A juvenile deer in rainy weather.
S3_C3_E460_V0173,A juvenile deer in rainy weather.
S3_C3_E460_V0176,A juvenile deer in rainy weather.
S3_C3_E460_V0174,A juvenile deer in rainy weather.
S3_C1_E460_V0545,A juvenile deer in rainy weather.
S3_C1_E462_V0546,A juvenile deer in rainy weather.
S3_C2_E460_V0066,A juvenile deer in rainy weather.
S3_C2_E462_V0068,A juvenile deer in rainy weather.
S3_C2_E460_V0065,A juvenile deer in rainy weather.
S3_C2_E444_V0056,A juvenile deer in rainy weather.
S1_C1_E40_V0100,A juvenile deer in rainy weather.
S1_C1_E40_V0106,A juvenile deer in rainy weather.
S1_C1_E40_V0101,A juvenile deer in rainy weather.
S1_C1_E40_V0097,A juvenile deer in rainy weather.
S1_C1_E40_V0095,A juvenile deer in rainy weather.
S1_C1_E40_V0098,A juvenile deer in rainy weather.
S1_C1_E40_V0102,A juvenile deer in rainy weather.
S1_C1_E40_V0094,A juvenile deer in rainy weather.
S1_C1_E40_V0099,A juvenile deer in rainy weather.
S1_C1_E40_V0103,A juvenile deer in rainy weather.
S1_C1_E40_V0105,A juvenile deer in rainy weather.
S1_C1_E40_V0096,A juvenile deer in rainy weather.
S1_C1_E40_V0093,A juvenile deer in rainy weather.
S1_C1_E40_V0104,A juvenile deer in rainy weather.
S1_C4_F200_V0164,A juvenile deer in rainy weather.
S1_C4_F200_V0165,A juvenile deer in rainy weather.
S1_C2_E179_V0409,A juvenile deer in rainy weather.
S1_C2_E40_V0064,A juvenile deer in rainy weather.
S1_C2_E40_V0065,A juvenile deer in rainy weather.
S1_C2_E40_V0062,A juvenile deer in rainy weather.
S1_C2_E40_V0066,A juvenile deer in rainy weather.
S1_C2_E40_V0071,A juvenile deer in rainy weather.
S1_C2_E40_V0070,A juvenile deer in rainy weather.
S1_C2_E40_V0068,A juvenile deer in rainy weather.
S1_C2_E40_V0067,A juvenile deer in rainy weather.
S1_C2_E40_V0069,A juvenile deer in rainy weather.
S2_C3_F468_V0040,A juvenile deer in rainy weather.
S2_C3_F560_V0112,A juvenile deer in rainy weather.
S2_C1_F560_V0083,A juvenile deer in rainy weather.
S2_C1_E270_V0032,A juvenile deer in rainy weather.
S2_C2_F560_V0077,A juvenile deer in rainy weather.
S2_C2_F468_V0030,A juvenile deer in rainy weather.
S3_C3_E476_V0227,An animal participating in courtship.
S3_C3_E476_V0215,An animal participating in courtship.
S3_C3_E545_V0399,An animal participating in courtship.
S3_C3_E545_V0431,An animal participating in courtship.
S3_C2_E545_V0095,An animal participating in courtship.
S3_C2_E709_V0241,An animal participating in courtship.
S3_C2_E757_V0394,An animal participating in courtship.
S3_C2_E799_V0535,An animal participating in courtship.
S3_C2_E782_V0476,An animal participating in courtship.
S3_C2_E706_V0199,An animal participating in courtship.
S3_C2_E726_V0311,An animal participating in courtship.
S3_C2_E743_V0362,An animal participating in courtship.
S3_C2_E706_V0218,An animal participating in courtship.
S3_C2_E709_V0242,An animal participating in courtship.
S3_C2_E800_V0536,An animal participating in courtship.
S3_C2_E782_V0482,An animal participating in courtship.
S3_C2_E730_V0322,An animal participating in courtship.
S3_C2_E782_V0481,An animal participating in courtship.
S3_C2_E706_V0200,An animal participating in courtship.
S3_C2_E746_V0375,An animal participating in courtship.
S3_C2_E802_V0538,An animal participating in courtship.
S3_C2_E782_V0480,An animal participating in courtship.
S3_C2_E706_V0224,An animal participating in courtship.
S3_C2_E476_V0074,An animal participating in courtship.
S3_C2_E760_V0410,An animal participating in courtship.
S3_C2_E787_V0506,An animal participating in courtship.
S3_C2_E786_V0505,An animal participating in courtship.
S3_C2_E780_V0469,An animal participating in courtship.
S3_C2_E730_V0323,An animal participating in courtship.
S3_C2_E730_V0321,An animal participating in courtship.
S3_C2_E806_V0553,An animal participating in courtship.
S3_C2_E780_V0472,An animal participating in courtship.
S3_C2_E706_V0197,An animal participating in courtship.
S3_C2_E746_V0376,An animal participating in courtship.
S3_C2_E788_V0511,An animal participating in courtship.
S3_C2_E763_V0414,An animal participating in courtship.
S3_C2_E780_V0470,An animal participating in courtship.
S3_C2_E763_V0416,An animal participating in courtship.
S3_C2_E729_V0319,An animal participating in courtship.
S3_C2_E706_V0221,An animal participating in courtship.
S3_C2_E673_V0169,An animal participating in courtship.
S3_C2_E706_V0223,An animal participating in courtship.
S3_C2_E758_V0404,An animal participating in courtship.
S3_C2_E729_V0318,An animal participating in courtship.
S3_C2_E780_V0468,An animal participating in courtship.
S3_C2_E706_V0196,An animal participating in courtship.
S3_C2_E706_V0217,An animal participating in courtship.
S3_C2_E786_V0499,An animal participating in courtship.
S1_C3_E191_V0080,An animal participating in courtship.
S1_C5_F131_V0178,An animal participating in courtship.
S1_C1_E105_V0290,An animal participating in courtship.
S1_C1_E177_V0821,An animal participating in courtship.
S1_C1_E138_V0701,An animal participating in courtship.
S1_C1_E177_V0822,An animal participating in courtship.
S1_C1_E122_V0456,An animal participating in courtship.
S1_C1_E122_V0455,An animal participating in courtship.
S1_C1_E162_V0780,An animal participating in courtship.
S1_C6_F131_V0083,An animal participating in courtship.
S1_C2_E191_V0428,An animal participating in courtship.
S1_C2_E237_V0532,An animal participating in courtship.
S1_C2_E155_V0389,An animal participating in courtship.
S1_C2_E130_V0284,An animal participating in courtship.
S1_C2_E181_V0416,An animal participating in courtship.
S1_C2_E105_V0146,An animal participating in courtship.
S1_C2_E130_V0282,An animal participating in courtship.
S1_C2_E104_V0120,An animal participating in courtship.
S1_C2_E191_V0427,An animal participating in courtship.
S2_C3_F612_V0144,An animal participating in courtship.
S2_C3_F620_V0150,An animal participating in courtship.
S2_C3_F618_V0149,An animal participating in courtship.
S2_C3_F614_V0148,An animal participating in courtship.
S2_C1_F614_V0121,An animal participating in courtship.
S2_C1_F617_V0124,An animal participating in courtship.
S2_C1_E378_V0109,An animal participating in courtship.
S2_C1_E368_V0103,An animal participating in courtship.
S2_C1_F612_V0118,An animal participating in courtship.
S2_C1_F613_V0120,An animal participating in courtship.
S2_C1_F575_V0095,An animal participating in courtship.
S2_C2_F618_V0112,An animal participating in courtship.
S2_C2_F613_V0109,An animal participating in courtship.
S2_C2_E378_V0121,An animal participating in courtship.
S2_C2_F614_V0111,An animal participating in courtship.
S2_C2_F612_V0108,An animal participating in courtship.
S2_C2_F575_V0088,An animal participating in courtship.
S3_C3_E476_V0227,An adult red deer standing with its head up while participating in courtship.
S3_C3_E545_V0399,An adult red deer standing with its head up while participating in courtship.
S3_C2_E545_V0095,An adult red deer standing with its head up while participating in courtship.
S3_C2_E709_V0241,An adult red deer standing with its head up while participating in courtship.
S3_C2_E757_V0394,An adult red deer standing with its head up while participating in courtship.
S3_C2_E799_V0535,An adult red deer standing with its head up while participating in courtship.
S3_C2_E782_V0476,An adult red deer standing with its head up while participating in courtship.
S3_C2_E726_V0311,An adult red deer standing with its head up while participating in courtship.
S3_C2_E706_V0218,An adult red deer standing with its head up while participating in courtship.
S3_C2_E709_V0242,An adult red deer standing with its head up while participating in courtship.
S3_C2_E800_V0536,An adult red deer standing with its head up while participating in courtship.
S3_C2_E730_V0322,An adult red deer standing with its head up while participating in courtship.
S3_C2_E782_V0481,An adult red deer standing with its head up while participating in courtship.
S3_C2_E746_V0375,An adult red deer standing with its head up while participating in courtship.
S3_C2_E782_V0480,An adult red deer standing with its head up while participating in courtship.
S3_C2_E706_V0224,An adult red deer standing with its head up while participating in courtship.
S3_C2_E476_V0074,An adult red deer standing with its head up while participating in courtship.
S3_C2_E787_V0506,An adult red deer standing with its head up while participating in courtship.
S3_C2_E780_V0469,An adult red deer standing with its head up while participating in courtship.
S3_C2_E730_V0323,An adult red deer standing with its head up while participating in courtship.
S3_C2_E730_V0321,An adult red deer standing with its head up while participating in courtship.
S3_C2_E806_V0553,An adult red deer standing with its head up while participating in courtship.
S3_C2_E780_V0472,An adult red deer standing with its head up while participating in courtship.
S3_C2_E763_V0414,An adult red deer standing with its head up while participating in courtship.
S3_C2_E780_V0470,An adult red deer standing with its head up while participating in courtship.
S3_C2_E763_V0416,An adult red deer standing with its head up while participating in courtship.
S3_C2_E729_V0319,An adult red deer standing with its head up while participating in courtship.
S3_C2_E706_V0221,An adult red deer standing with its head up while participating in courtship.
S3_C2_E673_V0169,An adult red deer standing with its head up while participating in courtship.
S3_C2_E706_V0223,An adult red deer standing with its head up while participating in courtship.
S3_C2_E758_V0404,An adult red deer standing with its head up while participating in courtship.
S3_C2_E729_V0318,An adult red deer standing with its head up while participating in courtship.
S3_C2_E780_V0468,An adult red deer standing with its head up while participating in courtship.
S3_C2_E706_V0217,An adult red deer standing with its head up while participating in courtship.
S1_C3_E191_V0080,An adult red deer standing with its head up while participating in courtship.
S1_C1_E105_V0290,An adult red deer standing with its head up while participating in courtship.
S1_C1_E177_V0821,An adult red deer standing with its head up while participating in courtship.
S1_C1_E138_V0701,An adult red deer standing with its head up while participating in courtship.
S1_C1_E177_V0822,An adult red deer standing with its head up while participating in courtship.
S1_C1_E122_V0456,An adult red deer standing with its head up while participating in courtship.
S1_C2_E191_V0428,An adult red deer standing with its head up while participating in courtship.
S1_C2_E130_V0284,An adult red deer standing with its head up while participating in courtship.
S1_C2_E105_V0146,An adult red deer standing with its head up while participating in courtship.
S1_C2_E130_V0282,An adult red deer standing with its head up while participating in courtship.
S1_C2_E104_V0120,An adult red deer standing with its head up while participating in courtship.
S1_C2_E191_V0427,An adult red deer standing with its head up while participating in courtship.
S2_C1_E368_V0103,An adult red deer standing with its head up while participating in courtship.
S3_C3_E476_V0227,An adult red deer vocalizing while participating in courtship.
S3_C3_E476_V0215,An adult red deer vocalizing while participating in courtship.
S3_C3_E545_V0399,An adult red deer vocalizing while participating in courtship.
S3_C3_E545_V0431,An adult red deer vocalizing while participating in courtship.
S3_C2_E545_V0095,An adult red deer vocalizing while participating in courtship.
S3_C2_E709_V0241,An adult red deer vocalizing while participating in courtship.
S3_C2_E757_V0394,An adult red deer vocalizing while participating in courtship.
S3_C2_E799_V0535,An adult red deer vocalizing while participating in courtship.
S3_C2_E782_V0476,An adult red deer vocalizing while participating in courtship.
S3_C2_E706_V0199,An adult red deer vocalizing while participating in courtship.
S3_C2_E726_V0311,An adult red deer vocalizing while participating in courtship.
S3_C2_E743_V0362,An adult red deer vocalizing while participating in courtship.
S3_C2_E706_V0218,An adult red deer vocalizing while participating in courtship.
S3_C2_E709_V0242,An adult red deer vocalizing while participating in courtship.
S3_C2_E800_V0536,An adult red deer vocalizing while participating in courtship.
S3_C2_E782_V0482,An adult red deer vocalizing while participating in courtship.
S3_C2_E730_V0322,An adult red deer vocalizing while participating in courtship.
S3_C2_E782_V0481,An adult red deer vocalizing while participating in courtship.
S3_C2_E706_V0200,An adult red deer vocalizing while participating in courtship.
S3_C2_E802_V0538,An adult red deer vocalizing while participating in courtship.
S3_C2_E782_V0480,An adult red deer vocalizing while participating in courtship.
S3_C2_E706_V0224,An adult red deer vocalizing while participating in courtship.
S3_C2_E476_V0074,An adult red deer vocalizing while participating in courtship.
S3_C2_E760_V0410,An adult red deer vocalizing while participating in courtship.
S3_C2_E787_V0506,An adult red deer vocalizing while participating in courtship.
S3_C2_E780_V0469,An adult red deer vocalizing while participating in courtship.
S3_C2_E730_V0323,An adult red deer vocalizing while participating in courtship.
S3_C2_E730_V0321,An adult red deer vocalizing while participating in courtship.
S3_C2_E806_V0553,An adult red deer vocalizing while participating in courtship.
S3_C2_E780_V0472,An adult red deer vocalizing while participating in courtship.
S3_C2_E706_V0197,An adult red deer vocalizing while participating in courtship.
S3_C2_E763_V0414,An adult red deer vocalizing while participating in courtship.
S3_C2_E780_V0470,An adult red deer vocalizing while participating in courtship.
S3_C2_E763_V0416,An adult red deer vocalizing while participating in courtship.
S3_C2_E729_V0319,An adult red deer vocalizing while participating in courtship.
S3_C2_E706_V0221,An adult red deer vocalizing while participating in courtship.
S3_C2_E673_V0169,An adult red deer vocalizing while participating in courtship.
S3_C2_E706_V0223,An adult red deer vocalizing while participating in courtship.
S3_C2_E758_V0404,An adult red deer vocalizing while participating in courtship.
S3_C2_E729_V0318,An adult red deer vocalizing while participating in courtship.
S3_C2_E780_V0468,An adult red deer vocalizing while participating in courtship.
S3_C2_E706_V0196,An adult red deer vocalizing while participating in courtship.
S3_C2_E706_V0217,An adult red deer vocalizing while participating in courtship.
S3_C2_E786_V0499,An adult red deer vocalizing while participating in courtship.
S1_C3_E191_V0080,An adult red deer vocalizing while participating in courtship.
S1_C1_E105_V0290,An adult red deer vocalizing while participating in courtship.
S1_C1_E177_V0821,An adult red deer vocalizing while participating in courtship.
S1_C1_E138_V0701,An adult red deer vocalizing while participating in courtship.
S1_C1_E177_V0822,An adult red deer vocalizing while participating in courtship.
S1_C1_E122_V0456,An adult red deer vocalizing while participating in courtship.
S1_C1_E122_V0455,An adult red deer vocalizing while participating in courtship.
S1_C2_E191_V0428,An adult red deer vocalizing while participating in courtship.
S1_C2_E237_V0532,An adult red deer vocalizing while participating in courtship.
S1_C2_E155_V0389,An adult red deer vocalizing while participating in courtship.
S1_C2_E130_V0284,An adult red deer vocalizing while participating in courtship.
S1_C2_E105_V0146,An adult red deer vocalizing while participating in courtship.
S1_C2_E130_V0282,An adult red deer vocalizing while participating in courtship.
S1_C2_E104_V0120,An adult red deer vocalizing while participating in courtship.
S1_C2_E191_V0427,An adult red deer vocalizing while participating in courtship.
S2_C1_E378_V0109,An adult red deer vocalizing while participating in courtship.
S2_C1_E368_V0103,An adult red deer vocalizing while participating in courtship.
S2_C2_E378_V0121,An adult red deer vocalizing while participating in courtship.
S2_C1_E378_V0109,A video of two adult red deer vocalizing while participating in courtship.
S3_C3_E476_V0215,An adult red deer lying down while participating in courtship.
S3_C3_E545_V0431,An adult red deer lying down while participating in courtship.
S3_C2_E706_V0199,An adult red deer lying down while participating in courtship.
S3_C2_E706_V0200,An adult red deer lying down while participating in courtship.
S3_C2_E760_V0410,An adult red deer lying down while participating in courtship.
S3_C2_E706_V0197,An adult red deer lying down while participating in courtship.
S3_C2_E706_V0196,An adult red deer lying down while participating in courtship.
S3_C2_E743_V0362,An adult male red deer running while participating in courtship.
S3_C2_E786_V0505,An adult male red deer running while participating in courtship.
S3_C2_E788_V0511,An adult male red deer running while participating in courtship.
S3_C2_E786_V0499,An adult male red deer running while participating in courtship.
S1_C1_E162_V0780,An adult male red deer running while participating in courtship.
S1_C2_E181_V0416,An adult male red deer running while participating in courtship.
S2_C3_F620_V0150,An adult male red deer running while participating in courtship.
S2_C1_E378_V0109,An adult male red deer running while participating in courtship.
S2_C2_E378_V0121,An adult male red deer running while participating in courtship.
S3_C2_E786_V0499,An adult female red deer running while participating in courtship.
S1_C1_E162_V0780,An adult female red deer running while participating in courtship.
S2_C1_E378_V0109,An adult female red deer running while participating in courtship.
S3_C2_E786_V0499,A video of one adult male and one adult female red deer running while participating in courtship.
S1_C1_E162_V0780,A video of one adult male and one adult female red deer running while participating in courtship.
S2_C1_E378_V0109,A video of one adult male and one adult female red deer running while participating in courtship.
S1_C5_F131_V0178,An adult male roe deer running while participating in courtship.
S1_C6_F131_V0083,An adult male roe deer running while participating in courtship.
S2_C3_F612_V0144,An adult male roe deer running while participating in courtship.
S2_C3_F618_V0149,An adult male roe deer running while participating in courtship.
S2_C3_F614_V0148,An adult male roe deer running while participating in courtship.
S2_C1_F614_V0121,An adult male roe deer running while participating in courtship.
S2_C1_F617_V0124,An adult male roe deer running while participating in courtship.
S2_C1_F612_V0118,An adult male roe deer running while participating in courtship.
S2_C1_F613_V0120,An adult male roe deer running while participating in courtship.
S2_C1_F575_V0095,An adult male roe deer running while participating in courtship.
S2_C2_F618_V0112,An adult male roe deer running while participating in courtship.
S2_C2_F613_V0109,An adult male roe deer running while participating in courtship.
S2_C2_F614_V0111,An adult male roe deer running while participating in courtship.
S2_C2_F612_V0108,An adult male roe deer running while participating in courtship.
S2_C2_F575_V0088,An adult male roe deer running while participating in courtship.
S1_C5_F131_V0178,An adult female roe deer running while participating in courtship.
S2_C3_F620_V0150,An adult female roe deer running while participating in courtship.
S2_C3_F618_V0149,An adult female roe deer running while participating in courtship.
S2_C3_F614_V0148,An adult female roe deer running while participating in courtship.
S2_C1_F614_V0121,An adult female roe deer running while participating in courtship.
S2_C1_F617_V0124,An adult female roe deer running while participating in courtship.
S2_C1_F612_V0118,An adult female roe deer running while participating in courtship.
S2_C1_F575_V0095,An adult female roe deer running while participating in courtship.
S2_C2_F613_V0109,An adult female roe deer running while participating in courtship.
S2_C2_F614_V0111,An adult female roe deer running while participating in courtship.
S2_C2_F612_V0108,An adult female roe deer running while participating in courtship.
S2_C2_F575_V0088,An adult female roe deer running while participating in courtship.
S1_C5_F131_V0178,A video of one adult male and one adult female roe deer running while participating in courtship.
S2_C3_F618_V0149,A video of one adult male and one adult female roe deer running while participating in courtship.
S2_C3_F614_V0148,A video of one adult male and one adult female roe deer running while participating in courtship.
S2_C1_F614_V0121,A video of one adult male and one adult female roe deer running while participating in courtship.
S2_C1_F617_V0124,A video of one adult male and one adult female roe deer running while participating in courtship.
S2_C1_F612_V0118,A video of one adult male and one adult female roe deer running while participating in courtship.
S2_C1_F575_V0095,A video of one adult male and one adult female roe deer running while participating in courtship.
S2_C2_F613_V0109,A video of one adult male and one adult female roe deer running while participating in courtship.
S2_C2_F614_V0111,A video of one adult male and one adult female roe deer running while participating in courtship.
S2_C2_F612_V0108,A video of one adult male and one adult female roe deer running while participating in courtship.
S2_C2_F575_V0088,A video of one adult male and one adult female roe deer running while participating in courtship.
S3_C3_E525_V0337,An adult male red deer pawing the ground while wallowing.
S3_C3_E476_V0229,An adult male red deer pawing the ground while wallowing.
S3_C3_E476_V0217,An adult male red deer pawing the ground while wallowing.
S3_C3_E545_V0424,An adult male red deer pawing the ground while wallowing.
S3_C3_E525_V0336,An adult male red deer pawing the ground while wallowing.
S3_C3_E476_V0218,An adult male red deer pawing the ground while wallowing.
S3_C3_E545_V0382,An adult male red deer pawing the ground while wallowing.
S3_C3_E476_V0214,An adult male red deer pawing the ground while wallowing.
S3_C3_E476_V0212,An adult male red deer pawing the ground while wallowing.
S3_C3_E476_V0213,An adult male red deer pawing the ground while wallowing.
S3_C2_E476_V0071,An adult male red deer pawing the ground while wallowing.
S3_C2_E707_V0234,An adult male red deer pawing the ground while wallowing.
S3_C2_E800_V0536,An adult male red deer pawing the ground while wallowing.
S3_C2_E802_V0538,An adult male red deer pawing the ground while wallowing.
S3_C2_E780_V0471,An adult male red deer pawing the ground while wallowing.
S3_C2_E706_V0229,An adult male red deer pawing the ground while wallowing.
S3_C2_E730_V0321,An adult male red deer pawing the ground while wallowing.
S3_C2_E476_V0075,An adult male red deer pawing the ground while wallowing.
S3_C2_E706_V0226,An adult male red deer pawing the ground while wallowing.
S3_C2_E715_V0252,An adult male red deer pawing the ground while wallowing.
S3_C2_E476_V0072,An adult male red deer pawing the ground while wallowing.
S3_C2_E476_V0073,An adult male red deer pawing the ground while wallowing.
S3_C2_E706_V0228,An adult male red deer pawing the ground while wallowing.
S3_C2_E762_V0412,An adult male red deer pawing the ground while wallowing.
S3_C2_E672_V0168,An adult male red deer pawing the ground while wallowing.
S3_C2_E780_V0467,An adult male red deer pawing the ground while wallowing.
S3_C2_E706_V0196,An adult male red deer pawing the ground while wallowing.
S1_C2_E123_V0267,An adult male red deer pawing the ground while wallowing.
S3_C3_E476_V0217,An adult male red deer pawing the ground and rubbing its antlers on the ground while wallowing.
S3_C3_E476_V0218,An adult male red deer pawing the ground and rubbing its antlers on the ground while wallowing.
S3_C3_E545_V0382,An adult male red deer pawing the ground and rubbing its antlers on the ground while wallowing.
S3_C3_E476_V0214,An adult male red deer pawing the ground and rubbing its antlers on the ground while wallowing.
S3_C3_E476_V0213,An adult male red deer pawing the ground and rubbing its antlers on the ground while wallowing.
S3_C2_E707_V0234,An adult male red deer pawing the ground and rubbing its antlers on the ground while wallowing.
S3_C2_E800_V0536,An adult male red deer pawing the ground and rubbing its antlers on the ground while wallowing.
S3_C2_E802_V0538,An adult male red deer pawing the ground and rubbing its antlers on the ground while wallowing.
S3_C2_E780_V0471,An adult male red deer pawing the ground and rubbing its antlers on the ground while wallowing.
S3_C2_E706_V0229,An adult male red deer pawing the ground and rubbing its antlers on the ground while wallowing.
S3_C2_E730_V0321,An adult male red deer pawing the ground and rubbing its antlers on the ground while wallowing.
S3_C2_E476_V0075,An adult male red deer pawing the ground and rubbing its antlers on the ground while wallowing.
S3_C2_E715_V0252,An adult male red deer pawing the ground and rubbing its antlers on the ground while wallowing.
S3_C2_E476_V0072,An adult male red deer pawing the ground and rubbing its antlers on the ground while wallowing.
S3_C2_E476_V0073,An adult male red deer pawing the ground and rubbing its antlers on the ground while wallowing.
S3_C2_E706_V0228,An adult male red deer pawing the ground and rubbing its antlers on the ground while wallowing.
S3_C2_E762_V0412,An adult male red deer pawing the ground and rubbing its antlers on the ground while wallowing.
S3_C2_E672_V0168,An adult male red deer pawing the ground and rubbing its antlers on the ground while wallowing.
S3_C2_E780_V0467,An adult male red deer pawing the ground and rubbing its antlers on the ground while wallowing.
S1_C2_E123_V0267,An adult male red deer pawing the ground and rubbing its antlers on the ground while wallowing.
S3_C3_E545_V0406,An adult male red deer bathing while wallowing.
S3_C3_E545_V0381,An adult male red deer bathing while wallowing.
S3_C3_E545_V0382,An adult male red deer bathing while wallowing.
S3_C2_E545_V0093,An adult male red deer bathing while wallowing.
S3_C2_E760_V0410,An adult male red deer bathing while wallowing.
S3_C2_E476_V0072,An adult male red deer bathing while wallowing.
S3_C2_E672_V0168,An adult male red deer bathing while wallowing.
S3_C2_E780_V0471,An adult male red deer urinating while wallowing.
S3_C3_E476_V0227,An adult male red deer being vigilant after vocalizing.
S3_C2_E709_V0241,An adult male red deer being vigilant after vocalizing.
S3_C2_E799_V0535,An adult male red deer being vigilant after vocalizing.
S3_C2_E706_V0218,An adult male red deer being vigilant after vocalizing.
S3_C2_E709_V0242,An adult male red deer being vigilant after vocalizing.
S3_C2_E800_V0536,An adult male red deer being vigilant after vocalizing.
S3_C2_E730_V0322,An adult male red deer being vigilant after vocalizing.
S3_C2_E706_V0224,An adult male red deer being vigilant after vocalizing.
S3_C2_E476_V0074,An adult male red deer being vigilant after vocalizing.
S3_C2_E787_V0506,An adult male red deer being vigilant after vocalizing.
S3_C2_E780_V0469,An adult male red deer being vigilant after vocalizing.
S3_C2_E730_V0323,An adult male red deer being vigilant after vocalizing.
S3_C2_E730_V0321,An adult male red deer being vigilant after vocalizing.
S3_C2_E806_V0553,An adult male red deer being vigilant after vocalizing.
S3_C2_E780_V0472,An adult male red deer being vigilant after vocalizing.
S3_C2_E763_V0414,An adult male red deer being vigilant after vocalizing.
S3_C2_E780_V0470,An adult male red deer being vigilant after vocalizing.
S3_C2_E763_V0416,An adult male red deer being vigilant after vocalizing.
S3_C2_E729_V0319,An adult male red deer being vigilant after vocalizing.
S3_C2_E706_V0221,An adult male red deer being vigilant after vocalizing.
S3_C2_E729_V0318,An adult male red deer being vigilant after vocalizing.
S3_C2_E780_V0468,An adult male red deer being vigilant after vocalizing.
S1_C1_E177_V0821,An adult male red deer being vigilant after vocalizing.
S1_C1_E138_V0701,An adult male red deer being vigilant after vocalizing.
S1_C1_E177_V0822,An adult male red deer being vigilant after vocalizing.
S1_C2_E130_V0284,An adult male red deer being vigilant after vocalizing.
S1_C2_E105_V0146,An adult male red deer being vigilant after vocalizing.
S1_C2_E130_V0282,An adult male red deer being vigilant after vocalizing.
S2_C1_E368_V0103,An adult male red deer being vigilant after vocalizing.
S2_C3_F620_V0150,A roe deer participating in courtship in clear weather.
S2_C3_F618_V0149,A roe deer participating in courtship in clear weather.
S2_C1_F575_V0095,A roe deer participating in courtship in clear weather.
S2_C2_F618_V0112,A roe deer participating in courtship in clear weather.
S2_C2_F575_V0088,A roe deer participating in courtship in clear weather.
S2_C3_F612_V0144,A roe deer participating in courtship in rainy weather.
S2_C3_F614_V0148,A roe deer participating in courtship in rainy weather.
S2_C1_F614_V0121,A roe deer participating in courtship in rainy weather.
S2_C1_F612_V0118,A roe deer participating in courtship in rainy weather.
S2_C1_F613_V0120,A roe deer participating in courtship in rainy weather.
S2_C2_F613_V0109,A roe deer participating in courtship in rainy weather.
S2_C2_F614_V0111,A roe deer participating in courtship in rainy weather.
S2_C2_F612_V0108,A roe deer participating in courtship in rainy weather.
S3_C3_E453_V0159,A video of two or more animals.
S3_C3_E642_V0616,A video of two or more animals.
S3_C3_E642_V0622,A video of two or more animals.
S3_C3_E455_V0170,A video of two or more animals.
S3_C3_E444_V0121,A video of two or more animals.
S3_C3_E462_V0181,A video of two or more animals.
S3_C3_E444_V0123,A video of two or more animals.
S3_C3_E642_V0623,A video of two or more animals.
S3_C3_E462_V0179,A video of two or more animals.
S3_C3_E462_V0180,A video of two or more animals.
S3_C3_E453_V0160,A video of two or more animals.
S3_C3_E642_V0619,A video of two or more animals.
S3_C3_E642_V0618,A video of two or more animals.
S3_C3_E444_V0124,A video of two or more animals.
S3_C3_E642_V0621,A video of two or more animals.
S3_C3_E444_V0125,A video of two or more animals.
S3_C3_E460_V0176,A video of two or more animals.
S3_C3_E642_V0620,A video of two or more animals.
S3_C3_E444_V0122,A video of two or more animals.
S3_C3_E560_V0458,A video of two or more animals.
S3_C5_F760_V0162,A video of two or more animals.
S3_C1_E462_V0546,A video of two or more animals.
S3_C4_F760_V0233,A video of two or more animals.
S3_C2_E716_V0257,A video of two or more animals.
S3_C2_E783_V0483,A video of two or more animals.
S3_C2_E704_V0193,A video of two or more animals.
S3_C2_E581_V0107,A video of two or more animals.
S3_C2_E642_V0146,A video of two or more animals.
S3_C2_E786_V0504,A video of two or more animals.
S3_C2_E460_V0066,A video of two or more animals.
S3_C2_E686_V0175,A video of two or more animals.
S3_C2_E462_V0068,A video of two or more animals.
S3_C2_E581_V0110,A video of two or more animals.
S3_C2_E455_V0062,A video of two or more animals.
S3_C2_E803_V0541,A video of two or more animals.
S3_C2_E786_V0500,A video of two or more animals.
S3_C2_E710_V0245,A video of two or more animals.
S3_C2_E686_V0176,A video of two or more animals.
S3_C2_E582_V0111,A video of two or more animals.
S3_C2_E786_V0503,A video of two or more animals.
S3_C2_E642_V0145,A video of two or more animals.
S3_C2_E712_V0248,A video of two or more animals.
S3_C2_E803_V0544,A video of two or more animals.
S3_C2_E642_V0144,A video of two or more animals.
S3_C2_E716_V0255,A video of two or more animals.
S3_C2_E803_V0543,A video of two or more animals.
S3_C2_E581_V0109,A video of two or more animals.
S3_C2_E786_V0502,A video of two or more animals.
S3_C2_E803_V0542,A video of two or more animals.
S3_C2_E581_V0108,A video of two or more animals.
S3_C2_E729_V0320,A video of two or more animals.
S3_C2_E465_V0069,A video of two or more animals.
S3_C2_E788_V0511,A video of two or more animals.
S3_C2_E710_V0246,A video of two or more animals.
S3_C2_E716_V0258,A video of two or more animals.
S3_C2_E803_V0540,A video of two or more animals.
S3_C2_E582_V0112,A video of two or more animals.
S3_C2_E561_V0102,A video of two or more animals.
S3_C2_E444_V0056,A video of two or more animals.
S3_C2_E783_V0485,A video of two or more animals.
S3_C2_E716_V0256,A video of two or more animals.
S3_C2_E786_V0499,A video of two or more animals.
S1_C3_E36_V0018,A video of two or more animals.
S1_C5_F76_V0122,A video of two or more animals.
S1_C5_F190_V0250,A video of two or more animals.
S1_C5_F127_V0174,A video of two or more animals.
S1_C5_F243_V0378,A video of two or more animals.
S1_C5_F222_V0316,A video of two or more animals.
S1_C5_F102_V0156,A video of two or more animals.
S1_C5_F243_V0380,A video of two or more animals.
S1_C5_F104_V0158,A video of two or more animals.
S1_C5_F75_V0120,A video of two or more animals.
S1_C5_F77_V0124,A video of two or more animals.
S1_C5_F74_V0119,A video of two or more animals.
S1_C5_F131_V0178,A video of two or more animals.
S1_C5_F94_V0135,A video of two or more animals.
S1_C5_F98_V0152,A video of two or more animals.
S1_C5_F243_V0379,A video of two or more animals.
S1_C5_F75_V0121,A video of two or more animals.
S1_C5_F98_V0153,A video of two or more animals.
S1_C5_F89_V0129,A video of two or more animals.
S1_C5_F238_V0327,A video of two or more animals.
S1_C1_E15_V0036,A video of two or more animals.
S1_C1_E40_V0100,A video of two or more animals.
S1_C1_E86_V0205,A video of two or more animals.
S1_C1_E8_V0028,A video of two or more animals.
S1_C1_E40_V0101,A video of two or more animals.
S1_C1_E50_V0114,A video of two or more animals.
S1_C1_E40_V0097,A video of two or more animals.
S1_C1_E50_V0113,A video of two or more animals.
S1_C1_E40_V0095,A video of two or more animals.
S1_C1_E4_V0016,A video of two or more animals.
S1_C1_E4_V0019,A video of two or more animals.
S1_C1_E40_V0098,A video of two or more animals.
S1_C1_E40_V0102,A video of two or more animals.
S1_C1_E40_V0094,A video of two or more animals.
S1_C1_E40_V0099,A video of two or more animals.
S1_C1_E40_V0103,A video of two or more animals.
S1_C1_E40_V0105,A video of two or more animals.
S1_C1_E10_V0031,A video of two or more animals.
S1_C1_E34_V0071,A video of two or more animals.
S1_C1_E40_V0096,A video of two or more animals.
S1_C1_E40_V0093,A video of two or more animals.
S1_C1_E49_V0112,A video of two or more animals.
S1_C1_E36_V0073,A video of two or more animals.
S1_C1_E40_V0104,A video of two or more animals.
S1_C1_E162_V0780,A video of two or more animals.
S1_C4_F87_V0078,A video of two or more animals.
S1_C4_F238_V0191,A video of two or more animals.
S1_C4_F244_V0217,A video of two or more animals.
S1_C4_F441_V0482,A video of two or more animals.
S1_C4_F243_V0208,A video of two or more animals.
S1_C4_F386_V0442,A video of two or more animals.
S1_C4_F244_V0216,A video of two or more animals.
S1_C4_F33_V0032,A video of two or more animals.
S1_C4_F244_V0213,A video of two or more animals.
S1_C4_F75_V0069,A video of two or more animals.
S1_C4_F245_V0235,A video of two or more animals.
S1_C4_F76_V0071,A video of two or more animals.
S1_C4_F430_V0471,A video of two or more animals.
S1_C4_F244_V0214,A video of two or more animals.
S1_C4_F75_V0070,A video of two or more animals.
S1_C4_F244_V0215,A video of two or more animals.
S1_C4_F127_V0112,A video of two or more animals.
S1_C4_F246_V0238,A video of two or more animals.
S1_C6_F430_V0406,A video of two or more animals.
S1_C6_F246_V0170,A video of two or more animals.
S1_C6_F76_V0055,A video of two or more animals.
S1_C6_F87_V0057,A video of two or more animals.
S1_C6_F123_V0080,A video of two or more animals.
S1_C6_F361_V0296,A video of two or more animals.
S1_C6_F94_V0061,A video of two or more animals.
S1_C6_F98_V0068,A video of two or more animals.
S1_C6_F246_V0171,A video of two or more animals.
S1_C6_F94_V0060,A video of two or more animals.
S1_C6_F75_V0053,A video of two or more animals.
S1_C6_F402_V0328,A video of two or more animals.
S1_C6_F131_V0083,A video of two or more animals.
S1_C6_F439_V0407,A video of two or more animals.
S1_C6_F89_V0058,A video of two or more animals.
S1_C6_F441_V0408,A video of two or more animals.
S1_C6_F245_V0163,A video of two or more animals.
S1_C6_F243_V0142,A video of two or more animals.
S1_C6_F253_V0173,A video of two or more animals.
S1_C6_F246_V0169,A video of two or more animals.
S1_C6_F243_V0143,A video of two or more animals.
S1_C6_F244_V0146,A video of two or more animals.
S1_C6_F238_V0128,A video of two or more animals.
S1_C6_F243_V0144,A video of two or more animals.
S1_C6_F190_V0110,A video of two or more animals.
S1_C6_F75_V0054,A video of two or more animals.
S1_C6_F127_V0082,A video of two or more animals.
S1_C6_F386_V0301,A video of two or more animals.
S1_C2_E179_V0409,A video of two or more animals.
S1_C2_E49_V0075,A video of two or more animals.
S1_C2_E40_V0062,A video of two or more animals.
S1_C2_E8_V0025,A video of two or more animals.
S1_C2_E8_V0024,A video of two or more animals.
S1_C2_E40_V0066,A video of two or more animals.
S1_C2_E50_V0076,A video of two or more animals.
S1_C2_E40_V0070,A video of two or more animals.
S1_C2_E150_V0365,A video of two or more animals.
S1_C2_E40_V0068,A video of two or more animals.
S1_C2_E40_V0067,A video of two or more animals.
S1_C2_E40_V0069,A video of two or more animals.
S1_C2_E29_V0040,A video of two or more animals.
S2_C3_E265_V0020,A video of two or more animals.
S2_C3_E393_V0129,A video of two or more animals.
S2_C3_E300_V0067,A video of two or more animals.
S2_C3_E394_V0130,A video of two or more animals.
S2_C3_F479_V0048,A video of two or more animals.
S2_C3_E313_V0086,A video of two or more animals.
S2_C3_F612_V0144,A video of two or more animals.
S2_C3_E280_V0042,A video of two or more animals.
S2_C3_E304_V0070,A video of two or more animals.
S2_C3_F625_V0155,A video of two or more animals.
S2_C3_F502_V0076,A video of two or more animals.
S2_C3_F560_V0112,A video of two or more animals.
S2_C3_F620_V0150,A video of two or more animals.
S2_C3_F483_V0053,A video of two or more animals.
S2_C3_E362_V0114,A video of two or more animals.
S2_C3_E280_V0046,A video of two or more animals.
S2_C3_F618_V0149,A video of two or more animals.
S2_C3_F614_V0148,A video of two or more animals.
S2_C3_F489_V0064,A video of two or more animals.
S2_C3_F613_V0145,A video of two or more animals.
S2_C3_E307_V0076,A video of two or more animals.
S2_C3_E280_V0045,A video of two or more animals.
S2_C3_E301_V0069,A video of two or more animals.
S2_C3_E340_V0104,A video of two or more animals.
S2_C3_F469_V0041,A video of two or more animals.
S2_C3_E280_V0041,A video of two or more animals.
S2_C3_E305_V0071,A video of two or more animals.
S2_C3_F479_V0049,A video of two or more animals.
S2_C3_E339_V0102,A video of two or more animals.
S2_C3_F489_V0063,A video of two or more animals.
S2_C3_F467_V0037,A video of two or more animals.
S2_C3_F499_V0074,A video of two or more animals.
S2_C3_E300_V0068,A video of two or more animals.
S2_C3_F449_V0010,A video of two or more animals.
S2_C1_E339_V0081,A video of two or more animals.
S2_C1_F467_V0022,A video of two or more animals.
S2_C1_F479_V0034,A video of two or more animals.
S2_C1_F614_V0121,A video of two or more animals.
S2_C1_E307_V0054,A video of two or more animals.
S2_C1_E305_V0051,A video of two or more animals.
S2_C1_E394_V0117,A video of two or more animals.
S2_C1_E301_V0049,A video of two or more animals.
S2_C1_F500_V0046,A video of two or more animals.
S2_C1_F560_V0083,A video of two or more animals.
S2_C1_E300_V0047,A video of two or more animals.
S2_C1_E300_V0048,A video of two or more animals.
S2_C1_E304_V0050,A video of two or more animals.
S2_C1_E361_V0097,A video of two or more animals.
S2_C1_F479_V0031,A video of two or more animals.
S2_C1_E280_V0037,A video of two or more animals.
S2_C1_F617_V0124,A video of two or more animals.
S2_C1_E378_V0109,A video of two or more animals.
S2_C1_F612_V0118,A video of two or more animals.
S2_C1_F479_V0033,A video of two or more animals.
S2_C1_E393_V0116,A video of two or more animals.
S2_C1_F469_V0027,A video of two or more animals.
S2_C1_F489_V0039,A video of two or more animals.
S2_C1_F467_V0023,A video of two or more animals.
S2_C1_F483_V0037,A video of two or more animals.
S2_C1_E270_V0032,A video of two or more animals.
S2_C1_F575_V0095,A video of two or more animals.
S2_C1_F449_V0012,A video of two or more animals.
S2_C1_F499_V0043,A video of two or more animals.
S2_C1_E339_V0079,A video of two or more animals.
S2_C1_F502_V0048,A video of two or more animals.
S2_C1_F625_V0128,A video of two or more animals.
S2_C1_E339_V0080,A video of two or more animals.
S2_C2_E305_V0056,A video of two or more animals.
S2_C2_F483_V0040,A video of two or more animals.
S2_C2_F502_V0052,A video of two or more animals.
S2_C2_F560_V0077,A video of two or more animals.
S2_C2_E307_V0059,A video of two or more animals.
S2_C2_F479_V0035,A video of two or more animals.
S2_C2_E306_V0057,A video of two or more animals.
S2_C2_F489_V0046,A video of two or more animals.
S2_C2_E313_V0065,A video of two or more animals.
S2_C2_F613_V0109,A video of two or more animals.
S2_C2_F499_V0051,A video of two or more animals.
S2_C2_F449_V0018,A video of two or more animals.
S2_C2_E393_V0134,A video of two or more animals.
S2_C2_E378_V0121,A video of two or more animals.
S2_C2_F614_V0111,A video of two or more animals.
S2_C2_E300_V0051,A video of two or more animals.
S2_C2_E280_V0033,A video of two or more animals.
S2_C2_E300_V0050,A video of two or more animals.
S2_C2_E339_V0083,A video of two or more animals.
S2_C2_E265_V0024,A video of two or more animals.
S2_C2_F499_V0050,A video of two or more animals.
S2_C2_E301_V0052,A video of two or more animals.
S2_C2_E280_V0037,A video of two or more animals.
S2_C2_E339_V0084,A video of two or more animals.
S2_C2_E394_V0135,A video of two or more animals.
S2_C2_F625_V0115,A video of two or more animals.
S2_C2_F467_V0028,A video of two or more animals.
S2_C2_F612_V0108,A video of two or more animals.
S2_C2_E304_V0055,A video of two or more animals.
S2_C2_F469_V0031,A video of two or more animals.
S2_C2_E339_V0085,A video of two or more animals.
S2_C2_F575_V0088,A video of two or more animals.
S3_C3_E642_V0616,A video of three or more red deer.
S3_C3_E444_V0123,A video of three or more red deer.
S3_C3_E642_V0619,A video of three or more red deer.
S3_C3_E642_V0620,A video of three or more red deer.
S3_C2_E783_V0483,A video of three or more red deer.
S3_C2_E704_V0193,A video of three or more red deer.
S3_C2_E642_V0144,A video of three or more red deer.
S3_C2_E561_V0102,A video of three or more red deer.
S1_C5_F104_V0158,A video of three or more red deer.
S1_C5_F75_V0120,A video of three or more red deer.
S1_C5_F77_V0124,A video of three or more red deer.
S1_C5_F74_V0119,A video of three or more red deer.
S1_C1_E50_V0114,A video of three or more red deer.
S1_C1_E50_V0113,A video of three or more red deer.
S1_C1_E36_V0073,A video of three or more red deer.
S1_C1_E162_V0780,A video of three or more red deer.
S1_C4_F75_V0069,A video of three or more red deer.
S1_C4_F76_V0071,A video of three or more red deer.
S1_C6_F75_V0053,A video of three or more red deer.
S1_C6_F402_V0328,A video of three or more red deer.
S1_C2_E50_V0076,A video of three or more red deer.
S1_C2_E29_V0040,A video of three or more red deer.
S2_C3_E313_V0086,A video of three or more red deer.
S2_C3_F625_V0155,A video of three or more red deer.
S2_C3_F560_V0112,A video of three or more red deer.
S2_C3_E362_V0114,A video of three or more red deer.
S2_C3_E280_V0046,A video of three or more red deer.
S2_C3_E280_V0045,A video of three or more red deer.
S2_C3_E301_V0069,A video of three or more red deer.
S2_C3_F469_V0041,A video of three or more red deer.
S2_C3_E339_V0102,A video of three or more red deer.
S2_C1_E301_V0049,A video of three or more red deer.
S2_C1_F560_V0083,A video of three or more red deer.
S2_C1_E304_V0050,A video of three or more red deer.
S2_C1_E378_V0109,A video of three or more red deer.
S2_C1_F469_V0027,A video of three or more red deer.
S2_C1_E339_V0079,A video of three or more red deer.
S2_C1_F625_V0128,A video of three or more red deer.
S2_C1_E339_V0080,A video of three or more red deer.
S2_C2_F560_V0077,A video of three or more red deer.
S2_C2_E313_V0065,A video of three or more red deer.
S2_C2_E339_V0083,A video of three or more red deer.
S2_C2_E301_V0052,A video of three or more red deer.
S2_C2_E280_V0037,A video of three or more red deer.
S2_C2_F467_V0028,A video of three or more red deer.
S2_C2_F469_V0031,A video of three or more red deer.
S2_C2_E339_V0085,A video of three or more red deer.
S3_C3_E453_V0159,A video of two red deer.
S3_C3_E642_V0622,A video of two red deer.
S3_C3_E455_V0170,A video of two red deer.
S3_C3_E444_V0121,A video of two red deer.
S3_C3_E462_V0181,A video of two red deer.
S3_C3_E642_V0623,A video of two red deer.
S3_C3_E462_V0179,A video of two red deer.
S3_C3_E462_V0180,A video of two red deer.
S3_C3_E453_V0160,A video of two red deer.
S3_C3_E642_V0618,A video of two red deer.
S3_C3_E444_V0124,A video of two red deer.
S3_C3_E642_V0621,A video of two red deer.
S3_C3_E444_V0125,A video of two red deer.
S3_C3_E460_V0176,A video of two red deer.
S3_C3_E444_V0122,A video of two red deer.
S3_C3_E560_V0458,A video of two red deer.
S3_C5_F760_V0162,A video of two red deer.
S3_C1_E462_V0546,A video of two red deer.
S3_C4_F760_V0233,A video of two red deer.
S3_C2_E716_V0257,A video of two red deer.
S3_C2_E581_V0107,A video of two red deer.
S3_C2_E642_V0146,A video of two red deer.
S3_C2_E786_V0504,A video of two red deer.
S3_C2_E460_V0066,A video of two red deer.
S3_C2_E686_V0175,A video of two red deer.
S3_C2_E462_V0068,A video of two red deer.
S3_C2_E581_V0110,A video of two red deer.
S3_C2_E455_V0062,A video of two red deer.
S3_C2_E803_V0541,A video of two red deer.
S3_C2_E786_V0500,A video of two red deer.
S3_C2_E710_V0245,A video of two red deer.
S3_C2_E686_V0176,A video of two red deer.
S3_C2_E582_V0111,A video of two red deer.
S3_C2_E786_V0503,A video of two red deer.
S3_C2_E642_V0145,A video of two red deer.
S3_C2_E712_V0248,A video of two red deer.
S3_C2_E803_V0544,A video of two red deer.
S3_C2_E716_V0255,A video of two red deer.
S3_C2_E803_V0543,A video of two red deer.
S3_C2_E581_V0109,A video of two red deer.
S3_C2_E786_V0502,A video of two red deer.
S3_C2_E803_V0542,A video of two red deer.
S3_C2_E581_V0108,A video of two red deer.
S3_C2_E729_V0320,A video of two red deer.
S3_C2_E465_V0069,A video of two red deer.
S3_C2_E788_V0511,A video of two red deer.
S3_C2_E710_V0246,A video of two red deer.
S3_C2_E716_V0258,A video of two red deer.
S3_C2_E803_V0540,A video of two red deer.
S3_C2_E582_V0112,A video of two red deer.
S3_C2_E444_V0056,A video of two red deer.
S3_C2_E783_V0485,A video of two red deer.
S3_C2_E716_V0256,A video of two red deer.
S3_C2_E786_V0499,A video of two red deer.
S1_C3_E36_V0018,A video of two red deer.
S1_C5_F76_V0122,A video of two red deer.
S1_C5_F190_V0250,A video of two red deer.
S1_C5_F127_V0174,A video of two red deer.
S1_C5_F243_V0378,A video of two red deer.
S1_C5_F222_V0316,A video of two red deer.
S1_C5_F102_V0156,A video of two red deer.
S1_C5_F243_V0380,A video of two red deer.
S1_C5_F94_V0135,A video of two red deer.
S1_C5_F98_V0152,A video of two red deer.
S1_C5_F243_V0379,A video of two red deer.
S1_C5_F75_V0121,A video of two red deer.
S1_C5_F98_V0153,A video of two red deer.
S1_C5_F89_V0129,A video of two red deer.
S1_C5_F238_V0327,A video of two red deer.
S1_C1_E40_V0100,A video of two red deer.
S1_C1_E86_V0205,A video of two red deer.
S1_C1_E8_V0028,A video of two red deer.
S1_C1_E40_V0101,A video of two red deer.
S1_C1_E40_V0097,A video of two red deer.
S1_C1_E40_V0095,A video of two red deer.
S1_C1_E4_V0016,A video of two red deer.
S1_C1_E4_V0019,A video of two red deer.
S1_C1_E40_V0098,A video of two red deer.
S1_C1_E40_V0102,A video of two red deer.
S1_C1_E40_V0094,A video of two red deer.
S1_C1_E40_V0099,A video of two red deer.
S1_C1_E40_V0103,A video of two red deer.
S1_C1_E40_V0105,A video of two red deer.
S1_C1_E34_V0071,A video of two red deer.
S1_C1_E40_V0096,A video of two red deer.
S1_C1_E40_V0093,A video of two red deer.
S1_C1_E40_V0104,A video of two red deer.
S1_C4_F87_V0078,A video of two red deer.
S1_C4_F238_V0191,A video of two red deer.
S1_C4_F244_V0217,A video of two red deer.
S1_C4_F441_V0482,A video of two red deer.
S1_C4_F243_V0208,A video of two red deer.
S1_C4_F244_V0216,A video of two red deer.
S1_C4_F33_V0032,A video of two red deer.
S1_C4_F244_V0213,A video of two red deer.
S1_C4_F245_V0235,A video of two red deer.
S1_C4_F430_V0471,A video of two red deer.
S1_C4_F244_V0214,A video of two red deer.
S1_C4_F75_V0070,A video of two red deer.
S1_C4_F244_V0215,A video of two red deer.
S1_C4_F127_V0112,A video of two red deer.
S1_C4_F246_V0238,A video of two red deer.
S1_C6_F430_V0406,A video of two red deer.
S1_C6_F246_V0170,A video of two red deer.
S1_C6_F76_V0055,A video of two red deer.
S1_C6_F87_V0057,A video of two red deer.
S1_C6_F361_V0296,A video of two red deer.
S1_C6_F94_V0061,A video of two red deer.
S1_C6_F98_V0068,A video of two red deer.
S1_C6_F246_V0171,A video of two red deer.
S1_C6_F94_V0060,A video of two red deer.
S1_C6_F439_V0407,A video of two red deer.
S1_C6_F89_V0058,A video of two red deer.
S1_C6_F441_V0408,A video of two red deer.
S1_C6_F245_V0163,A video of two red deer.
S1_C6_F243_V0142,A video of two red deer.
S1_C6_F253_V0173,A video of two red deer.
S1_C6_F246_V0169,A video of two red deer.
S1_C6_F243_V0143,A video of two red deer.
S1_C6_F244_V0146,A video of two red deer.
S1_C6_F238_V0128,A video of two red deer.
S1_C6_F243_V0144,A video of two red deer.
S1_C6_F190_V0110,A video of two red deer.
S1_C6_F75_V0054,A video of two red deer.
S1_C6_F127_V0082,A video of two red deer.
S1_C6_F386_V0301,A video of two red deer.
S1_C2_E179_V0409,A video of two red deer.
S1_C2_E40_V0062,A video of two red deer.
S1_C2_E8_V0025,A video of two red deer.
S1_C2_E8_V0024,A video of two red deer.
S1_C2_E40_V0066,A video of two red deer.
S1_C2_E40_V0070,A video of two red deer.
S1_C2_E150_V0365,A video of two red deer.
S1_C2_E40_V0068,A video of two red deer.
S1_C2_E40_V0067,A video of two red deer.
S1_C2_E40_V0069,A video of two red deer.
S2_C3_E265_V0020,A video of two red deer.
S2_C3_E393_V0129,A video of two red deer.
S2_C3_E300_V0067,A video of two red deer.
S2_C3_F479_V0048,A video of two red deer.
S2_C3_E280_V0042,A video of two red deer.
S2_C3_E304_V0070,A video of two red deer.
S2_C3_F502_V0076,A video of two red deer.
S2_C3_F483_V0053,A video of two red deer.
S2_C3_F489_V0064,A video of two red deer.
S2_C3_E307_V0076,A video of two red deer.
S2_C3_E340_V0104,A video of two red deer.
S2_C3_E280_V0041,A video of two red deer.
S2_C3_E305_V0071,A video of two red deer.
S2_C3_F479_V0049,A video of two red deer.
S2_C3_F489_V0063,A video of two red deer.
S2_C3_F467_V0037,A video of two red deer.
S2_C3_F499_V0074,A video of two red deer.
S2_C3_E300_V0068,A video of two red deer.
S2_C3_F449_V0010,A video of two red deer.
S2_C1_E339_V0081,A video of two red deer.
S2_C1_F467_V0022,A video of two red deer.
S2_C1_F479_V0034,A video of two red deer.
S2_C1_E307_V0054,A video of two red deer.
S2_C1_E305_V0051,A video of two red deer.
S2_C1_E300_V0047,A video of two red deer.
S2_C1_E300_V0048,A video of two red deer.
S2_C1_E361_V0097,A video of two red deer.
S2_C1_F479_V0031,A video of two red deer.
S2_C1_E280_V0037,A video of two red deer.
S2_C1_F479_V0033,A video of two red deer.
S2_C1_E393_V0116,A video of two red deer.
S2_C1_F489_V0039,A video of two red deer.
S2_C1_F467_V0023,A video of two red deer.
S2_C1_F483_V0037,A video of two red deer.
S2_C1_E270_V0032,A video of two red deer.
S2_C1_F449_V0012,A video of two red deer.
S2_C1_F499_V0043,A video of two red deer.
S2_C1_F502_V0048,A video of two red deer.
S2_C2_E305_V0056,A video of two red deer.
S2_C2_F483_V0040,A video of two red deer.
S2_C2_F502_V0052,A video of two red deer.
S2_C2_E307_V0059,A video of two red deer.
S2_C2_F479_V0035,A video of two red deer.
S2_C2_E306_V0057,A video of two red deer.
S2_C2_F489_V0046,A video of two red deer.
S2_C2_F499_V0051,A video of two red deer.
S2_C2_F449_V0018,A video of two red deer.
S2_C2_E393_V0134,A video of two red deer.
S2_C2_E378_V0121,A video of two red deer.
S2_C2_E300_V0051,A video of two red deer.
S2_C2_E280_V0033,A video of two red deer.
S2_C2_E300_V0050,A video of two red deer.
S2_C2_E265_V0024,A video of two red deer.
S2_C2_F499_V0050,A video of two red deer.
S2_C2_E339_V0084,A video of two red deer.
S2_C2_F625_V0115,A video of two red deer.
S2_C2_E304_V0055,A video of two red deer.
S3_C3_E642_V0619,A video of two or more red deer escaping.
S1_C1_E86_V0205,A video of two or more red deer escaping.
S1_C6_F386_V0301,A video of two or more red deer escaping.
S2_C3_E394_V0130,A video of two or more red deer escaping.
S2_C1_E394_V0117,A video of two or more red deer escaping.
S2_C2_E394_V0135,A video of two or more red deer escaping.
S3_C3_E642_V0622,A juvenile red deer walking while being vigilant.
S3_C3_E444_V0123,A juvenile red deer walking while being vigilant.
S3_C3_E460_V0175,A juvenile red deer walking while being vigilant.
S3_C3_E462_V0179,A juvenile red deer walking while being vigilant.
S3_C3_E462_V0180,A juvenile red deer walking while being vigilant.
S3_C3_E460_V0173,A juvenile red deer walking while being vigilant.
S3_C3_E437_V0098,A juvenile red deer walking while being vigilant.
S3_C3_E642_V0620,A juvenile red deer walking while being vigilant.
S3_C2_E741_V0359,A juvenile red deer walking while being vigilant.
S3_C2_E684_V0170,A juvenile red deer walking while being vigilant.
S3_C2_E581_V0107,A juvenile red deer walking while being vigilant.
S3_C2_E444_V0056,A juvenile red deer walking while being vigilant.
S1_C5_F94_V0133,A juvenile red deer walking while being vigilant.
S1_C5_F94_V0134,A juvenile red deer walking while being vigilant.
S1_C5_F77_V0124,A juvenile red deer walking while being vigilant.
S1_C5_F74_V0119,A juvenile red deer walking while being vigilant.
S1_C5_F89_V0129,A juvenile red deer walking while being vigilant.
S1_C1_E50_V0113,A juvenile red deer walking while being vigilant.
S1_C1_E4_V0016,A juvenile red deer walking while being vigilant.
S1_C1_E33_V0069,A juvenile red deer walking while being vigilant.
S1_C1_E4_V0017,A juvenile red deer walking while being vigilant.
S1_C1_E42_V0108,A juvenile red deer walking while being vigilant.
S1_C1_E34_V0071,A juvenile red deer walking while being vigilant.
S1_C4_F94_V0083,A juvenile red deer walking while being vigilant.
S1_C4_F243_V0199,A juvenile red deer walking while being vigilant.
S1_C4_F190_V0154,A juvenile red deer walking while being vigilant.
S1_C4_F75_V0069,A juvenile red deer walking while being vigilant.
S1_C4_F76_V0071,A juvenile red deer walking while being vigilant.
S1_C4_F190_V0149,A juvenile red deer walking while being vigilant.
S1_C6_F181_V0105,A juvenile red deer walking while being vigilant.
S1_C6_F245_V0166,A juvenile red deer walking while being vigilant.
S1_C6_F75_V0053,A juvenile red deer walking while being vigilant.
S1_C6_F94_V0059,A juvenile red deer walking while being vigilant.
S1_C2_E40_V0062,A juvenile red deer walking while being vigilant.
S1_C2_E33_V0042,A juvenile red deer walking while being vigilant.
S1_C2_E34_V0044,A juvenile red deer walking while being vigilant.
S2_C3_E300_V0067,A juvenile red deer walking while being vigilant.
S2_C3_E365_V0116,A juvenile red deer walking while being vigilant.
S2_C3_E280_V0042,A juvenile red deer walking while being vigilant.
S2_C3_E280_V0045,A juvenile red deer walking while being vigilant.
S2_C3_E280_V0041,A juvenile red deer walking while being vigilant.
S2_C3_F467_V0037,A juvenile red deer walking while being vigilant.
S2_C3_F499_V0074,A juvenile red deer walking while being vigilant.
S2_C3_F449_V0010,A juvenile red deer walking while being vigilant.
S2_C1_E300_V0048,A juvenile red deer walking while being vigilant.
S2_C1_E365_V0100,A juvenile red deer walking while being vigilant.
S2_C1_F625_V0128,A juvenile red deer walking while being vigilant.
S2_C2_E365_V0110,A juvenile red deer walking while being vigilant.
S2_C2_F479_V0035,A juvenile red deer walking while being vigilant.
S2_C2_E280_V0033,A juvenile red deer walking while being vigilant.
S2_C2_E300_V0050,A juvenile red deer walking while being vigilant.
S2_C2_E365_V0109,A juvenile red deer walking while being vigilant.
S3_C3_E453_V0160,A video of two adult female red deer walking while foraging.
S3_C3_E444_V0125,A video of two adult female red deer walking while foraging.
S3_C2_E704_V0193,A video of two adult female red deer walking while foraging.
S3_C2_E561_V0102,A video of two adult female red deer walking while foraging.
S1_C5_F127_V0174,A video of two adult female red deer walking while foraging.
S1_C5_F77_V0124,A video of two adult female red deer walking while foraging.
S1_C1_E36_V0073,A video of two adult female red deer walking while foraging.
S1_C4_F33_V0032,A video of two adult female red deer walking while foraging.
S1_C4_F76_V0071,A video of two adult female red deer walking while foraging.
S1_C4_F127_V0112,A video of two adult female red deer walking while foraging.
S1_C6_F253_V0173,A video of two adult female red deer walking while foraging.
S1_C6_F127_V0082,A video of two adult female red deer walking while foraging.
S2_C3_F625_V0155,A video of two adult female red deer walking while foraging.
S2_C3_E307_V0076,A video of two adult female red deer walking while foraging.
S2_C3_E340_V0104,A video of two adult female red deer walking while foraging.
S2_C1_E307_V0054,A video of two adult female red deer walking while foraging.
S2_C1_F560_V0083,A video of two adult female red deer walking while foraging.
S2_C1_E304_V0050,A video of two adult female red deer walking while foraging.
S2_C2_F560_V0077,A video of two adult female red deer walking while foraging.
S2_C2_E307_V0059,A video of two adult female red deer walking while foraging.
S2_C2_E306_V0057,A video of two adult female red deer walking while foraging.
S2_C2_F499_V0051,A video of two adult female red deer walking while foraging.
S2_C2_F467_V0028,A video of two adult female red deer walking while foraging.
S3_C3_E642_V0616,An adult female red deer foraging and a juvenile red deer foraging.
S3_C3_E462_V0181,An adult female red deer foraging and a juvenile red deer foraging.
S3_C3_E444_V0123,An adult female red deer foraging and a juvenile red deer foraging.
S3_C3_E642_V0623,An adult female red deer foraging and a juvenile red deer foraging.
S3_C3_E462_V0180,An adult female red deer foraging and a juvenile red deer foraging.
S3_C3_E642_V0619,An adult female red deer foraging and a juvenile red deer foraging.
S3_C3_E642_V0618,An adult female red deer foraging and a juvenile red deer foraging.
S3_C3_E642_V0620,An adult female red deer foraging and a juvenile red deer foraging.
S3_C1_E462_V0546,An adult female red deer foraging and a juvenile red deer foraging.
S3_C2_E783_V0483,An adult female red deer foraging and a juvenile red deer foraging.
S3_C2_E462_V0068,An adult female red deer foraging and a juvenile red deer foraging.
S3_C2_E581_V0110,An adult female red deer foraging and a juvenile red deer foraging.
S3_C2_E803_V0541,An adult female red deer foraging and a juvenile red deer foraging.
S3_C2_E582_V0111,An adult female red deer foraging and a juvenile red deer foraging.
S3_C2_E803_V0544,An adult female red deer foraging and a juvenile red deer foraging.
S3_C2_E642_V0144,An adult female red deer foraging and a juvenile red deer foraging.
S3_C2_E803_V0543,An adult female red deer foraging and a juvenile red deer foraging.
S3_C2_E581_V0109,An adult female red deer foraging and a juvenile red deer foraging.
S3_C2_E803_V0542,An adult female red deer foraging and a juvenile red deer foraging.
S3_C2_E581_V0108,An adult female red deer foraging and a juvenile red deer foraging.
S3_C2_E582_V0112,An adult female red deer foraging and a juvenile red deer foraging.
S3_C2_E561_V0102,An adult female red deer foraging and a juvenile red deer foraging.
S3_C2_E444_V0056,An adult female red deer foraging and a juvenile red deer foraging.
S1_C5_F76_V0122,An adult female red deer foraging and a juvenile red deer foraging.
S1_C5_F190_V0250,An adult female red deer foraging and a juvenile red deer foraging.
S1_C5_F75_V0120,An adult female red deer foraging and a juvenile red deer foraging.
S1_C5_F77_V0124,An adult female red deer foraging and a juvenile red deer foraging.
S1_C5_F94_V0135,An adult female red deer foraging and a juvenile red deer foraging.
S1_C5_F75_V0121,An adult female red deer foraging and a juvenile red deer foraging.
S1_C5_F89_V0129,An adult female red deer foraging and a juvenile red deer foraging.
S1_C5_F238_V0327,An adult female red deer foraging and a juvenile red deer foraging.
S1_C1_E40_V0100,An adult female red deer foraging and a juvenile red deer foraging.
S1_C1_E8_V0028,An adult female red deer foraging and a juvenile red deer foraging.
S1_C1_E40_V0101,An adult female red deer foraging and a juvenile red deer foraging.
S1_C1_E50_V0114,An adult female red deer foraging and a juvenile red deer foraging.
S1_C1_E40_V0097,An adult female red deer foraging and a juvenile red deer foraging.
S1_C1_E40_V0095,An adult female red deer foraging and a juvenile red deer foraging.
S1_C1_E4_V0016,An adult female red deer foraging and a juvenile red deer foraging.
S1_C1_E4_V0019,An adult female red deer foraging and a juvenile red deer foraging.
S1_C1_E40_V0098,An adult female red deer foraging and a juvenile red deer foraging.
S1_C1_E40_V0102,An adult female red deer foraging and a juvenile red deer foraging.
S1_C1_E40_V0094,An adult female red deer foraging and a juvenile red deer foraging.
S1_C1_E40_V0099,An adult female red deer foraging and a juvenile red deer foraging.
S1_C1_E40_V0103,An adult female red deer foraging and a juvenile red deer foraging.
S1_C1_E40_V0105,An adult female red deer foraging and a juvenile red deer foraging.
S1_C1_E40_V0096,An adult female red deer foraging and a juvenile red deer foraging.
S1_C1_E40_V0093,An adult female red deer foraging and a juvenile red deer foraging.
S1_C1_E36_V0073,An adult female red deer foraging and a juvenile red deer foraging.
S1_C1_E40_V0104,An adult female red deer foraging and a juvenile red deer foraging.
S1_C4_F238_V0191,An adult female red deer foraging and a juvenile red deer foraging.
S1_C4_F244_V0217,An adult female red deer foraging and a juvenile red deer foraging.
S1_C4_F243_V0208,An adult female red deer foraging and a juvenile red deer foraging.
S1_C4_F244_V0216,An adult female red deer foraging and a juvenile red deer foraging.
S1_C4_F244_V0213,An adult female red deer foraging and a juvenile red deer foraging.
S1_C4_F243_V0203,An adult female red deer foraging and a juvenile red deer foraging.
S1_C4_F245_V0235,An adult female red deer foraging and a juvenile red deer foraging.
S1_C4_F76_V0071,An adult female red deer foraging and a juvenile red deer foraging.
S1_C4_F430_V0471,An adult female red deer foraging and a juvenile red deer foraging.
S1_C4_F244_V0214,An adult female red deer foraging and a juvenile red deer foraging.
S1_C4_F75_V0070,An adult female red deer foraging and a juvenile red deer foraging.
S1_C4_F244_V0215,An adult female red deer foraging and a juvenile red deer foraging.
S1_C4_F246_V0238,An adult female red deer foraging and a juvenile red deer foraging.
S1_C6_F430_V0406,An adult female red deer foraging and a juvenile red deer foraging.
S1_C6_F246_V0170,An adult female red deer foraging and a juvenile red deer foraging.
S1_C6_F76_V0055,An adult female red deer foraging and a juvenile red deer foraging.
S1_C6_F94_V0061,An adult female red deer foraging and a juvenile red deer foraging.
S1_C6_F246_V0171,An adult female red deer foraging and a juvenile red deer foraging.
S1_C6_F94_V0060,An adult female red deer foraging and a juvenile red deer foraging.
S1_C6_F75_V0053,An adult female red deer foraging and a juvenile red deer foraging.
S1_C6_F439_V0407,An adult female red deer foraging and a juvenile red deer foraging.
S1_C6_F89_V0058,An adult female red deer foraging and a juvenile red deer foraging.
S1_C6_F245_V0163,An adult female red deer foraging and a juvenile red deer foraging.
S1_C6_F246_V0169,An adult female red deer foraging and a juvenile red deer foraging.
S1_C6_F244_V0146,An adult female red deer foraging and a juvenile red deer foraging.
S1_C6_F238_V0128,An adult female red deer foraging and a juvenile red deer foraging.
S1_C6_F243_V0144,An adult female red deer foraging and a juvenile red deer foraging.
S1_C6_F75_V0054,An adult female red deer foraging and a juvenile red deer foraging.
S1_C2_E40_V0062,An adult female red deer foraging and a juvenile red deer foraging.
S1_C2_E8_V0025,An adult female red deer foraging and a juvenile red deer foraging.
S1_C2_E8_V0024,An adult female red deer foraging and a juvenile red deer foraging.
S1_C2_E40_V0066,An adult female red deer foraging and a juvenile red deer foraging.
S1_C2_E40_V0068,An adult female red deer foraging and a juvenile red deer foraging.
S1_C2_E40_V0067,An adult female red deer foraging and a juvenile red deer foraging.
S1_C2_E40_V0069,An adult female red deer foraging and a juvenile red deer foraging.
S2_C3_E265_V0020,An adult female red deer foraging and a juvenile red deer foraging.
S2_C3_E313_V0086,An adult female red deer foraging and a juvenile red deer foraging.
S2_C3_E280_V0042,An adult female red deer foraging and a juvenile red deer foraging.
S2_C3_F625_V0155,An adult female red deer foraging and a juvenile red deer foraging.
S2_C3_F502_V0076,An adult female red deer foraging and a juvenile red deer foraging.
S2_C3_F560_V0112,An adult female red deer foraging and a juvenile red deer foraging.
S2_C3_F483_V0053,An adult female red deer foraging and a juvenile red deer foraging.
S2_C3_E362_V0114,An adult female red deer foraging and a juvenile red deer foraging.
S2_C3_E280_V0045,An adult female red deer foraging and a juvenile red deer foraging.
S2_C3_E301_V0069,An adult female red deer foraging and a juvenile red deer foraging.
S2_C3_F469_V0041,An adult female red deer foraging and a juvenile red deer foraging.
S2_C3_E280_V0041,An adult female red deer foraging and a juvenile red deer foraging.
S2_C3_E339_V0102,An adult female red deer foraging and a juvenile red deer foraging.
S2_C3_F499_V0074,An adult female red deer foraging and a juvenile red deer foraging.
S2_C3_E300_V0068,An adult female red deer foraging and a juvenile red deer foraging.
S2_C1_F479_V0034,An adult female red deer foraging and a juvenile red deer foraging.
S2_C1_E301_V0049,An adult female red deer foraging and a juvenile red deer foraging.
S2_C1_F560_V0083,An adult female red deer foraging and a juvenile red deer foraging.
S2_C1_E300_V0047,An adult female red deer foraging and a juvenile red deer foraging.
S2_C1_E300_V0048,An adult female red deer foraging and a juvenile red deer foraging.
S2_C1_E304_V0050,An adult female red deer foraging and a juvenile red deer foraging.
S2_C1_E361_V0097,An adult female red deer foraging and a juvenile red deer foraging.
S2_C1_F479_V0031,An adult female red deer foraging and a juvenile red deer foraging.
S2_C1_E270_V0032,An adult female red deer foraging and a juvenile red deer foraging.
S2_C1_E339_V0079,An adult female red deer foraging and a juvenile red deer foraging.
S2_C1_F502_V0048,An adult female red deer foraging and a juvenile red deer foraging.
S2_C1_F625_V0128,An adult female red deer foraging and a juvenile red deer foraging.
S2_C2_F483_V0040,An adult female red deer foraging and a juvenile red deer foraging.
S2_C2_F502_V0052,An adult female red deer foraging and a juvenile red deer foraging.
S2_C2_F560_V0077,An adult female red deer foraging and a juvenile red deer foraging.
S2_C2_E313_V0065,An adult female red deer foraging and a juvenile red deer foraging.
S2_C2_E300_V0051,An adult female red deer foraging and a juvenile red deer foraging.
S2_C2_E280_V0033,An adult female red deer foraging and a juvenile red deer foraging.
S2_C2_E339_V0083,An adult female red deer foraging and a juvenile red deer foraging.
S2_C2_E265_V0024,An adult female red deer foraging and a juvenile red deer foraging.
S2_C2_E301_V0052,An adult female red deer foraging and a juvenile red deer foraging.
S2_C2_F625_V0115,An adult female red deer foraging and a juvenile red deer foraging.
S2_C2_F467_V0028,An adult female red deer foraging and a juvenile red deer foraging.
S2_C2_F469_V0031,An adult female red deer foraging and a juvenile red deer foraging.
S2_C2_E339_V0085,An adult female red deer foraging and a juvenile red deer foraging.
S1_C4_F386_V0442,A video showing individuals from at least two different species.
S1_C6_F386_V0301,A video showing individuals from at least two different species.
S2_C3_E394_V0130,A video showing individuals from at least two different species.
S2_C3_F620_V0150,A video showing individuals from at least two different species.
S2_C3_F483_V0053,A video showing individuals from at least two different species.
S2_C1_E394_V0117,A video showing individuals from at least two different species.
S2_C2_E394_V0135,A video showing individuals from at least two different species.
S1_C5_F243_V0380,A juvenile red deer nursing.
S1_C5_F243_V0379,A juvenile red deer nursing.
S1_C6_F243_V0142,A juvenile red deer nursing.
S1_C6_F243_V0143,A juvenile red deer nursing.
S2_C1_F467_V0022,A juvenile red deer nursing.
S1_C5_F243_V0380,A juvenile red deer suckling.
S1_C6_F243_V0142,A juvenile red deer suckling.
S1_C6_F243_V0143,A juvenile red deer suckling.
S3_C3_E642_V0619,An animal escaping from another animal of the same species that is chasing it.
S1_C1_E86_V0205,An animal escaping from another animal of the same species that is chasing it.
S1_C6_F386_V0301,An animal escaping from another animal of a different species that is chasing it.
S2_C3_E394_V0130,An animal escaping from another animal of a different species that is chasing it.
S2_C1_E394_V0117,An animal escaping from another animal of a different species that is chasing it.
S2_C2_E394_V0135,An animal escaping from another animal of a different species that is chasing it.
S3_C3_E642_V0616,A video of two or more juvenile red deer.
S3_C3_E642_V0622,A video of two or more juvenile red deer.
S3_C3_E642_V0619,A video of two or more juvenile red deer.
S3_C3_E642_V0621,A video of two or more juvenile red deer.
S3_C3_E642_V0620,A video of two or more juvenile red deer.
S3_C2_E642_V0146,A video of two or more juvenile red deer.
S3_C2_E460_V0066,A video of two or more juvenile red deer.
S3_C2_E710_V0245,A video of two or more juvenile red deer.
S3_C2_E642_V0145,A video of two or more juvenile red deer.
S3_C2_E642_V0144,A video of two or more juvenile red deer.
S3_C2_E710_V0246,A video of two or more juvenile red deer.
S1_C5_F75_V0120,A video of two or more juvenile red deer.
S1_C5_F74_V0119,A video of two or more juvenile red deer.
S1_C4_F75_V0069,A video of two or more juvenile red deer.
S1_C6_F75_V0053,A video of two or more juvenile red deer.
S1_C6_F402_V0328,A video of two or more juvenile red deer.
S1_C2_E29_V0040,A video of two or more juvenile red deer.
S2_C3_E313_V0086,A video of two or more juvenile red deer.
S2_C3_F625_V0155,A video of two or more juvenile red deer.
S2_C3_E280_V0045,A video of two or more juvenile red deer.
S2_C1_F625_V0128,A video of two or more juvenile red deer.
S2_C2_E313_V0065,A video of two or more juvenile red deer.
S2_C2_E280_V0037,A video of two or more juvenile red deer.
S2_C2_E339_V0084,A video of two or more juvenile red deer.
S3_C3_E642_V0616,"Two or more red deer foraging, with at least one also being vigilant at some point."
S3_C3_E642_V0622,"Two or more red deer foraging, with at least one also being vigilant at some point."
S3_C3_E444_V0121,"Two or more red deer foraging, with at least one also being vigilant at some point."
S3_C3_E462_V0181,"Two or more red deer foraging, with at least one also being vigilant at some point."
S3_C3_E444_V0123,"Two or more red deer foraging, with at least one also being vigilant at some point."
S3_C3_E642_V0623,"Two or more red deer foraging, with at least one also being vigilant at some point."
S3_C3_E462_V0180,"Two or more red deer foraging, with at least one also being vigilant at some point."
S3_C3_E453_V0160,"Two or more red deer foraging, with at least one also being vigilant at some point."
S3_C3_E642_V0619,"Two or more red deer foraging, with at least one also being vigilant at some point."
S3_C3_E642_V0618,"Two or more red deer foraging, with at least one also being vigilant at some point."
S3_C3_E642_V0621,"Two or more red deer foraging, with at least one also being vigilant at some point."
S3_C3_E444_V0125,"Two or more red deer foraging, with at least one also being vigilant at some point."
S3_C3_E642_V0620,"Two or more red deer foraging, with at least one also being vigilant at some point."
S3_C4_F760_V0233,"Two or more red deer foraging, with at least one also being vigilant at some point."
S3_C2_E716_V0257,"Two or more red deer foraging, with at least one also being vigilant at some point."
S3_C2_E704_V0193,"Two or more red deer foraging, with at least one also being vigilant at some point."
S3_C2_E642_V0146,"Two or more red deer foraging, with at least one also being vigilant at some point."
S3_C2_E462_V0068,"Two or more red deer foraging, with at least one also being vigilant at some point."
S3_C2_E803_V0541,"Two or more red deer foraging, with at least one also being vigilant at some point."
S3_C2_E582_V0111,"Two or more red deer foraging, with at least one also being vigilant at some point."
S3_C2_E642_V0144,"Two or more red deer foraging, with at least one also being vigilant at some point."
S3_C2_E716_V0255,"Two or more red deer foraging, with at least one also being vigilant at some point."
S3_C2_E803_V0542,"Two or more red deer foraging, with at least one also being vigilant at some point."
S3_C2_E581_V0108,"Two or more red deer foraging, with at least one also being vigilant at some point."
S3_C2_E465_V0069,"Two or more red deer foraging, with at least one also being vigilant at some point."
S3_C2_E716_V0258,"Two or more red deer foraging, with at least one also being vigilant at some point."
S3_C2_E582_V0112,"Two or more red deer foraging, with at least one also being vigilant at some point."
S3_C2_E444_V0056,"Two or more red deer foraging, with at least one also being vigilant at some point."
S1_C5_F76_V0122,"Two or more red deer foraging, with at least one also being vigilant at some point."
S1_C5_F127_V0174,"Two or more red deer foraging, with at least one also being vigilant at some point."
S1_C5_F102_V0156,"Two or more red deer foraging, with at least one also being vigilant at some point."
S1_C5_F75_V0120,"Two or more red deer foraging, with at least one also being vigilant at some point."
S1_C5_F77_V0124,"Two or more red deer foraging, with at least one also being vigilant at some point."
S1_C5_F74_V0119,"Two or more red deer foraging, with at least one also being vigilant at some point."
S1_C5_F94_V0135,"Two or more red deer foraging, with at least one also being vigilant at some point."
S1_C5_F98_V0152,"Two or more red deer foraging, with at least one also being vigilant at some point."
S1_C5_F75_V0121,"Two or more red deer foraging, with at least one also being vigilant at some point."
S1_C5_F89_V0129,"Two or more red deer foraging, with at least one also being vigilant at some point."
S1_C1_E40_V0100,"Two or more red deer foraging, with at least one also being vigilant at some point."
S1_C1_E8_V0028,"Two or more red deer foraging, with at least one also being vigilant at some point."
S1_C1_E50_V0113,"Two or more red deer foraging, with at least one also being vigilant at some point."
S1_C1_E4_V0016,"Two or more red deer foraging, with at least one also being vigilant at some point."
S1_C1_E4_V0019,"Two or more red deer foraging, with at least one also being vigilant at some point."
S1_C1_E40_V0102,"Two or more red deer foraging, with at least one also being vigilant at some point."
S1_C1_E40_V0094,"Two or more red deer foraging, with at least one also being vigilant at some point."
S1_C1_E40_V0103,"Two or more red deer foraging, with at least one also being vigilant at some point."
S1_C1_E40_V0105,"Two or more red deer foraging, with at least one also being vigilant at some point."
S1_C1_E40_V0093,"Two or more red deer foraging, with at least one also being vigilant at some point."
S1_C1_E36_V0073,"Two or more red deer foraging, with at least one also being vigilant at some point."
S1_C4_F87_V0078,"Two or more red deer foraging, with at least one also being vigilant at some point."
S1_C4_F75_V0069,"Two or more red deer foraging, with at least one also being vigilant at some point."
S1_C4_F245_V0235,"Two or more red deer foraging, with at least one also being vigilant at some point."
S1_C4_F76_V0071,"Two or more red deer foraging, with at least one also being vigilant at some point."
S1_C4_F430_V0471,"Two or more red deer foraging, with at least one also being vigilant at some point."
S1_C4_F75_V0070,"Two or more red deer foraging, with at least one also being vigilant at some point."
S1_C4_F127_V0112,"Two or more red deer foraging, with at least one also being vigilant at some point."
S1_C6_F430_V0406,"Two or more red deer foraging, with at least one also being vigilant at some point."
S1_C6_F76_V0055,"Two or more red deer foraging, with at least one also being vigilant at some point."
S1_C6_F94_V0061,"Two or more red deer foraging, with at least one also being vigilant at some point."
S1_C6_F98_V0068,"Two or more red deer foraging, with at least one also being vigilant at some point."
S1_C6_F94_V0060,"Two or more red deer foraging, with at least one also being vigilant at some point."
S1_C6_F75_V0053,"Two or more red deer foraging, with at least one also being vigilant at some point."
S1_C6_F89_V0058,"Two or more red deer foraging, with at least one also being vigilant at some point."
S1_C6_F253_V0173,"Two or more red deer foraging, with at least one also being vigilant at some point."
S1_C6_F75_V0054,"Two or more red deer foraging, with at least one also being vigilant at some point."
S1_C6_F127_V0082,"Two or more red deer foraging, with at least one also being vigilant at some point."
S1_C2_E40_V0062,"Two or more red deer foraging, with at least one also being vigilant at some point."
S1_C2_E8_V0024,"Two or more red deer foraging, with at least one also being vigilant at some point."
S1_C2_E40_V0066,"Two or more red deer foraging, with at least one also being vigilant at some point."
S1_C2_E50_V0076,"Two or more red deer foraging, with at least one also being vigilant at some point."
S1_C2_E40_V0068,"Two or more red deer foraging, with at least one also being vigilant at some point."
S1_C2_E40_V0069,"Two or more red deer foraging, with at least one also being vigilant at some point."
S2_C3_E265_V0020,"Two or more red deer foraging, with at least one also being vigilant at some point."
S2_C3_E313_V0086,"Two or more red deer foraging, with at least one also being vigilant at some point."
S2_C3_E280_V0042,"Two or more red deer foraging, with at least one also being vigilant at some point."
S2_C3_F625_V0155,"Two or more red deer foraging, with at least one also being vigilant at some point."
S2_C3_F502_V0076,"Two or more red deer foraging, with at least one also being vigilant at some point."
S2_C3_F560_V0112,"Two or more red deer foraging, with at least one also being vigilant at some point."
S2_C3_E280_V0046,"Two or more red deer foraging, with at least one also being vigilant at some point."
S2_C3_E280_V0045,"Two or more red deer foraging, with at least one also being vigilant at some point."
S2_C3_E301_V0069,"Two or more red deer foraging, with at least one also being vigilant at some point."
S2_C3_E280_V0041,"Two or more red deer foraging, with at least one also being vigilant at some point."
S2_C3_F489_V0063,"Two or more red deer foraging, with at least one also being vigilant at some point."
S2_C3_F499_V0074,"Two or more red deer foraging, with at least one also being vigilant at some point."
S2_C1_E307_V0054,"Two or more red deer foraging, with at least one also being vigilant at some point."
S2_C1_E301_V0049,"Two or more red deer foraging, with at least one also being vigilant at some point."
S2_C1_F560_V0083,"Two or more red deer foraging, with at least one also being vigilant at some point."
S2_C1_E300_V0047,"Two or more red deer foraging, with at least one also being vigilant at some point."
S2_C1_E300_V0048,"Two or more red deer foraging, with at least one also being vigilant at some point."
S2_C1_E304_V0050,"Two or more red deer foraging, with at least one also being vigilant at some point."
S2_C1_F479_V0031,"Two or more red deer foraging, with at least one also being vigilant at some point."
S2_C1_F489_V0039,"Two or more red deer foraging, with at least one also being vigilant at some point."
S2_C1_E270_V0032,"Two or more red deer foraging, with at least one also being vigilant at some point."
S2_C1_F625_V0128,"Two or more red deer foraging, with at least one also being vigilant at some point."
S2_C2_F483_V0040,"Two or more red deer foraging, with at least one also being vigilant at some point."
S2_C2_E306_V0057,"Two or more red deer foraging, with at least one also being vigilant at some point."
S2_C2_F489_V0046,"Two or more red deer foraging, with at least one also being vigilant at some point."
S2_C2_E313_V0065,"Two or more red deer foraging, with at least one also being vigilant at some point."
S2_C2_F499_V0051,"Two or more red deer foraging, with at least one also being vigilant at some point."
S2_C2_E280_V0033,"Two or more red deer foraging, with at least one also being vigilant at some point."
S2_C2_E265_V0024,"Two or more red deer foraging, with at least one also being vigilant at some point."
S2_C2_E301_V0052,"Two or more red deer foraging, with at least one also being vigilant at some point."
S2_C2_F625_V0115,"Two or more red deer foraging, with at least one also being vigilant at some point."
S2_C2_F467_V0028,"Two or more red deer foraging, with at least one also being vigilant at some point."
S2_C2_F469_V0031,"Two or more red deer foraging, with at least one also being vigilant at some point."
S2_C2_E339_V0085,"Two or more red deer foraging, with at least one also being vigilant at some point."
S3_C3_E642_V0616,A juvenile red deer doing the exact same activities as an adult female red deer.
S3_C3_E462_V0180,A juvenile red deer doing the exact same activities as an adult female red deer.
S3_C3_E642_V0620,A juvenile red deer doing the exact same activities as an adult female red deer.
S3_C1_E462_V0546,A juvenile red deer doing the exact same activities as an adult female red deer.
S3_C2_E783_V0483,A juvenile red deer doing the exact same activities as an adult female red deer.
S3_C2_E581_V0110,A juvenile red deer doing the exact same activities as an adult female red deer.
S3_C2_E803_V0543,A juvenile red deer doing the exact same activities as an adult female red deer.
S3_C2_E581_V0108,A juvenile red deer doing the exact same activities as an adult female red deer.
S3_C2_E561_V0102,A juvenile red deer doing the exact same activities as an adult female red deer.
S3_C2_E444_V0056,A juvenile red deer doing the exact same activities as an adult female red deer.
S1_C5_F76_V0122,A juvenile red deer doing the exact same activities as an adult female red deer.
S1_C5_F190_V0250,A juvenile red deer doing the exact same activities as an adult female red deer.
S1_C5_F243_V0380,A juvenile red deer doing the exact same activities as an adult female red deer.
S1_C5_F89_V0129,A juvenile red deer doing the exact same activities as an adult female red deer.
S1_C5_F238_V0327,A juvenile red deer doing the exact same activities as an adult female red deer.
S1_C1_E40_V0101,A juvenile red deer doing the exact same activities as an adult female red deer.
S1_C1_E50_V0114,A juvenile red deer doing the exact same activities as an adult female red deer.
S1_C1_E40_V0097,A juvenile red deer doing the exact same activities as an adult female red deer.
S1_C1_E40_V0095,A juvenile red deer doing the exact same activities as an adult female red deer.
S1_C1_E40_V0102,A juvenile red deer doing the exact same activities as an adult female red deer.
S1_C1_E40_V0103,A juvenile red deer doing the exact same activities as an adult female red deer.
S1_C1_E40_V0105,A juvenile red deer doing the exact same activities as an adult female red deer.
S1_C1_E40_V0096,A juvenile red deer doing the exact same activities as an adult female red deer.
S1_C1_E40_V0104,A juvenile red deer doing the exact same activities as an adult female red deer.
S1_C4_F244_V0217,A juvenile red deer doing the exact same activities as an adult female red deer.
S1_C4_F441_V0482,A juvenile red deer doing the exact same activities as an adult female red deer.
S1_C4_F244_V0216,A juvenile red deer doing the exact same activities as an adult female red deer.
S1_C4_F244_V0213,A juvenile red deer doing the exact same activities as an adult female red deer.
S1_C4_F243_V0203,A juvenile red deer doing the exact same activities as an adult female red deer.
S1_C4_F430_V0471,A juvenile red deer doing the exact same activities as an adult female red deer.
S1_C4_F244_V0214,A juvenile red deer doing the exact same activities as an adult female red deer.
S1_C4_F244_V0215,A juvenile red deer doing the exact same activities as an adult female red deer.
S1_C4_F246_V0238,A juvenile red deer doing the exact same activities as an adult female red deer.
S1_C6_F246_V0170,A juvenile red deer doing the exact same activities as an adult female red deer.
S1_C6_F76_V0055,A juvenile red deer doing the exact same activities as an adult female red deer.
S1_C6_F246_V0171,A juvenile red deer doing the exact same activities as an adult female red deer.
S1_C6_F75_V0053,A juvenile red deer doing the exact same activities as an adult female red deer.
S1_C6_F441_V0408,A juvenile red deer doing the exact same activities as an adult female red deer.
S1_C6_F245_V0163,A juvenile red deer doing the exact same activities as an adult female red deer.
S1_C6_F246_V0169,A juvenile red deer doing the exact same activities as an adult female red deer.
S1_C6_F244_V0146,A juvenile red deer doing the exact same activities as an adult female red deer.
S1_C6_F238_V0128,A juvenile red deer doing the exact same activities as an adult female red deer.
S1_C2_E179_V0409,A juvenile red deer doing the exact same activities as an adult female red deer.
S1_C2_E40_V0066,A juvenile red deer doing the exact same activities as an adult female red deer.
S1_C2_E40_V0067,A juvenile red deer doing the exact same activities as an adult female red deer.
S2_C3_E313_V0086,A juvenile red deer doing the exact same activities as an adult female red deer.
S2_C3_E304_V0070,A juvenile red deer doing the exact same activities as an adult female red deer.
S2_C3_F483_V0053,A juvenile red deer doing the exact same activities as an adult female red deer.
S2_C3_E362_V0114,A juvenile red deer doing the exact same activities as an adult female red deer.
S2_C3_E280_V0045,A juvenile red deer doing the exact same activities as an adult female red deer.
S2_C3_F469_V0041,A juvenile red deer doing the exact same activities as an adult female red deer.
S2_C3_E305_V0071,A juvenile red deer doing the exact same activities as an adult female red deer.
S2_C1_E339_V0081,A juvenile red deer doing the exact same activities as an adult female red deer.
S2_C1_F479_V0034,A juvenile red deer doing the exact same activities as an adult female red deer.
S2_C1_E305_V0051,A juvenile red deer doing the exact same activities as an adult female red deer.
S2_C1_E300_V0047,A juvenile red deer doing the exact same activities as an adult female red deer.
S2_C1_F479_V0031,A juvenile red deer doing the exact same activities as an adult female red deer.
S2_C1_E339_V0079,A juvenile red deer doing the exact same activities as an adult female red deer.
S2_C1_F502_V0048,A juvenile red deer doing the exact same activities as an adult female red deer.
S2_C1_F625_V0128,A juvenile red deer doing the exact same activities as an adult female red deer.
S2_C1_E339_V0080,A juvenile red deer doing the exact same activities as an adult female red deer.
S2_C2_E305_V0056,A juvenile red deer doing the exact same activities as an adult female red deer.
S2_C2_F483_V0040,A juvenile red deer doing the exact same activities as an adult female red deer.
S2_C2_F560_V0077,A juvenile red deer doing the exact same activities as an adult female red deer.
S2_C2_E300_V0051,A juvenile red deer doing the exact same activities as an adult female red deer.
S2_C2_E339_V0083,A juvenile red deer doing the exact same activities as an adult female red deer.
S2_C2_F467_V0028,A juvenile red deer doing the exact same activities as an adult female red deer.
S2_C2_E304_V0055,A juvenile red deer doing the exact same activities as an adult female red deer.
S2_C2_E339_V0085,A juvenile red deer doing the exact same activities as an adult female red deer.
S3_C3_E642_V0616,A juvenile red deer doing the exact same actions as an adult female red deer.
S3_C2_E783_V0483,A juvenile red deer doing the exact same actions as an adult female red deer.
S3_C2_E582_V0111,A juvenile red deer doing the exact same actions as an adult female red deer.
S3_C2_E581_V0108,A juvenile red deer doing the exact same actions as an adult female red deer.
S1_C5_F76_V0122,A juvenile red deer doing the exact same actions as an adult female red deer.
S1_C5_F74_V0119,A juvenile red deer doing the exact same actions as an adult female red deer.
S1_C1_E40_V0101,A juvenile red deer doing the exact same actions as an adult female red deer.
S1_C1_E40_V0097,A juvenile red deer doing the exact same actions as an adult female red deer.
S1_C1_E40_V0096,A juvenile red deer doing the exact same actions as an adult female red deer.
S1_C1_E40_V0104,A juvenile red deer doing the exact same actions as an adult female red deer.
S1_C4_F244_V0217,A juvenile red deer doing the exact same actions as an adult female red deer.
S1_C4_F441_V0482,A juvenile red deer doing the exact same actions as an adult female red deer.
S1_C4_F244_V0216,A juvenile red deer doing the exact same actions as an adult female red deer.
S1_C4_F244_V0213,A juvenile red deer doing the exact same actions as an adult female red deer.
S1_C4_F243_V0203,A juvenile red deer doing the exact same actions as an adult female red deer.
S1_C4_F76_V0071,A juvenile red deer doing the exact same actions as an adult female red deer.
S1_C4_F244_V0215,A juvenile red deer doing the exact same actions as an adult female red deer.
S1_C6_F441_V0408,A juvenile red deer doing the exact same actions as an adult female red deer.
S1_C2_E179_V0409,A juvenile red deer doing the exact same actions as an adult female red deer.
S2_C3_E304_V0070,A juvenile red deer doing the exact same actions as an adult female red deer.
S2_C3_F502_V0076,A juvenile red deer doing the exact same actions as an adult female red deer.
S2_C3_F483_V0053,A juvenile red deer doing the exact same actions as an adult female red deer.
S2_C3_F469_V0041,A juvenile red deer doing the exact same actions as an adult female red deer.
S2_C3_E305_V0071,A juvenile red deer doing the exact same actions as an adult female red deer.
S2_C1_E339_V0081,A juvenile red deer doing the exact same actions as an adult female red deer.
S2_C1_E300_V0047,A juvenile red deer doing the exact same actions as an adult female red deer.
S2_C1_F479_V0031,A juvenile red deer doing the exact same actions as an adult female red deer.
S2_C1_E339_V0079,A juvenile red deer doing the exact same actions as an adult female red deer.
S2_C1_F625_V0128,A juvenile red deer doing the exact same actions as an adult female red deer.
S2_C2_E339_V0083,A juvenile red deer doing the exact same actions as an adult female red deer.
S2_C2_E304_V0055,A juvenile red deer doing the exact same actions as an adult female red deer.
S3_C3_E642_V0616,A juvenile red deer doing at least one different action than an adult female red deer.
S3_C3_E455_V0170,A juvenile red deer doing at least one different action than an adult female red deer.
S3_C3_E462_V0181,A juvenile red deer doing at least one different action than an adult female red deer.
S3_C3_E444_V0123,A juvenile red deer doing at least one different action than an adult female red deer.
S3_C3_E642_V0623,A juvenile red deer doing at least one different action than an adult female red deer.
S3_C3_E462_V0179,A juvenile red deer doing at least one different action than an adult female red deer.
S3_C3_E462_V0180,A juvenile red deer doing at least one different action than an adult female red deer.
S3_C3_E642_V0619,A juvenile red deer doing at least one different action than an adult female red deer.
S3_C3_E642_V0618,A juvenile red deer doing at least one different action than an adult female red deer.
S3_C3_E460_V0176,A juvenile red deer doing at least one different action than an adult female red deer.
S3_C3_E642_V0620,A juvenile red deer doing at least one different action than an adult female red deer.
S3_C1_E462_V0546,A juvenile red deer doing at least one different action than an adult female red deer.
S3_C2_E581_V0107,A juvenile red deer doing at least one different action than an adult female red deer.
S3_C2_E462_V0068,A juvenile red deer doing at least one different action than an adult female red deer.
S3_C2_E581_V0110,A juvenile red deer doing at least one different action than an adult female red deer.
S3_C2_E803_V0541,A juvenile red deer doing at least one different action than an adult female red deer.
S3_C2_E712_V0248,A juvenile red deer doing at least one different action than an adult female red deer.
S3_C2_E803_V0544,A juvenile red deer doing at least one different action than an adult female red deer.
S3_C2_E642_V0144,A juvenile red deer doing at least one different action than an adult female red deer.
S3_C2_E803_V0543,A juvenile red deer doing at least one different action than an adult female red deer.
S3_C2_E581_V0109,A juvenile red deer doing at least one different action than an adult female red deer.
S3_C2_E803_V0542,A juvenile red deer doing at least one different action than an adult female red deer.
S3_C2_E803_V0540,A juvenile red deer doing at least one different action than an adult female red deer.
S3_C2_E582_V0112,A juvenile red deer doing at least one different action than an adult female red deer.
S3_C2_E561_V0102,A juvenile red deer doing at least one different action than an adult female red deer.
S3_C2_E444_V0056,A juvenile red deer doing at least one different action than an adult female red deer.
S1_C3_E36_V0018,A juvenile red deer doing at least one different action than an adult female red deer.
S1_C5_F190_V0250,A juvenile red deer doing at least one different action than an adult female red deer.
S1_C5_F243_V0378,A juvenile red deer doing at least one different action than an adult female red deer.
S1_C5_F243_V0380,A juvenile red deer doing at least one different action than an adult female red deer.
S1_C5_F75_V0120,A juvenile red deer doing at least one different action than an adult female red deer.
S1_C5_F77_V0124,A juvenile red deer doing at least one different action than an adult female red deer.
S1_C5_F74_V0119,A juvenile red deer doing at least one different action than an adult female red deer.
S1_C5_F94_V0135,A juvenile red deer doing at least one different action than an adult female red deer.
S1_C5_F243_V0379,A juvenile red deer doing at least one different action than an adult female red deer.
S1_C5_F75_V0121,A juvenile red deer doing at least one different action than an adult female red deer.
S1_C5_F89_V0129,A juvenile red deer doing at least one different action than an adult female red deer.
S1_C5_F238_V0327,A juvenile red deer doing at least one different action than an adult female red deer.
S1_C1_E40_V0100,A juvenile red deer doing at least one different action than an adult female red deer.
S1_C1_E8_V0028,A juvenile red deer doing at least one different action than an adult female red deer.
S1_C1_E50_V0114,A juvenile red deer doing at least one different action than an adult female red deer.
S1_C1_E50_V0113,A juvenile red deer doing at least one different action than an adult female red deer.
S1_C1_E40_V0095,A juvenile red deer doing at least one different action than an adult female red deer.
S1_C1_E4_V0016,A juvenile red deer doing at least one different action than an adult female red deer.
S1_C1_E4_V0019,A juvenile red deer doing at least one different action than an adult female red deer.
S1_C1_E40_V0098,A juvenile red deer doing at least one different action than an adult female red deer.
S1_C1_E40_V0102,A juvenile red deer doing at least one different action than an adult female red deer.
S1_C1_E40_V0094,A juvenile red deer doing at least one different action than an adult female red deer.
S1_C1_E40_V0099,A juvenile red deer doing at least one different action than an adult female red deer.
S1_C1_E40_V0103,A juvenile red deer doing at least one different action than an adult female red deer.
S1_C1_E40_V0105,A juvenile red deer doing at least one different action than an adult female red deer.
S1_C1_E34_V0071,A juvenile red deer doing at least one different action than an adult female red deer.
S1_C1_E40_V0093,A juvenile red deer doing at least one different action than an adult female red deer.
S1_C1_E36_V0073,A juvenile red deer doing at least one different action than an adult female red deer.
S1_C4_F238_V0191,A juvenile red deer doing at least one different action than an adult female red deer.
S1_C4_F243_V0208,A juvenile red deer doing at least one different action than an adult female red deer.
S1_C4_F75_V0069,A juvenile red deer doing at least one different action than an adult female red deer.
S1_C4_F245_V0235,A juvenile red deer doing at least one different action than an adult female red deer.
S1_C4_F76_V0071,A juvenile red deer doing at least one different action than an adult female red deer.
S1_C4_F430_V0471,A juvenile red deer doing at least one different action than an adult female red deer.
S1_C4_F244_V0214,A juvenile red deer doing at least one different action than an adult female red deer.
S1_C4_F75_V0070,A juvenile red deer doing at least one different action than an adult female red deer.
S1_C4_F246_V0238,A juvenile red deer doing at least one different action than an adult female red deer.
S1_C6_F430_V0406,A juvenile red deer doing at least one different action than an adult female red deer.
S1_C6_F246_V0170,A juvenile red deer doing at least one different action than an adult female red deer.
S1_C6_F76_V0055,A juvenile red deer doing at least one different action than an adult female red deer.
S1_C6_F361_V0296,A juvenile red deer doing at least one different action than an adult female red deer.
S1_C6_F94_V0061,A juvenile red deer doing at least one different action than an adult female red deer.
S1_C6_F246_V0171,A juvenile red deer doing at least one different action than an adult female red deer.
S1_C6_F94_V0060,A juvenile red deer doing at least one different action than an adult female red deer.
S1_C6_F75_V0053,A juvenile red deer doing at least one different action than an adult female red deer.
S1_C6_F402_V0328,A juvenile red deer doing at least one different action than an adult female red deer.
S1_C6_F439_V0407,A juvenile red deer doing at least one different action than an adult female red deer.
S1_C6_F89_V0058,A juvenile red deer doing at least one different action than an adult female red deer.
S1_C6_F245_V0163,A juvenile red deer doing at least one different action than an adult female red deer.
S1_C6_F243_V0142,A juvenile red deer doing at least one different action than an adult female red deer.
S1_C6_F246_V0169,A juvenile red deer doing at least one different action than an adult female red deer.
S1_C6_F243_V0143,A juvenile red deer doing at least one different action than an adult female red deer.
S1_C6_F244_V0146,A juvenile red deer doing at least one different action than an adult female red deer.
S1_C6_F238_V0128,A juvenile red deer doing at least one different action than an adult female red deer.
S1_C6_F243_V0144,A juvenile red deer doing at least one different action than an adult female red deer.
S1_C6_F75_V0054,A juvenile red deer doing at least one different action than an adult female red deer.
S1_C6_F386_V0301,A juvenile red deer doing at least one different action than an adult female red deer.
S1_C2_E40_V0062,A juvenile red deer doing at least one different action than an adult female red deer.
S1_C2_E8_V0025,A juvenile red deer doing at least one different action than an adult female red deer.
S1_C2_E8_V0024,A juvenile red deer doing at least one different action than an adult female red deer.
S1_C2_E40_V0066,A juvenile red deer doing at least one different action than an adult female red deer.
S1_C2_E50_V0076,A juvenile red deer doing at least one different action than an adult female red deer.
S1_C2_E40_V0070,A juvenile red deer doing at least one different action than an adult female red deer.
S1_C2_E40_V0068,A juvenile red deer doing at least one different action than an adult female red deer.
S1_C2_E40_V0067,A juvenile red deer doing at least one different action than an adult female red deer.
S1_C2_E40_V0069,A juvenile red deer doing at least one different action than an adult female red deer.
S2_C3_E265_V0020,A juvenile red deer doing at least one different action than an adult female red deer.
S2_C3_E300_V0067,A juvenile red deer doing at least one different action than an adult female red deer.
S2_C3_F479_V0048,A juvenile red deer doing at least one different action than an adult female red deer.
S2_C3_E313_V0086,A juvenile red deer doing at least one different action than an adult female red deer.
S2_C3_E280_V0042,A juvenile red deer doing at least one different action than an adult female red deer.
S2_C3_F625_V0155,A juvenile red deer doing at least one different action than an adult female red deer.
S2_C3_F560_V0112,A juvenile red deer doing at least one different action than an adult female red deer.
S2_C3_E362_V0114,A juvenile red deer doing at least one different action than an adult female red deer.
S2_C3_E280_V0046,A juvenile red deer doing at least one different action than an adult female red deer.
S2_C3_E280_V0045,A juvenile red deer doing at least one different action than an adult female red deer.
S2_C3_E301_V0069,A juvenile red deer doing at least one different action than an adult female red deer.
S2_C3_E280_V0041,A juvenile red deer doing at least one different action than an adult female red deer.
S2_C3_F479_V0049,A juvenile red deer doing at least one different action than an adult female red deer.
S2_C3_E339_V0102,A juvenile red deer doing at least one different action than an adult female red deer.
S2_C3_F467_V0037,A juvenile red deer doing at least one different action than an adult female red deer.
S2_C3_F499_V0074,A juvenile red deer doing at least one different action than an adult female red deer.
S2_C3_E300_V0068,A juvenile red deer doing at least one different action than an adult female red deer.
S2_C3_F449_V0010,A juvenile red deer doing at least one different action than an adult female red deer.
S2_C1_F467_V0022,A juvenile red deer doing at least one different action than an adult female red deer.
S2_C1_F479_V0034,A juvenile red deer doing at least one different action than an adult female red deer.
S2_C1_E305_V0051,A juvenile red deer doing at least one different action than an adult female red deer.
S2_C1_E301_V0049,A juvenile red deer doing at least one different action than an adult female red deer.
S2_C1_F560_V0083,A juvenile red deer doing at least one different action than an adult female red deer.
S2_C1_E300_V0048,A juvenile red deer doing at least one different action than an adult female red deer.
S2_C1_E304_V0050,A juvenile red deer doing at least one different action than an adult female red deer.
S2_C1_E361_V0097,A juvenile red deer doing at least one different action than an adult female red deer.
S2_C1_E280_V0037,A juvenile red deer doing at least one different action than an adult female red deer.
S2_C1_F479_V0033,A juvenile red deer doing at least one different action than an adult female red deer.
S2_C1_F469_V0027,A juvenile red deer doing at least one different action than an adult female red deer.
S2_C1_F467_V0023,A juvenile red deer doing at least one different action than an adult female red deer.
S2_C1_F483_V0037,A juvenile red deer doing at least one different action than an adult female red deer.
S2_C1_E270_V0032,A juvenile red deer doing at least one different action than an adult female red deer.
S2_C1_F449_V0012,A juvenile red deer doing at least one different action than an adult female red deer.
S2_C1_F502_V0048,A juvenile red deer doing at least one different action than an adult female red deer.
S2_C1_F625_V0128,A juvenile red deer doing at least one different action than an adult female red deer.
S2_C1_E339_V0080,A juvenile red deer doing at least one different action than an adult female red deer.
S2_C2_E305_V0056,A juvenile red deer doing at least one different action than an adult female red deer.
S2_C2_F483_V0040,A juvenile red deer doing at least one different action than an adult female red deer.
S2_C2_F502_V0052,A juvenile red deer doing at least one different action than an adult female red deer.
S2_C2_F560_V0077,A juvenile red deer doing at least one different action than an adult female red deer.
S2_C2_F479_V0035,A juvenile red deer doing at least one different action than an adult female red deer.
S2_C2_E313_V0065,A juvenile red deer doing at least one different action than an adult female red deer.
S2_C2_F449_V0018,A juvenile red deer doing at least one different action than an adult female red deer.
S2_C2_E300_V0051,A juvenile red deer doing at least one different action than an adult female red deer.
S2_C2_E280_V0033,A juvenile red deer doing at least one different action than an adult female red deer.
S2_C2_E300_V0050,A juvenile red deer doing at least one different action than an adult female red deer.
S2_C2_E265_V0024,A juvenile red deer doing at least one different action than an adult female red deer.
S2_C2_E301_V0052,A juvenile red deer doing at least one different action than an adult female red deer.
S2_C2_E280_V0037,A juvenile red deer doing at least one different action than an adult female red deer.
S2_C2_F625_V0115,A juvenile red deer doing at least one different action than an adult female red deer.
S2_C2_F467_V0028,A juvenile red deer doing at least one different action than an adult female red deer.
S2_C2_F469_V0031,A juvenile red deer doing at least one different action than an adult female red deer.
S2_C2_E339_V0085,A juvenile red deer doing at least one different action than an adult female red deer.
S1_C5_F243_V0380,An adult female red deer nursing.
S1_C6_F243_V0142,An adult female red deer nursing.
S2_C3_E394_V0130,A wolf chasing prey in clear or sunny weather.
S2_C3_E394_V0131,A wolf chasing prey in clear or sunny weather.
S2_C1_E394_V0117,A wolf chasing prey in clear or sunny weather.
S2_C2_E394_V0135,A wolf chasing prey in clear or sunny weather.
S1_C5_F151_V0194,A roe deer foraging in sunny weather.
S1_C5_F22_V0044,A roe deer foraging in sunny weather.
S1_C5_F332_V0445,A roe deer foraging in sunny weather.
S1_C5_F4_V0017,A roe deer foraging in sunny weather.
S1_C4_F4_V0017,A roe deer foraging in sunny weather.
S1_C6_F424_V0398,A roe deer foraging in sunny weather.
S1_C6_F22_V0020,A roe deer foraging in sunny weather.
S1_C6_F151_V0089,A roe deer foraging in sunny weather.
S2_C3_F596_V0136,A roe deer foraging in sunny weather.
S2_C3_F602_V0140,A roe deer foraging in sunny weather.
S2_C3_F547_V0102,A roe deer foraging in sunny weather.
S2_C3_F564_V0115,A roe deer foraging in sunny weather.
S2_C3_F601_V0139,A roe deer foraging in sunny weather.
S2_C1_F590_V0101,A roe deer foraging in sunny weather.
S2_C1_F500_V0046,A roe deer foraging in sunny weather.
S2_C1_F601_V0108,A roe deer foraging in sunny weather.
S2_C1_F596_V0105,A roe deer foraging in sunny weather.
S2_C1_F462_V0021,A roe deer foraging in sunny weather.
S2_C1_F546_V0076,A roe deer foraging in sunny weather.
S2_C1_F564_V0086,A roe deer foraging in sunny weather.
S2_C1_F602_V0109,A roe deer foraging in sunny weather.
S2_C2_F547_V0071,A roe deer foraging in sunny weather.
S2_C2_F596_V0101,A roe deer foraging in sunny weather.
S3_C2_E741_V0359,A red deer foraging in sunny weather.
S3_C2_E760_V0409,A red deer foraging in sunny weather.
S3_C2_E712_V0249,A red deer foraging in sunny weather.
S3_C2_E799_V0535,A red deer foraging in sunny weather.
S3_C2_E738_V0356,A red deer foraging in sunny weather.
S3_C2_E778_V0464,A red deer foraging in sunny weather.
S3_C2_E800_V0536,A red deer foraging in sunny weather.
S3_C2_E762_V0413,A red deer foraging in sunny weather.
S3_C2_E699_V0187,A red deer foraging in sunny weather.
S3_C2_E712_V0248,A red deer foraging in sunny weather.
S3_C2_E802_V0538,A red deer foraging in sunny weather.
S3_C2_E780_V0471,A red deer foraging in sunny weather.
S3_C2_E787_V0506,A red deer foraging in sunny weather.
S3_C2_E780_V0469,A red deer foraging in sunny weather.
S3_C2_E699_V0186,A red deer foraging in sunny weather.
S3_C2_E780_V0472,A red deer foraging in sunny weather.
S3_C2_E781_V0473,A red deer foraging in sunny weather.
S3_C2_E760_V0411,A red deer foraging in sunny weather.
S3_C2_E762_V0412,A red deer foraging in sunny weather.
S3_C2_E780_V0468,A red deer foraging in sunny weather.
S3_C2_E780_V0467,A red deer foraging in sunny weather.
S1_C5_F182_V0234,A red deer foraging in sunny weather.
S1_C5_F77_V0124,A red deer foraging in sunny weather.
S1_C5_F59_V0085,A red deer foraging in sunny weather.
S1_C5_F238_V0327,A red deer foraging in sunny weather.
S1_C4_F238_V0191,A red deer foraging in sunny weather.
S1_C4_F82_V0073,A red deer foraging in sunny weather.
S1_C6_F439_V0407,A red deer foraging in sunny weather.
S1_C6_F4_V0018,A red deer foraging in sunny weather.
S1_C6_F238_V0128,A red deer foraging in sunny weather.
S1_C6_F326_V0263,A red deer foraging in sunny weather.
S2_C3_E393_V0129,A red deer foraging in sunny weather.
S2_C3_E313_V0086,A red deer foraging in sunny weather.
S2_C3_E365_V0116,A red deer foraging in sunny weather.
S2_C3_F625_V0155,A red deer foraging in sunny weather.
S2_C3_E263_V0018,A red deer foraging in sunny weather.
S2_C3_E365_V0115,A red deer foraging in sunny weather.
S2_C3_F602_V0141,A red deer foraging in sunny weather.
S2_C3_F469_V0041,A red deer foraging in sunny weather.
S2_C1_F602_V0110,A red deer foraging in sunny weather.
S2_C1_E304_V0050,A red deer foraging in sunny weather.
S2_C1_E393_V0116,A red deer foraging in sunny weather.
S2_C1_F469_V0027,A red deer foraging in sunny weather.
S2_C1_E263_V0023,A red deer foraging in sunny weather.
S2_C1_F625_V0128,A red deer foraging in sunny weather.
S2_C2_E313_V0065,A red deer foraging in sunny weather.
S2_C2_E393_V0134,A red deer foraging in sunny weather.
S2_C2_F625_V0115,A red deer foraging in sunny weather.
S2_C2_E365_V0109,A red deer foraging in sunny weather.
S2_C2_F469_V0031,A red deer foraging in sunny weather.
S2_C2_E263_V0023,A red deer foraging in sunny weather.
S2_C3_F613_V0146,A roe deer foraging in rainy weather.
S2_C3_F613_V0147,A roe deer foraging in rainy weather.
S2_C3_F613_V0145,A roe deer foraging in rainy weather.
S2_C1_F613_V0119,A roe deer foraging in rainy weather.
S2_C1_F612_V0118,A roe deer foraging in rainy weather.
S2_C1_F613_V0120,A roe deer foraging in rainy weather.
S2_C2_F613_V0110,A roe deer foraging in rainy weather.
S3_C3_E453_V0159,A red deer foraging in rainy weather.
S3_C3_E444_V0156,A red deer foraging in rainy weather.
S3_C3_E455_V0168,A red deer foraging in rainy weather.
S3_C3_E454_V0165,A red deer foraging in rainy weather.
S3_C3_E454_V0162,A red deer foraging in rainy weather.
S3_C3_E460_V0172,A red deer foraging in rainy weather.
S3_C3_E454_V0164,A red deer foraging in rainy weather.
S3_C3_E444_V0121,A red deer foraging in rainy weather.
S3_C3_E462_V0181,A red deer foraging in rainy weather.
S3_C3_E444_V0123,A red deer foraging in rainy weather.
S3_C3_E460_V0177,A red deer foraging in rainy weather.
S3_C3_E444_V0118,A red deer foraging in rainy weather.
S3_C3_E460_V0175,A red deer foraging in rainy weather.
S3_C3_E444_V0155,A red deer foraging in rainy weather.
S3_C3_E444_V0117,A red deer foraging in rainy weather.
S3_C3_E444_V0116,A red deer foraging in rainy weather.
S3_C3_E444_V0132,A red deer foraging in rainy weather.
S3_C3_E455_V0169,A red deer foraging in rainy weather.
S3_C3_E460_V0171,A red deer foraging in rainy weather.
S3_C3_E444_V0157,A red deer foraging in rainy weather.
S3_C3_E462_V0180,A red deer foraging in rainy weather.
S3_C3_E453_V0161,A red deer foraging in rainy weather.
S3_C3_E453_V0160,A red deer foraging in rainy weather.
S3_C3_E444_V0153,A red deer foraging in rainy weather.
S3_C3_E444_V0127,A red deer foraging in rainy weather.
S3_C3_E454_V0166,A red deer foraging in rainy weather.
S3_C3_E444_V0124,A red deer foraging in rainy weather.
S3_C3_E454_V0167,A red deer foraging in rainy weather.
S3_C3_E444_V0125,A red deer foraging in rainy weather.
S3_C3_E460_V0176,A red deer foraging in rainy weather.
S3_C3_E461_V0178,A red deer foraging in rainy weather.
S3_C3_E444_V0122,A red deer foraging in rainy weather.
S3_C3_E444_V0130,A red deer foraging in rainy weather.
S3_C3_E444_V0158,A red deer foraging in rainy weather.
S3_C3_E460_V0174,A red deer foraging in rainy weather.
S3_C3_E444_V0120,A red deer foraging in rainy weather.
S3_C3_E444_V0131,A red deer foraging in rainy weather.
S3_C3_E454_V0163,A red deer foraging in rainy weather.
S3_C5_F677_V0109,A red deer foraging in rainy weather.
S3_C1_E460_V0545,A red deer foraging in rainy weather.
S3_C1_E462_V0546,A red deer foraging in rainy weather.
S3_C1_E460_V0544,A red deer foraging in rainy weather.
S3_C4_F677_V0065,A red deer foraging in rainy weather.
S3_C4_F677_V0063,A red deer foraging in rainy weather.
S3_C4_F681_V0067,A red deer foraging in rainy weather.
S3_C4_F677_V0064,A red deer foraging in rainy weather.
S3_C4_F677_V0066,A red deer foraging in rainy weather.
S3_C2_E711_V0247,A red deer foraging in rainy weather.
S3_C2_E454_V0059,A red deer foraging in rainy weather.
S3_C2_E453_V0057,A red deer foraging in rainy weather.
S3_C2_E454_V0060,A red deer foraging in rainy weather.
S3_C2_E460_V0066,A red deer foraging in rainy weather.
S3_C2_E462_V0068,A red deer foraging in rainy weather.
S3_C2_E444_V0054,A red deer foraging in rainy weather.
S3_C2_E685_V0173,A red deer foraging in rainy weather.
S3_C2_E455_V0062,A red deer foraging in rainy weather.
S3_C2_E444_V0052,A red deer foraging in rainy weather.
S3_C2_E460_V0063,A red deer foraging in rainy weather.
S3_C2_E685_V0174,A red deer foraging in rainy weather.
S3_C2_E460_V0065,A red deer foraging in rainy weather.
S3_C2_E455_V0061,A red deer foraging in rainy weather.
S3_C2_E460_V0064,A red deer foraging in rainy weather.
S3_C2_E685_V0172,A red deer foraging in rainy weather.
S3_C2_E465_V0069,A red deer foraging in rainy weather.
S3_C2_E444_V0055,A red deer foraging in rainy weather.
S3_C2_E444_V0056,A red deer foraging in rainy weather.
S1_C3_E136_V0056,A red deer foraging in rainy weather.
S1_C3_E27_V0017,A red deer foraging in rainy weather.
S1_C5_F53_V0078,A red deer foraging in rainy weather.
S1_C5_F201_V0269,A red deer foraging in rainy weather.
S1_C5_F202_V0271,A red deer foraging in rainy weather.
S1_C5_F53_V0079,A red deer foraging in rainy weather.
S1_C5_F200_V0264,A red deer foraging in rainy weather.
S1_C5_F53_V0081,A red deer foraging in rainy weather.
S1_C5_F201_V0267,A red deer foraging in rainy weather.
S1_C5_F53_V0080,A red deer foraging in rainy weather.
S1_C5_F200_V0263,A red deer foraging in rainy weather.
S1_C5_F200_V0265,A red deer foraging in rainy weather.
S1_C5_F201_V0270,A red deer foraging in rainy weather.
S1_C5_F201_V0268,A red deer foraging in rainy weather.
S1_C1_E136_V0670,A red deer foraging in rainy weather.
S1_C1_E17_V0046,A red deer foraging in rainy weather.
S1_C1_E40_V0100,A red deer foraging in rainy weather.
S1_C1_E133_V0639,A red deer foraging in rainy weather.
S1_C1_E40_V0106,A red deer foraging in rainy weather.
S1_C1_E133_V0636,A red deer foraging in rainy weather.
S1_C1_E136_V0672,A red deer foraging in rainy weather.
S1_C1_E40_V0101,A red deer foraging in rainy weather.
S1_C1_E40_V0097,A red deer foraging in rainy weather.
S1_C1_E136_V0668,A red deer foraging in rainy weather.
S1_C1_E40_V0095,A red deer foraging in rainy weather.
S1_C1_E27_V0059,A red deer foraging in rainy weather.
S1_C1_E17_V0043,A red deer foraging in rainy weather.
S1_C1_E136_V0664,A red deer foraging in rainy weather.
S1_C1_E136_V0669,A red deer foraging in rainy weather.
S1_C1_E136_V0662,A red deer foraging in rainy weather.
S1_C1_E40_V0098,A red deer foraging in rainy weather.
S1_C1_E136_V0671,A red deer foraging in rainy weather.
S1_C1_E30_V0066,A red deer foraging in rainy weather.
S1_C1_E136_V0666,A red deer foraging in rainy weather.
S1_C1_E17_V0044,A red deer foraging in rainy weather.
S1_C1_E40_V0102,A red deer foraging in rainy weather.
S1_C1_E40_V0094,A red deer foraging in rainy weather.
S1_C1_E136_V0673,A red deer foraging in rainy weather.
S1_C1_E40_V0092,A red deer foraging in rainy weather.
S1_C1_E40_V0099,A red deer foraging in rainy weather.
S1_C1_E40_V0103,A red deer foraging in rainy weather.
S1_C1_E136_V0665,A red deer foraging in rainy weather.
S1_C1_E40_V0105,A red deer foraging in rainy weather.
S1_C1_E136_V0663,A red deer foraging in rainy weather.
S1_C1_E27_V0060,A red deer foraging in rainy weather.
S1_C1_E40_V0096,A red deer foraging in rainy weather.
S1_C1_E40_V0093,A red deer foraging in rainy weather.
S1_C1_E27_V0061,A red deer foraging in rainy weather.
S1_C1_E32_V0068,A red deer foraging in rainy weather.
S1_C1_E40_V0104,A red deer foraging in rainy weather.
S1_C1_E132_V0630,A red deer foraging in rainy weather.
S1_C4_F200_V0164,A red deer foraging in rainy weather.
S1_C4_F200_V0165,A red deer foraging in rainy weather.
S1_C4_F202_V0166,A red deer foraging in rainy weather.
S1_C4_F54_V0044,A red deer foraging in rainy weather.
S1_C6_F53_V0033,A red deer foraging in rainy weather.
S1_C6_F53_V0032,A red deer foraging in rainy weather.
S1_C6_F200_V0115,A red deer foraging in rainy weather.
S1_C6_F202_V0118,A red deer foraging in rainy weather.
S1_C6_F200_V0114,A red deer foraging in rainy weather.
S1_C6_F202_V0119,A red deer foraging in rainy weather.
S1_C6_F200_V0113,A red deer foraging in rainy weather.
S1_C6_F200_V0116,A red deer foraging in rainy weather.
S1_C6_F201_V0117,A red deer foraging in rainy weather.
S1_C2_E40_V0064,A red deer foraging in rainy weather.
S1_C2_E136_V0308,A red deer foraging in rainy weather.
S1_C2_E40_V0065,A red deer foraging in rainy weather.
S1_C2_E27_V0038,A red deer foraging in rainy weather.
S1_C2_E17_V0031,A red deer foraging in rainy weather.
S1_C2_E40_V0062,A red deer foraging in rainy weather.
S1_C2_E136_V0313,A red deer foraging in rainy weather.
S1_C2_E136_V0306,A red deer foraging in rainy weather.
S1_C2_E136_V0315,A red deer foraging in rainy weather.
S1_C2_E30_V0041,A red deer foraging in rainy weather.
S1_C2_E40_V0066,A red deer foraging in rainy weather.
S1_C2_E40_V0071,A red deer foraging in rainy weather.
S1_C2_E40_V0070,A red deer foraging in rainy weather.
S1_C2_E27_V0037,A red deer foraging in rainy weather.
S1_C2_E136_V0307,A red deer foraging in rainy weather.
S1_C2_E40_V0068,A red deer foraging in rainy weather.
S1_C2_E136_V0310,A red deer foraging in rainy weather.
S1_C2_E17_V0030,A red deer foraging in rainy weather.
S1_C2_E40_V0067,A red deer foraging in rainy weather.
S1_C2_E136_V0311,A red deer foraging in rainy weather.
S1_C2_E136_V0314,A red deer foraging in rainy weather.
S1_C2_E136_V0309,A red deer foraging in rainy weather.
S1_C2_E40_V0069,A red deer foraging in rainy weather.
S1_C2_E136_V0312,A red deer foraging in rainy weather.
S2_C3_E270_V0026,A red deer foraging in rainy weather.
S2_C3_E266_V0023,A red deer foraging in rainy weather.
S2_C3_F488_V0061,A red deer foraging in rainy weather.
S2_C3_F557_V0109,A red deer foraging in rainy weather.
S2_C3_F488_V0060,A red deer foraging in rainy weather.
S2_C3_E268_V0025,A red deer foraging in rainy weather.
S2_C3_E270_V0030,A red deer foraging in rainy weather.
S2_C3_F557_V0107,A red deer foraging in rainy weather.
S2_C3_F560_V0112,A red deer foraging in rainy weather.
S2_C3_E311_V0084,A red deer foraging in rainy weather.
S2_C3_E270_V0029,A red deer foraging in rainy weather.
S2_C3_F557_V0108,A red deer foraging in rainy weather.
S2_C3_E270_V0031,A red deer foraging in rainy weather.
S2_C3_E270_V0028,A red deer foraging in rainy weather.
S2_C3_E270_V0027,A red deer foraging in rainy weather.
S2_C3_E341_V0105,A red deer foraging in rainy weather.
S2_C1_F560_V0083,A red deer foraging in rainy weather.
S2_C1_F488_V0038,A red deer foraging in rainy weather.
S2_C1_E341_V0082,A red deer foraging in rainy weather.
S2_C1_E270_V0032,A red deer foraging in rainy weather.
S2_C1_E270_V0031,A red deer foraging in rainy weather.
S2_C2_F560_V0077,A red deer foraging in rainy weather.
S2_C2_E270_V0031,A red deer foraging in rainy weather.
S2_C2_E270_V0027,A red deer foraging in rainy weather.
S2_C2_F488_V0043,A red deer foraging in rainy weather.
S2_C2_E341_V0086,A red deer foraging in rainy weather.
S2_C2_F488_V0044,A red deer foraging in rainy weather.
S2_C2_E270_V0029,A red deer foraging in rainy weather.
S2_C2_E270_V0028,A red deer foraging in rainy weather.
S2_C2_F557_V0075,A red deer foraging in rainy weather.
S2_C2_F557_V0074,A red deer foraging in rainy weather.
S2_C2_E270_V0030,A red deer foraging in rainy weather.
S3_C3_E444_V0156,An animal being vigilant while the weather is rainy or overcast.
S3_C3_E642_V0616,An animal being vigilant while the weather is rainy or overcast.
S3_C3_E642_V0622,An animal being vigilant while the weather is rainy or overcast.
S3_C3_E455_V0170,An animal being vigilant while the weather is rainy or overcast.
S3_C3_E460_V0172,An animal being vigilant while the weather is rainy or overcast.
S3_C3_E444_V0121,An animal being vigilant while the weather is rainy or overcast.
S3_C3_E462_V0181,An animal being vigilant while the weather is rainy or overcast.
S3_C3_E444_V0123,An animal being vigilant while the weather is rainy or overcast.
S3_C3_E642_V0623,An animal being vigilant while the weather is rainy or overcast.
S3_C3_E460_V0175,An animal being vigilant while the weather is rainy or overcast.
S3_C3_E462_V0179,An animal being vigilant while the weather is rainy or overcast.
S3_C3_E444_V0117,An animal being vigilant while the weather is rainy or overcast.
S3_C3_E444_V0116,An animal being vigilant while the weather is rainy or overcast.
S3_C3_E444_V0129,An animal being vigilant while the weather is rainy or overcast.
S3_C3_E444_V0128,An animal being vigilant while the weather is rainy or overcast.
S3_C3_E455_V0169,An animal being vigilant while the weather is rainy or overcast.
S3_C3_E460_V0171,An animal being vigilant while the weather is rainy or overcast.
S3_C3_E444_V0157,An animal being vigilant while the weather is rainy or overcast.
S3_C3_E462_V0180,An animal being vigilant while the weather is rainy or overcast.
S3_C3_E453_V0160,An animal being vigilant while the weather is rainy or overcast.
S3_C3_E642_V0619,An animal being vigilant while the weather is rainy or overcast.
S3_C3_E444_V0152,An animal being vigilant while the weather is rainy or overcast.
S3_C3_E444_V0153,An animal being vigilant while the weather is rainy or overcast.
S3_C3_E642_V0618,An animal being vigilant while the weather is rainy or overcast.
S3_C3_E454_V0166,An animal being vigilant while the weather is rainy or overcast.
S3_C3_E460_V0173,An animal being vigilant while the weather is rainy or overcast.
S3_C3_E444_V0124,An animal being vigilant while the weather is rainy or overcast.
S3_C3_E642_V0621,An animal being vigilant while the weather is rainy or overcast.
S3_C3_E444_V0125,An animal being vigilant while the weather is rainy or overcast.
S3_C3_E460_V0176,An animal being vigilant while the weather is rainy or overcast.
S3_C3_E642_V0620,An animal being vigilant while the weather is rainy or overcast.
S3_C3_E461_V0178,An animal being vigilant while the weather is rainy or overcast.
S3_C3_E444_V0130,An animal being vigilant while the weather is rainy or overcast.
S3_C3_E642_V0617,An animal being vigilant while the weather is rainy or overcast.
S3_C3_E460_V0174,An animal being vigilant while the weather is rainy or overcast.
S3_C3_E444_V0131,An animal being vigilant while the weather is rainy or overcast.
S3_C3_E444_V0115,An animal being vigilant while the weather is rainy or overcast.
S3_C3_E454_V0163,An animal being vigilant while the weather is rainy or overcast.
S3_C5_F677_V0109,An animal being vigilant while the weather is rainy or overcast.
S3_C5_F863_V0179,An animal being vigilant while the weather is rainy or overcast.
S3_C1_E460_V0544,An animal being vigilant while the weather is rainy or overcast.
S3_C4_F633_V0022,An animal being vigilant while the weather is rainy or overcast.
S3_C4_F633_V0021,An animal being vigilant while the weather is rainy or overcast.
S3_C4_F677_V0063,An animal being vigilant while the weather is rainy or overcast.
S3_C4_F681_V0067,An animal being vigilant while the weather is rainy or overcast.
S3_C4_F831_V0349,An animal being vigilant while the weather is rainy or overcast.
S3_C6_F633_V0019,An animal being vigilant while the weather is rainy or overcast.
S3_C6_F633_V0020,An animal being vigilant while the weather is rainy or overcast.
S3_C2_E711_V0247,An animal being vigilant while the weather is rainy or overcast.
S3_C2_E642_V0146,An animal being vigilant while the weather is rainy or overcast.
S3_C2_E466_V0070,An animal being vigilant while the weather is rainy or overcast.
S3_C2_E731_V0325,An animal being vigilant while the weather is rainy or overcast.
S3_C2_E462_V0067,An animal being vigilant while the weather is rainy or overcast.
S3_C2_E460_V0066,An animal being vigilant while the weather is rainy or overcast.
S3_C2_E462_V0068,An animal being vigilant while the weather is rainy or overcast.
S3_C2_E444_V0054,An animal being vigilant while the weather is rainy or overcast.
S3_C2_E730_V0322,An animal being vigilant while the weather is rainy or overcast.
S3_C2_E460_V0063,An animal being vigilant while the weather is rainy or overcast.
S3_C2_E642_V0144,An animal being vigilant while the weather is rainy or overcast.
S3_C2_E460_V0065,An animal being vigilant while the weather is rainy or overcast.
S3_C2_E730_V0323,An animal being vigilant while the weather is rainy or overcast.
S3_C2_E730_V0321,An animal being vigilant while the weather is rainy or overcast.
S3_C2_E685_V0172,An animal being vigilant while the weather is rainy or overcast.
S3_C2_E729_V0320,An animal being vigilant while the weather is rainy or overcast.
S3_C2_E465_V0069,An animal being vigilant while the weather is rainy or overcast.
S3_C2_E714_V0251,An animal being vigilant while the weather is rainy or overcast.
S3_C2_E729_V0319,An animal being vigilant while the weather is rainy or overcast.
S3_C2_E729_V0318,An animal being vigilant while the weather is rainy or overcast.
S3_C2_E444_V0056,An animal being vigilant while the weather is rainy or overcast.
S3_C2_E444_V0053,An animal being vigilant while the weather is rainy or overcast.
S1_C3_E37_V0019,An animal being vigilant while the weather is rainy or overcast.
S1_C3_E36_V0018,An animal being vigilant while the weather is rainy or overcast.
S1_C3_E27_V0017,An animal being vigilant while the weather is rainy or overcast.
S1_C5_F127_V0174,An animal being vigilant while the weather is rainy or overcast.
S1_C5_F53_V0078,An animal being vigilant while the weather is rainy or overcast.
S1_C5_F231_V0324,An animal being vigilant while the weather is rainy or overcast.
S1_C5_F200_V0263,An animal being vigilant while the weather is rainy or overcast.
S1_C5_F200_V0265,An animal being vigilant while the weather is rainy or overcast.
S1_C5_F259_V0425,An animal being vigilant while the weather is rainy or overcast.
S1_C5_F55_V0082,An animal being vigilant while the weather is rainy or overcast.
S1_C5_F89_V0129,An animal being vigilant while the weather is rainy or overcast.
S1_C5_F201_V0268,An animal being vigilant while the weather is rainy or overcast.
S1_C1_E15_V0036,An animal being vigilant while the weather is rainy or overcast.
S1_C1_E40_V0100,An animal being vigilant while the weather is rainy or overcast.
S1_C1_E36_V0074,An animal being vigilant while the weather is rainy or overcast.
S1_C1_E126_V0576,An animal being vigilant while the weather is rainy or overcast.
S1_C1_E37_V0075,An animal being vigilant while the weather is rainy or overcast.
S1_C1_E177_V0821,An animal being vigilant while the weather is rainy or overcast.
S1_C1_E37_V0076,An animal being vigilant while the weather is rainy or overcast.
S1_C1_E177_V0823,An animal being vigilant while the weather is rainy or overcast.
S1_C1_E17_V0044,An animal being vigilant while the weather is rainy or overcast.
S1_C1_E29_V0064,An animal being vigilant while the weather is rainy or overcast.
S1_C1_E40_V0102,An animal being vigilant while the weather is rainy or overcast.
S1_C1_E130_V0577,An animal being vigilant while the weather is rainy or overcast.
S1_C1_E40_V0094,An animal being vigilant while the weather is rainy or overcast.
S1_C1_E40_V0092,An animal being vigilant while the weather is rainy or overcast.
S1_C1_E40_V0103,An animal being vigilant while the weather is rainy or overcast.
S1_C1_E33_V0069,An animal being vigilant while the weather is rainy or overcast.
S1_C1_E40_V0105,An animal being vigilant while the weather is rainy or overcast.
S1_C1_E136_V0663,An animal being vigilant while the weather is rainy or overcast.
S1_C1_E10_V0031,An animal being vigilant while the weather is rainy or overcast.
S1_C1_E42_V0108,An animal being vigilant while the weather is rainy or overcast.
S1_C1_E189_V0825,An animal being vigilant while the weather is rainy or overcast.
S1_C1_E130_V0599,An animal being vigilant while the weather is rainy or overcast.
S1_C1_E34_V0071,An animal being vigilant while the weather is rainy or overcast.
S1_C1_E177_V0822,An animal being vigilant while the weather is rainy or overcast.
S1_C1_E40_V0093,An animal being vigilant while the weather is rainy or overcast.
S1_C1_E49_V0112,An animal being vigilant while the weather is rainy or overcast.
S1_C1_E146_V0738,An animal being vigilant while the weather is rainy or overcast.
S1_C1_E36_V0073,An animal being vigilant while the weather is rainy or overcast.
S1_C1_E130_V0585,An animal being vigilant while the weather is rainy or overcast.
S1_C1_E32_V0068,An animal being vigilant while the weather is rainy or overcast.
S1_C4_F200_V0165,An animal being vigilant while the weather is rainy or overcast.
S1_C4_F23_V0028,An animal being vigilant while the weather is rainy or overcast.
S1_C4_F202_V0166,An animal being vigilant while the weather is rainy or overcast.
S1_C4_F56_V0045,An animal being vigilant while the weather is rainy or overcast.
S1_C4_F54_V0044,An animal being vigilant while the weather is rainy or overcast.
S1_C4_F127_V0112,An animal being vigilant while the weather is rainy or overcast.
S1_C6_F395_V0324,An animal being vigilant while the weather is rainy or overcast.
S1_C6_F53_V0033,An animal being vigilant while the weather is rainy or overcast.
S1_C6_F53_V0032,An animal being vigilant while the weather is rainy or overcast.
S1_C6_F231_V0126,An animal being vigilant while the weather is rainy or overcast.
S1_C6_F200_V0115,An animal being vigilant while the weather is rainy or overcast.
S1_C6_F89_V0058,An animal being vigilant while the weather is rainy or overcast.
S1_C6_F202_V0118,An animal being vigilant while the weather is rainy or overcast.
S1_C6_F200_V0114,An animal being vigilant while the weather is rainy or overcast.
S1_C6_F398_V0325,An animal being vigilant while the weather is rainy or overcast.
S1_C6_F202_V0119,An animal being vigilant while the weather is rainy or overcast.
S1_C6_F65_V0035,An animal being vigilant while the weather is rainy or overcast.
S1_C6_F200_V0116,An animal being vigilant while the weather is rainy or overcast.
S1_C6_F127_V0082,An animal being vigilant while the weather is rainy or overcast.
S1_C6_F23_V0021,An animal being vigilant while the weather is rainy or overcast.
S1_C2_E36_V0046,An animal being vigilant while the weather is rainy or overcast.
S1_C2_E189_V0424,An animal being vigilant while the weather is rainy or overcast.
S1_C2_E40_V0065,An animal being vigilant while the weather is rainy or overcast.
S1_C2_E49_V0075,An animal being vigilant while the weather is rainy or overcast.
S1_C2_E40_V0062,An animal being vigilant while the weather is rainy or overcast.
S1_C2_E155_V0388,An animal being vigilant while the weather is rainy or overcast.
S1_C2_E42_V0072,An animal being vigilant while the weather is rainy or overcast.
S1_C2_E130_V0284,An animal being vigilant while the weather is rainy or overcast.
S1_C2_E33_V0042,An animal being vigilant while the weather is rainy or overcast.
S1_C2_E25_V0036,An animal being vigilant while the weather is rainy or overcast.
S1_C2_E130_V0283,An animal being vigilant while the weather is rainy or overcast.
S1_C2_E40_V0066,An animal being vigilant while the weather is rainy or overcast.
S1_C2_E37_V0047,An animal being vigilant while the weather is rainy or overcast.
S1_C2_E130_V0282,An animal being vigilant while the weather is rainy or overcast.
S1_C2_E40_V0070,An animal being vigilant while the weather is rainy or overcast.
S1_C2_E177_V0408,An animal being vigilant while the weather is rainy or overcast.
S1_C2_E189_V0425,An animal being vigilant while the weather is rainy or overcast.
S1_C2_E146_V0345,An animal being vigilant while the weather is rainy or overcast.
S1_C2_E40_V0068,An animal being vigilant while the weather is rainy or overcast.
S1_C2_E17_V0030,An animal being vigilant while the weather is rainy or overcast.
S1_C2_E53_V0079,An animal being vigilant while the weather is rainy or overcast.
S1_C2_E33_V0043,An animal being vigilant while the weather is rainy or overcast.
S1_C2_E15_V0026,An animal being vigilant while the weather is rainy or overcast.
S1_C2_E40_V0069,An animal being vigilant while the weather is rainy or overcast.
S1_C2_E34_V0044,An animal being vigilant while the weather is rainy or overcast.
S1_C2_E29_V0040,An animal being vigilant while the weather is rainy or overcast.
S1_C2_E28_V0039,An animal being vigilant while the weather is rainy or overcast.
S1_C2_E136_V0312,An animal being vigilant while the weather is rainy or overcast.
S2_C3_E270_V0026,An animal being vigilant while the weather is rainy or overcast.
S2_C3_F613_V0146,An animal being vigilant while the weather is rainy or overcast.
S2_C3_F467_V0038,An animal being vigilant while the weather is rainy or overcast.
S2_C3_E280_V0040,An animal being vigilant while the weather is rainy or overcast.
S2_C3_F613_V0147,An animal being vigilant while the weather is rainy or overcast.
S2_C3_E280_V0042,An animal being vigilant while the weather is rainy or overcast.
S2_C3_E268_V0025,An animal being vigilant while the weather is rainy or overcast.
S2_C3_F560_V0112,An animal being vigilant while the weather is rainy or overcast.
S2_C3_E280_V0044,An animal being vigilant while the weather is rainy or overcast.
S2_C3_E280_V0046,An animal being vigilant while the weather is rainy or overcast.
S2_C3_F613_V0145,An animal being vigilant while the weather is rainy or overcast.
S2_C3_E281_V0047,An animal being vigilant while the weather is rainy or overcast.
S2_C3_E280_V0045,An animal being vigilant while the weather is rainy or overcast.
S2_C3_E301_V0069,An animal being vigilant while the weather is rainy or overcast.
S2_C3_E270_V0029,An animal being vigilant while the weather is rainy or overcast.
S2_C3_E333_V0098,An animal being vigilant while the weather is rainy or overcast.
S2_C3_E280_V0043,An animal being vigilant while the weather is rainy or overcast.
S2_C3_E280_V0041,An animal being vigilant while the weather is rainy or overcast.
S2_C3_E270_V0028,An animal being vigilant while the weather is rainy or overcast.
S2_C3_F467_V0037,An animal being vigilant while the weather is rainy or overcast.
S2_C3_E270_V0027,An animal being vigilant while the weather is rainy or overcast.
S2_C3_E341_V0105,An animal being vigilant while the weather is rainy or overcast.
S2_C1_F467_V0022,An animal being vigilant while the weather is rainy or overcast.
S2_C1_E301_V0049,An animal being vigilant while the weather is rainy or overcast.
S2_C1_F560_V0083,An animal being vigilant while the weather is rainy or overcast.
S2_C1_F613_V0119,An animal being vigilant while the weather is rainy or overcast.
S2_C1_F467_V0024,An animal being vigilant while the weather is rainy or overcast.
S2_C1_F488_V0038,An animal being vigilant while the weather is rainy or overcast.
S2_C1_E280_V0037,An animal being vigilant while the weather is rainy or overcast.
S2_C1_F557_V0081,An animal being vigilant while the weather is rainy or overcast.
S2_C1_E274_V0033,An animal being vigilant while the weather is rainy or overcast.
S2_C1_F467_V0023,An animal being vigilant while the weather is rainy or overcast.
S2_C1_E341_V0082,An animal being vigilant while the weather is rainy or overcast.
S2_C1_F613_V0120,An animal being vigilant while the weather is rainy or overcast.
S2_C1_E270_V0032,An animal being vigilant while the weather is rainy or overcast.
S2_C1_E281_V0038,An animal being vigilant while the weather is rainy or overcast.
S2_C1_F467_V0025,An animal being vigilant while the weather is rainy or overcast.
S2_C2_E280_V0036,An animal being vigilant while the weather is rainy or overcast.
S2_C2_E270_V0031,An animal being vigilant while the weather is rainy or overcast.
S2_C2_E270_V0027,An animal being vigilant while the weather is rainy or overcast.
S2_C2_F488_V0043,An animal being vigilant while the weather is rainy or overcast.
S2_C2_E281_V0038,An animal being vigilant while the weather is rainy or overcast.
S2_C2_E280_V0034,An animal being vigilant while the weather is rainy or overcast.
S2_C2_E280_V0035,An animal being vigilant while the weather is rainy or overcast.
S2_C2_E341_V0086,An animal being vigilant while the weather is rainy or overcast.
S2_C2_E270_V0029,An animal being vigilant while the weather is rainy or overcast.
S2_C2_E280_V0033,An animal being vigilant while the weather is rainy or overcast.
S2_C2_E301_V0052,An animal being vigilant while the weather is rainy or overcast.
S2_C2_E280_V0037,An animal being vigilant while the weather is rainy or overcast.
S2_C2_E270_V0030,An animal being vigilant while the weather is rainy or overcast.
S2_C2_F467_V0028,An animal being vigilant while the weather is rainy or overcast.
S3_C3_E582_V0524,An animal being vigilant while the weather is clear or sunny.
S3_C3_E476_V0227,An animal being vigilant while the weather is clear or sunny.
S3_C3_E581_V0512,An animal being vigilant while the weather is clear or sunny.
S3_C3_E476_V0221,An animal being vigilant while the weather is clear or sunny.
S3_C3_E525_V0340,An animal being vigilant while the weather is clear or sunny.
S3_C3_E418_V0071,An animal being vigilant while the weather is clear or sunny.
S3_C3_E419_V0086,An animal being vigilant while the weather is clear or sunny.
S3_C3_E476_V0217,An animal being vigilant while the weather is clear or sunny.
S3_C3_E419_V0082,An animal being vigilant while the weather is clear or sunny.
S3_C3_E419_V0084,An animal being vigilant while the weather is clear or sunny.
S3_C3_E418_V0077,An animal being vigilant while the weather is clear or sunny.
S3_C3_E437_V0095,An animal being vigilant while the weather is clear or sunny.
S3_C3_E545_V0422,An animal being vigilant while the weather is clear or sunny.
S3_C3_E545_V0392,An animal being vigilant while the weather is clear or sunny.
S3_C3_E419_V0081,An animal being vigilant while the weather is clear or sunny.
S3_C3_E418_V0076,An animal being vigilant while the weather is clear or sunny.
S3_C3_E545_V0397,An animal being vigilant while the weather is clear or sunny.
S3_C3_E419_V0079,An animal being vigilant while the weather is clear or sunny.
S3_C3_E581_V0510,An animal being vigilant while the weather is clear or sunny.
S3_C3_E418_V0073,An animal being vigilant while the weather is clear or sunny.
S3_C3_E418_V0072,An animal being vigilant while the weather is clear or sunny.
S3_C3_E476_V0218,An animal being vigilant while the weather is clear or sunny.
S3_C3_E418_V0070,An animal being vigilant while the weather is clear or sunny.
S3_C3_E545_V0386,An animal being vigilant while the weather is clear or sunny.
S3_C3_E582_V0529,An animal being vigilant while the weather is clear or sunny.
S3_C3_E418_V0069,An animal being vigilant while the weather is clear or sunny.
S3_C3_E545_V0418,An animal being vigilant while the weather is clear or sunny.
S3_C3_E545_V0404,An animal being vigilant while the weather is clear or sunny.
S3_C3_E545_V0415,An animal being vigilant while the weather is clear or sunny.
S3_C3_E525_V0342,An animal being vigilant while the weather is clear or sunny.
S3_C3_E545_V0398,An animal being vigilant while the weather is clear or sunny.
S3_C3_E581_V0511,An animal being vigilant while the weather is clear or sunny.
S3_C3_E418_V0068,An animal being vigilant while the weather is clear or sunny.
S3_C3_E407_V0059,An animal being vigilant while the weather is clear or sunny.
S3_C3_E419_V0085,An animal being vigilant while the weather is clear or sunny.
S3_C3_E437_V0098,An animal being vigilant while the weather is clear or sunny.
S3_C3_E525_V0344,An animal being vigilant while the weather is clear or sunny.
S3_C3_E476_V0212,An animal being vigilant while the weather is clear or sunny.
S3_C3_E418_V0075,An animal being vigilant while the weather is clear or sunny.
S3_C3_E581_V0509,An animal being vigilant while the weather is clear or sunny.
S3_C3_E418_V0067,An animal being vigilant while the weather is clear or sunny.
S3_C3_E419_V0083,An animal being vigilant while the weather is clear or sunny.
S3_C3_E418_V0074,An animal being vigilant while the weather is clear or sunny.
S3_C3_E476_V0220,An animal being vigilant while the weather is clear or sunny.
S3_C3_E545_V0390,An animal being vigilant while the weather is clear or sunny.
S3_C3_E581_V0508,An animal being vigilant while the weather is clear or sunny.
S3_C3_E476_V0224,An animal being vigilant while the weather is clear or sunny.
S3_C5_F737_V0160,An animal being vigilant while the weather is clear or sunny.
S3_C5_F632_V0022,An animal being vigilant while the weather is clear or sunny.
S3_C5_F632_V0024,An animal being vigilant while the weather is clear or sunny.
S3_C5_F760_V0162,An animal being vigilant while the weather is clear or sunny.
S3_C5_F678_V0110,An animal being vigilant while the weather is clear or sunny.
S3_C5_F632_V0023,An animal being vigilant while the weather is clear or sunny.
S3_C1_E418_V0234,An animal being vigilant while the weather is clear or sunny.
S3_C1_E418_V0235,An animal being vigilant while the weather is clear or sunny.
S3_C1_E437_V0355,An animal being vigilant while the weather is clear or sunny.
S3_C4_F760_V0233,An animal being vigilant while the weather is clear or sunny.
S3_C4_F746_V0205,An animal being vigilant while the weather is clear or sunny.
S3_C4_F746_V0206,An animal being vigilant while the weather is clear or sunny.
S3_C4_F737_V0196,An animal being vigilant while the weather is clear or sunny.
S3_C4_F699_V0072,An animal being vigilant while the weather is clear or sunny.
S3_C2_E741_V0359,An animal being vigilant while the weather is clear or sunny.
S3_C2_E716_V0257,An animal being vigilant while the weather is clear or sunny.
S3_C2_E615_V0124,An animal being vigilant while the weather is clear or sunny.
S3_C2_E545_V0095,An animal being vigilant while the weather is clear or sunny.
S3_C2_E760_V0409,An animal being vigilant while the weather is clear or sunny.
S3_C2_E709_V0241,An animal being vigilant while the weather is clear or sunny.
S3_C2_E706_V0231,An animal being vigilant while the weather is clear or sunny.
S3_C2_E476_V0071,An animal being vigilant while the weather is clear or sunny.
S3_C2_E476_V0076,An animal being vigilant while the weather is clear or sunny.
S3_C2_E419_V0033,An animal being vigilant while the weather is clear or sunny.
S3_C2_E707_V0234,An animal being vigilant while the weather is clear or sunny.
S3_C2_E763_V0415,An animal being vigilant while the weather is clear or sunny.
S3_C2_E684_V0170,An animal being vigilant while the weather is clear or sunny.
S3_C2_E704_V0193,An animal being vigilant while the weather is clear or sunny.
S3_C2_E799_V0535,An animal being vigilant while the weather is clear or sunny.
S3_C2_E707_V0235,An animal being vigilant while the weather is clear or sunny.
S3_C2_E581_V0107,An animal being vigilant while the weather is clear or sunny.
S3_C2_E418_V0031,An animal being vigilant while the weather is clear or sunny.
S3_C2_E786_V0504,An animal being vigilant while the weather is clear or sunny.
S3_C2_E437_V0049,An animal being vigilant while the weather is clear or sunny.
S3_C2_E751_V0385,An animal being vigilant while the weather is clear or sunny.
S3_C2_E706_V0218,An animal being vigilant while the weather is clear or sunny.
S3_C2_E738_V0356,An animal being vigilant while the weather is clear or sunny.
S3_C2_E751_V0383,An animal being vigilant while the weather is clear or sunny.
S3_C2_E686_V0175,An animal being vigilant while the weather is clear or sunny.
S3_C2_E709_V0242,An animal being vigilant while the weather is clear or sunny.
S3_C2_E800_V0536,An animal being vigilant while the weather is clear or sunny.
S3_C2_E582_V0113,An animal being vigilant while the weather is clear or sunny.
S3_C2_E803_V0541,An animal being vigilant while the weather is clear or sunny.
S3_C2_E786_V0500,An animal being vigilant while the weather is clear or sunny.
S3_C2_E762_V0413,An animal being vigilant while the weather is clear or sunny.
S3_C2_E751_V0382,An animal being vigilant while the weather is clear or sunny.
S3_C2_E752_V0387,An animal being vigilant while the weather is clear or sunny.
S3_C2_E597_V0116,An animal being vigilant while the weather is clear or sunny.
S3_C2_E582_V0111,An animal being vigilant while the weather is clear or sunny.
S3_C2_E709_V0243,An animal being vigilant while the weather is clear or sunny.
S3_C2_E546_V0099,An animal being vigilant while the weather is clear or sunny.
S3_C2_E732_V0332,An animal being vigilant while the weather is clear or sunny.
S3_C2_E751_V0384,An animal being vigilant while the weather is clear or sunny.
S3_C2_E786_V0503,An animal being vigilant while the weather is clear or sunny.
S3_C2_E706_V0219,An animal being vigilant while the weather is clear or sunny.
S3_C2_E803_V0539,An animal being vigilant while the weather is clear or sunny.
S3_C2_E706_V0233,An animal being vigilant while the weather is clear or sunny.
S3_C2_E712_V0248,An animal being vigilant while the weather is clear or sunny.
S3_C2_E732_V0327,An animal being vigilant while the weather is clear or sunny.
S3_C2_E716_V0255,An animal being vigilant while the weather is clear or sunny.
S3_C2_E706_V0224,An animal being vigilant while the weather is clear or sunny.
S3_C2_E782_V0479,An animal being vigilant while the weather is clear or sunny.
S3_C2_E684_V0171,An animal being vigilant while the weather is clear or sunny.
S3_C2_E780_V0471,An animal being vigilant while the weather is clear or sunny.
S3_C2_E476_V0074,An animal being vigilant while the weather is clear or sunny.
S3_C2_E581_V0106,An animal being vigilant while the weather is clear or sunny.
S3_C2_E760_V0410,An animal being vigilant while the weather is clear or sunny.
S3_C2_E787_V0506,An animal being vigilant while the weather is clear or sunny.
S3_C2_E706_V0229,An animal being vigilant while the weather is clear or sunny.
S3_C2_E525_V0090,An animal being vigilant while the weather is clear or sunny.
S3_C2_E780_V0469,An animal being vigilant while the weather is clear or sunny.
S3_C2_E699_V0186,An animal being vigilant while the weather is clear or sunny.
S3_C2_E732_V0329,An animal being vigilant while the weather is clear or sunny.
S3_C2_E732_V0336,An animal being vigilant while the weather is clear or sunny.
S3_C2_E476_V0075,An animal being vigilant while the weather is clear or sunny.
S3_C2_E614_V0123,An animal being vigilant while the weather is clear or sunny.
S3_C2_E806_V0553,An animal being vigilant while the weather is clear or sunny.
S3_C2_E780_V0472,An animal being vigilant while the weather is clear or sunny.
S3_C2_E786_V0502,An animal being vigilant while the weather is clear or sunny.
S3_C2_E803_V0542,An animal being vigilant while the weather is clear or sunny.
S3_C2_E581_V0108,An animal being vigilant while the weather is clear or sunny.
S3_C2_E715_V0252,An animal being vigilant while the weather is clear or sunny.
S3_C2_E763_V0414,An animal being vigilant while the weather is clear or sunny.
S3_C2_E780_V0470,An animal being vigilant while the weather is clear or sunny.
S3_C2_E732_V0330,An animal being vigilant while the weather is clear or sunny.
S3_C2_E763_V0416,An animal being vigilant while the weather is clear or sunny.
S3_C2_E782_V0474,An animal being vigilant while the weather is clear or sunny.
S3_C2_E716_V0258,An animal being vigilant while the weather is clear or sunny.
S3_C2_E419_V0032,An animal being vigilant while the weather is clear or sunny.
S3_C2_E803_V0540,An animal being vigilant while the weather is clear or sunny.
S3_C2_E582_V0112,An animal being vigilant while the weather is clear or sunny.
S3_C2_E437_V0047,An animal being vigilant while the weather is clear or sunny.
S3_C2_E706_V0221,An animal being vigilant while the weather is clear or sunny.
S3_C2_E706_V0232,An animal being vigilant while the weather is clear or sunny.
S3_C2_E706_V0223,An animal being vigilant while the weather is clear or sunny.
S3_C2_E804_V0550,An animal being vigilant while the weather is clear or sunny.
S3_C2_E418_V0030,An animal being vigilant while the weather is clear or sunny.
S3_C2_E732_V0341,An animal being vigilant while the weather is clear or sunny.
S3_C2_E706_V0225,An animal being vigilant while the weather is clear or sunny.
S3_C2_E780_V0468,An animal being vigilant while the weather is clear or sunny.
S3_C2_E706_V0217,An animal being vigilant while the weather is clear or sunny.
S3_C2_E407_V0022,An animal being vigilant while the weather is clear or sunny.
S1_C3_E169_V0075,An animal being vigilant while the weather is clear or sunny.
S1_C3_E84_V0038,An animal being vigilant while the weather is clear or sunny.
S1_C3_E219_V0088,An animal being vigilant while the weather is clear or sunny.
S1_C5_F76_V0122,An animal being vigilant while the weather is clear or sunny.
S1_C5_F94_V0133,An animal being vigilant while the weather is clear or sunny.
S1_C5_F96_V0137,An animal being vigilant while the weather is clear or sunny.
S1_C5_F126_V0173,An animal being vigilant while the weather is clear or sunny.
S1_C5_F105_V0159,An animal being vigilant while the weather is clear or sunny.
S1_C5_F245_V0405,An animal being vigilant while the weather is clear or sunny.
S1_C5_F102_V0156,An animal being vigilant while the weather is clear or sunny.
S1_C5_F94_V0134,An animal being vigilant while the weather is clear or sunny.
S1_C5_F96_V0138,An animal being vigilant while the weather is clear or sunny.
S1_C5_F96_V0139,An animal being vigilant while the weather is clear or sunny.
S1_C5_F75_V0120,An animal being vigilant while the weather is clear or sunny.
S1_C5_F245_V0419,An animal being vigilant while the weather is clear or sunny.
S1_C5_F77_V0124,An animal being vigilant while the weather is clear or sunny.
S1_C5_F123_V0168,An animal being vigilant while the weather is clear or sunny.
S1_C5_F74_V0119,An animal being vigilant while the weather is clear or sunny.
S1_C5_F243_V0351,An animal being vigilant while the weather is clear or sunny.
S1_C5_F96_V0140,An animal being vigilant while the weather is clear or sunny.
S1_C5_F69_V0104,An animal being vigilant while the weather is clear or sunny.
S1_C5_F94_V0135,An animal being vigilant while the weather is clear or sunny.
S1_C5_F243_V0343,An animal being vigilant while the weather is clear or sunny.
S1_C5_F98_V0152,An animal being vigilant while the weather is clear or sunny.
S1_C5_F243_V0377,An animal being vigilant while the weather is clear or sunny.
S1_C5_F69_V0103,An animal being vigilant while the weather is clear or sunny.
S1_C5_F75_V0121,An animal being vigilant while the weather is clear or sunny.
S1_C5_F243_V0339,An animal being vigilant while the weather is clear or sunny.
S1_C5_F204_V0288,An animal being vigilant while the weather is clear or sunny.
S1_C5_F243_V0368,An animal being vigilant while the weather is clear or sunny.
S1_C5_F96_V0142,An animal being vigilant while the weather is clear or sunny.
S1_C1_E104_V0281,An animal being vigilant while the weather is clear or sunny.
S1_C1_E38_V0078,An animal being vigilant while the weather is clear or sunny.
S1_C1_E84_V0194,An animal being vigilant while the weather is clear or sunny.
S1_C1_E16_V0039,An animal being vigilant while the weather is clear or sunny.
S1_C1_E138_V0699,An animal being vigilant while the weather is clear or sunny.
S1_C1_E105_V0290,An animal being vigilant while the weather is clear or sunny.
S1_C1_E8_V0028,An animal being vigilant while the weather is clear or sunny.
S1_C1_E50_V0115,An animal being vigilant while the weather is clear or sunny.
S1_C1_E150_V0742,An animal being vigilant while the weather is clear or sunny.
S1_C1_E9_V0030,An animal being vigilant while the weather is clear or sunny.
S1_C1_E4_V0018,An animal being vigilant while the weather is clear or sunny.
S1_C1_E86_V0206,An animal being vigilant while the weather is clear or sunny.
S1_C1_E51_V0116,An animal being vigilant while the weather is clear or sunny.
S1_C1_E16_V0038,An animal being vigilant while the weather is clear or sunny.
S1_C1_E50_V0113,An animal being vigilant while the weather is clear or sunny.
S1_C1_E68_V0169,An animal being vigilant while the weather is clear or sunny.
S1_C1_E4_V0016,An animal being vigilant while the weather is clear or sunny.
S1_C1_E170_V0790,An animal being vigilant while the weather is clear or sunny.
S1_C1_E4_V0019,An animal being vigilant while the weather is clear or sunny.
S1_C1_E122_V0450,An animal being vigilant while the weather is clear or sunny.
S1_C1_E170_V0796,An animal being vigilant while the weather is clear or sunny.
S1_C1_E170_V0788,An animal being vigilant while the weather is clear or sunny.
S1_C1_E151_V0768,An animal being vigilant while the weather is clear or sunny.
S1_C1_E68_V0159,An animal being vigilant while the weather is clear or sunny.
S1_C1_E68_V0160,An animal being vigilant while the weather is clear or sunny.
S1_C1_E68_V0165,An animal being vigilant while the weather is clear or sunny.
S1_C1_E38_V0084,An animal being vigilant while the weather is clear or sunny.
S1_C1_E38_V0086,An animal being vigilant while the weather is clear or sunny.
S1_C1_E16_V0041,An animal being vigilant while the weather is clear or sunny.
S1_C1_E85_V0195,An animal being vigilant while the weather is clear or sunny.
S1_C1_E91_V0207,An animal being vigilant while the weather is clear or sunny.
S1_C1_E4_V0017,An animal being vigilant while the weather is clear or sunny.
S1_C1_E170_V0793,An animal being vigilant while the weather is clear or sunny.
S1_C1_E16_V0040,An animal being vigilant while the weather is clear or sunny.
S1_C1_E122_V0457,An animal being vigilant while the weather is clear or sunny.
S1_C1_E115_V0345,An animal being vigilant while the weather is clear or sunny.
S1_C1_E138_V0701,An animal being vigilant while the weather is clear or sunny.
S1_C1_E104_V0282,An animal being vigilant while the weather is clear or sunny.
S1_C1_E150_V0741,An animal being vigilant while the weather is clear or sunny.
S1_C1_E115_V0342,An animal being vigilant while the weather is clear or sunny.
S1_C1_E115_V0343,An animal being vigilant while the weather is clear or sunny.
S1_C1_E171_V0801,An animal being vigilant while the weather is clear or sunny.
S1_C4_F245_V0234,An animal being vigilant while the weather is clear or sunny.
S1_C4_F230_V0186,An animal being vigilant while the weather is clear or sunny.
S1_C4_F377_V0436,An animal being vigilant while the weather is clear or sunny.
S1_C4_F96_V0087,An animal being vigilant while the weather is clear or sunny.
S1_C4_F87_V0078,An animal being vigilant while the weather is clear or sunny.
S1_C4_F190_V0155,An animal being vigilant while the weather is clear or sunny.
S1_C4_F96_V0086,An animal being vigilant while the weather is clear or sunny.
S1_C4_F243_V0198,An animal being vigilant while the weather is clear or sunny.
S1_C4_F253_V0246,An animal being vigilant while the weather is clear or sunny.
S1_C4_F243_V0204,An animal being vigilant while the weather is clear or sunny.
S1_C4_F94_V0083,An animal being vigilant while the weather is clear or sunny.
S1_C4_F243_V0199,An animal being vigilant while the weather is clear or sunny.
S1_C4_F190_V0148,An animal being vigilant while the weather is clear or sunny.
S1_C4_F386_V0442,An animal being vigilant while the weather is clear or sunny.
S1_C4_F190_V0154,An animal being vigilant while the weather is clear or sunny.
S1_C4_F190_V0151,An animal being vigilant while the weather is clear or sunny.
S1_C4_F190_V0150,An animal being vigilant while the weather is clear or sunny.
S1_C4_F75_V0069,An animal being vigilant while the weather is clear or sunny.
S1_C4_F66_V0055,An animal being vigilant while the weather is clear or sunny.
S1_C4_F181_V0140,An animal being vigilant while the weather is clear or sunny.
S1_C4_F356_V0429,An animal being vigilant while the weather is clear or sunny.
S1_C4_F96_V0090,An animal being vigilant while the weather is clear or sunny.
S1_C4_F69_V0059,An animal being vigilant while the weather is clear or sunny.
S1_C4_F245_V0235,An animal being vigilant while the weather is clear or sunny.
S1_C4_F33_V0031,An animal being vigilant while the weather is clear or sunny.
S1_C4_F312_V0398,An animal being vigilant while the weather is clear or sunny.
S1_C4_F245_V0233,An animal being vigilant while the weather is clear or sunny.
S1_C4_F76_V0071,An animal being vigilant while the weather is clear or sunny.
S1_C4_F243_V0205,An animal being vigilant while the weather is clear or sunny.
S1_C4_F430_V0471,An animal being vigilant while the weather is clear or sunny.
S1_C4_F75_V0070,An animal being vigilant while the weather is clear or sunny.
S1_C4_F69_V0058,An animal being vigilant while the weather is clear or sunny.
S1_C4_F243_V0200,An animal being vigilant while the weather is clear or sunny.
S1_C4_F69_V0057,An animal being vigilant while the weather is clear or sunny.
S1_C4_F190_V0149,An animal being vigilant while the weather is clear or sunny.
S1_C6_F181_V0105,An animal being vigilant while the weather is clear or sunny.
S1_C6_F430_V0406,An animal being vigilant while the weather is clear or sunny.
S1_C6_F358_V0290,An animal being vigilant while the weather is clear or sunny.
S1_C6_F71_V0049,An animal being vigilant while the weather is clear or sunny.
S1_C6_F66_V0037,An animal being vigilant while the weather is clear or sunny.
S1_C6_F76_V0055,An animal being vigilant while the weather is clear or sunny.
S1_C6_F253_V0174,An animal being vigilant while the weather is clear or sunny.
S1_C6_F123_V0080,An animal being vigilant while the weather is clear or sunny.
S1_C6_F243_V0138,An animal being vigilant while the weather is clear or sunny.
S1_C6_F94_V0061,An animal being vigilant while the weather is clear or sunny.
S1_C6_F98_V0068,An animal being vigilant while the weather is clear or sunny.
S1_C6_F245_V0166,An animal being vigilant while the weather is clear or sunny.
S1_C6_F33_V0023,An animal being vigilant while the weather is clear or sunny.
S1_C6_F69_V0047,An animal being vigilant while the weather is clear or sunny.
S1_C6_F245_V0167,An animal being vigilant while the weather is clear or sunny.
S1_C6_F377_V0299,An animal being vigilant while the weather is clear or sunny.
S1_C6_F245_V0164,An animal being vigilant while the weather is clear or sunny.
S1_C6_F359_V0293,An animal being vigilant while the weather is clear or sunny.
S1_C6_F358_V0283,An animal being vigilant while the weather is clear or sunny.
S1_C6_F358_V0281,An animal being vigilant while the weather is clear or sunny.
S1_C6_F94_V0060,An animal being vigilant while the weather is clear or sunny.
S1_C6_F75_V0053,An animal being vigilant while the weather is clear or sunny.
S1_C6_F402_V0328,An animal being vigilant while the weather is clear or sunny.
S1_C6_F94_V0059,An animal being vigilant while the weather is clear or sunny.
S1_C6_F125_V0081,An animal being vigilant while the weather is clear or sunny.
S1_C6_F67_V0042,An animal being vigilant while the weather is clear or sunny.
S1_C6_F96_V0062,An animal being vigilant while the weather is clear or sunny.
S1_C6_F245_V0165,An animal being vigilant while the weather is clear or sunny.
S1_C6_F253_V0173,An animal being vigilant while the weather is clear or sunny.
S1_C6_F243_V0143,An animal being vigilant while the weather is clear or sunny.
S1_C6_F358_V0282,An animal being vigilant while the weather is clear or sunny.
S1_C6_F66_V0036,An animal being vigilant while the weather is clear or sunny.
S1_C6_F105_V0069,An animal being vigilant while the weather is clear or sunny.
S1_C6_F190_V0107,An animal being vigilant while the weather is clear or sunny.
S1_C6_F69_V0048,An animal being vigilant while the weather is clear or sunny.
S1_C6_F245_V0148,An animal being vigilant while the weather is clear or sunny.
S1_C6_F243_V0135,An animal being vigilant while the weather is clear or sunny.
S1_C6_F326_V0263,An animal being vigilant while the weather is clear or sunny.
S1_C6_F69_V0046,An animal being vigilant while the weather is clear or sunny.
S1_C6_F75_V0054,An animal being vigilant while the weather is clear or sunny.
S1_C6_F386_V0301,An animal being vigilant while the weather is clear or sunny.
S1_C2_E150_V0348,An animal being vigilant while the weather is clear or sunny.
S1_C2_E150_V0349,An animal being vigilant while the weather is clear or sunny.
S1_C2_E151_V0376,An animal being vigilant while the weather is clear or sunny.
S1_C2_E145_V0337,An animal being vigilant while the weather is clear or sunny.
S1_C2_E145_V0336,An animal being vigilant while the weather is clear or sunny.
S1_C2_E38_V0049,An animal being vigilant while the weather is clear or sunny.
S1_C2_E123_V0273,An animal being vigilant while the weather is clear or sunny.
S1_C2_E115_V0164,An animal being vigilant while the weather is clear or sunny.
S1_C2_E123_V0268,An animal being vigilant while the weather is clear or sunny.
S1_C2_E38_V0051,An animal being vigilant while the weather is clear or sunny.
S1_C2_E175_V0404,An animal being vigilant while the weather is clear or sunny.
S1_C2_E170_V0395,An animal being vigilant while the weather is clear or sunny.
S1_C2_E8_V0021,An animal being vigilant while the weather is clear or sunny.
S1_C2_E150_V0366,An animal being vigilant while the weather is clear or sunny.
S1_C2_E115_V0168,An animal being vigilant while the weather is clear or sunny.
S1_C2_E150_V0347,An animal being vigilant while the weather is clear or sunny.
S1_C2_E170_V0394,An animal being vigilant while the weather is clear or sunny.
S1_C2_E55_V0080,An animal being vigilant while the weather is clear or sunny.
S1_C2_E50_V0077,An animal being vigilant while the weather is clear or sunny.
S1_C2_E38_V0056,An animal being vigilant while the weather is clear or sunny.
S1_C2_E105_V0146,An animal being vigilant while the weather is clear or sunny.
S1_C2_E38_V0048,An animal being vigilant while the weather is clear or sunny.
S1_C2_E16_V0028,An animal being vigilant while the weather is clear or sunny.
S1_C2_E8_V0024,An animal being vigilant while the weather is clear or sunny.
S1_C2_E175_V0403,An animal being vigilant while the weather is clear or sunny.
S1_C2_E181_V0415,An animal being vigilant while the weather is clear or sunny.
S1_C2_E238_V0533,An animal being vigilant while the weather is clear or sunny.
S1_C2_E50_V0076,An animal being vigilant while the weather is clear or sunny.
S1_C2_E174_V0402,An animal being vigilant while the weather is clear or sunny.
S1_C2_E84_V0093,An animal being vigilant while the weather is clear or sunny.
S1_C2_E173_V0401,An animal being vigilant while the weather is clear or sunny.
S1_C2_E238_V0534,An animal being vigilant while the weather is clear or sunny.
S1_C2_E219_V0519,An animal being vigilant while the weather is clear or sunny.
S1_C2_E115_V0169,An animal being vigilant while the weather is clear or sunny.
S1_C2_E150_V0367,An animal being vigilant while the weather is clear or sunny.
S1_C2_E150_V0365,An animal being vigilant while the weather is clear or sunny.
S1_C2_E115_V0167,An animal being vigilant while the weather is clear or sunny.
S1_C2_E150_V0355,An animal being vigilant while the weather is clear or sunny.
S1_C2_E38_V0055,An animal being vigilant while the weather is clear or sunny.
S1_C2_E16_V0027,An animal being vigilant while the weather is clear or sunny.
S1_C2_E170_V0397,An animal being vigilant while the weather is clear or sunny.
S1_C2_E115_V0165,An animal being vigilant while the weather is clear or sunny.
S1_C2_E150_V0350,An animal being vigilant while the weather is clear or sunny.
S1_C2_E182_V0418,An animal being vigilant while the weather is clear or sunny.
S1_C2_E150_V0353,An animal being vigilant while the weather is clear or sunny.
S1_C2_E104_V0120,An animal being vigilant while the weather is clear or sunny.
S1_C2_E150_V0357,An animal being vigilant while the weather is clear or sunny.
S1_C2_E104_V0119,An animal being vigilant while the weather is clear or sunny.
S2_C3_E265_V0020,An animal being vigilant while the weather is clear or sunny.
S2_C3_E308_V0079,An animal being vigilant while the weather is clear or sunny.
S2_C3_E306_V0074,An animal being vigilant while the weather is clear or sunny.
S2_C3_E344_V0109,An animal being vigilant while the weather is clear or sunny.
S2_C3_F483_V0054,An animal being vigilant while the weather is clear or sunny.
S2_C3_F476_V0046,An animal being vigilant while the weather is clear or sunny.
S2_C3_E300_V0067,An animal being vigilant while the weather is clear or sunny.
S2_C3_F563_V0113,An animal being vigilant while the weather is clear or sunny.
S2_C3_F479_V0048,An animal being vigilant while the weather is clear or sunny.
S2_C3_E308_V0080,An animal being vigilant while the weather is clear or sunny.
S2_C3_E313_V0086,An animal being vigilant while the weather is clear or sunny.
S2_C3_E344_V0108,An animal being vigilant while the weather is clear or sunny.
S2_C3_F447_V0007,An animal being vigilant while the weather is clear or sunny.
S2_C3_F472_V0042,An animal being vigilant while the weather is clear or sunny.
S2_C3_F555_V0106,An animal being vigilant while the weather is clear or sunny.
S2_C3_F602_V0140,An animal being vigilant while the weather is clear or sunny.
S2_C3_E367_V0118,An animal being vigilant while the weather is clear or sunny.
S2_C3_E365_V0116,An animal being vigilant while the weather is clear or sunny.
S2_C3_F506_V0079,An animal being vigilant while the weather is clear or sunny.
S2_C3_F499_V0075,An animal being vigilant while the weather is clear or sunny.
S2_C3_E343_V0107,An animal being vigilant while the weather is clear or sunny.
S2_C3_E327_V0095,An animal being vigilant while the weather is clear or sunny.
S2_C3_F601_V0139,An animal being vigilant while the weather is clear or sunny.
S2_C3_F625_V0155,An animal being vigilant while the weather is clear or sunny.
S2_C3_E263_V0018,An animal being vigilant while the weather is clear or sunny.
S2_C3_F502_V0076,An animal being vigilant while the weather is clear or sunny.
S2_C3_E277_V0038,An animal being vigilant while the weather is clear or sunny.
S2_C3_E308_V0081,An animal being vigilant while the weather is clear or sunny.
S2_C3_E308_V0078,An animal being vigilant while the weather is clear or sunny.
S2_C3_E308_V0083,An animal being vigilant while the weather is clear or sunny.
S2_C3_F489_V0064,An animal being vigilant while the weather is clear or sunny.
S2_C3_F582_V0124,An animal being vigilant while the weather is clear or sunny.
S2_C3_E306_V0072,An animal being vigilant while the weather is clear or sunny.
S2_C3_F563_V0114,An animal being vigilant while the weather is clear or sunny.
S2_C3_F454_V0028,An animal being vigilant while the weather is clear or sunny.
S2_C3_F587_V0129,An animal being vigilant while the weather is clear or sunny.
S2_C3_E305_V0071,An animal being vigilant while the weather is clear or sunny.
S2_C3_F479_V0049,An animal being vigilant while the weather is clear or sunny.
S2_C3_F540_V0098,An animal being vigilant while the weather is clear or sunny.
S2_C3_E366_V0117,An animal being vigilant while the weather is clear or sunny.
S2_C3_F446_V0006,An animal being vigilant while the weather is clear or sunny.
S2_C3_F489_V0063,An animal being vigilant while the weather is clear or sunny.
S2_C3_F544_V0100,An animal being vigilant while the weather is clear or sunny.
S2_C3_F499_V0074,An animal being vigilant while the weather is clear or sunny.
S2_C3_E324_V0092,An animal being vigilant while the weather is clear or sunny.
S2_C3_F449_V0010,An animal being vigilant while the weather is clear or sunny.
S2_C3_E308_V0082,An animal being vigilant while the weather is clear or sunny.
S2_C1_E307_V0054,An animal being vigilant while the weather is clear or sunny.
S2_C1_F555_V0080,An animal being vigilant while the weather is clear or sunny.
S2_C1_F500_V0046,An animal being vigilant while the weather is clear or sunny.
S2_C1_E388_V0113,An animal being vigilant while the weather is clear or sunny.
S2_C1_E300_V0047,An animal being vigilant while the weather is clear or sunny.
S2_C1_E300_V0048,An animal being vigilant while the weather is clear or sunny.
S2_C1_E304_V0050,An animal being vigilant while the weather is clear or sunny.
S2_C1_E308_V0056,An animal being vigilant while the weather is clear or sunny.
S2_C1_E260_V0020,An animal being vigilant while the weather is clear or sunny.
S2_C1_F479_V0031,An animal being vigilant while the weather is clear or sunny.
S2_C1_E365_V0100,An animal being vigilant while the weather is clear or sunny.
S2_C1_E368_V0103,An animal being vigilant while the weather is clear or sunny.
S2_C1_F540_V0071,An animal being vigilant while the weather is clear or sunny.
S2_C1_F570_V0092,An animal being vigilant while the weather is clear or sunny.
S2_C1_F619_V0125,An animal being vigilant while the weather is clear or sunny.
S2_C1_E366_V0101,An animal being vigilant while the weather is clear or sunny.
S2_C1_E306_V0052,An animal being vigilant while the weather is clear or sunny.
S2_C1_E308_V0060,An animal being vigilant while the weather is clear or sunny.
S2_C1_F449_V0013,An animal being vigilant while the weather is clear or sunny.
S2_C1_E308_V0058,An animal being vigilant while the weather is clear or sunny.
S2_C1_F489_V0039,An animal being vigilant while the weather is clear or sunny.
S2_C1_F479_V0032,An animal being vigilant while the weather is clear or sunny.
S2_C1_F449_V0012,An animal being vigilant while the weather is clear or sunny.
S2_C1_F499_V0043,An animal being vigilant while the weather is clear or sunny.
S2_C1_E306_V0053,An animal being vigilant while the weather is clear or sunny.
S2_C1_F506_V0051,An animal being vigilant while the weather is clear or sunny.
S2_C1_F481_V0036,An animal being vigilant while the weather is clear or sunny.
S2_C1_F602_V0109,An animal being vigilant while the weather is clear or sunny.
S2_C1_E308_V0057,An animal being vigilant while the weather is clear or sunny.
S2_C1_E308_V0059,An animal being vigilant while the weather is clear or sunny.
S2_C1_F625_V0128,An animal being vigilant while the weather is clear or sunny.
S2_C2_F483_V0040,An animal being vigilant while the weather is clear or sunny.
S2_C2_F540_V0069,An animal being vigilant while the weather is clear or sunny.
S2_C2_E365_V0110,An animal being vigilant while the weather is clear or sunny.
S2_C2_F479_V0035,An animal being vigilant while the weather is clear or sunny.
S2_C2_E306_V0057,An animal being vigilant while the weather is clear or sunny.
S2_C2_F489_V0046,An animal being vigilant while the weather is clear or sunny.
S2_C2_E313_V0065,An animal being vigilant while the weather is clear or sunny.
S2_C2_E366_V0111,An animal being vigilant while the weather is clear or sunny.
S2_C2_E368_V0113,An animal being vigilant while the weather is clear or sunny.
S2_C2_F499_V0051,An animal being vigilant while the weather is clear or sunny.
S2_C2_F506_V0055,An animal being vigilant while the weather is clear or sunny.
S2_C2_E367_V0112,An animal being vigilant while the weather is clear or sunny.
S2_C2_F449_V0018,An animal being vigilant while the weather is clear or sunny.
S2_C2_E308_V0061,An animal being vigilant while the weather is clear or sunny.
S2_C2_E306_V0058,An animal being vigilant while the weather is clear or sunny.
S2_C2_E343_V0087,An animal being vigilant while the weather is clear or sunny.
S2_C2_E300_V0050,An animal being vigilant while the weather is clear or sunny.
S2_C2_F447_V0017,An animal being vigilant while the weather is clear or sunny.
S2_C2_E265_V0024,An animal being vigilant while the weather is clear or sunny.
S2_C2_F499_V0050,An animal being vigilant while the weather is clear or sunny.
S2_C2_F446_V0016,An animal being vigilant while the weather is clear or sunny.
S2_C2_F587_V0093,An animal being vigilant while the weather is clear or sunny.
S2_C2_F582_V0091,An animal being vigilant while the weather is clear or sunny.
S2_C2_F601_V0102,An animal being vigilant while the weather is clear or sunny.
S2_C2_F506_V0054,An animal being vigilant while the weather is clear or sunny.
S2_C2_F558_V0076,An animal being vigilant while the weather is clear or sunny.
S2_C2_F625_V0115,An animal being vigilant while the weather is clear or sunny.
S2_C2_E365_V0109,An animal being vigilant while the weather is clear or sunny.
S2_C2_F507_V0056,An animal being vigilant while the weather is clear or sunny.
S2_C2_F479_V0036,An animal being vigilant while the weather is clear or sunny.
S2_C2_F469_V0031,An animal being vigilant while the weather is clear or sunny.
S2_C2_E339_V0085,An animal being vigilant while the weather is clear or sunny.
S3_C3_E455_V0170,An animal reacting to a camera.
S3_C3_E444_V0123,An animal reacting to a camera.
S3_C3_E462_V0179,An animal reacting to a camera.
S3_C3_E545_V0417,An animal reacting to a camera.
S3_C3_E407_V0059,An animal reacting to a camera.
S3_C3_E525_V0344,An animal reacting to a camera.
S3_C5_F746_V0161,An animal reacting to a camera.
S3_C5_F863_V0179,An animal reacting to a camera.
S3_C2_E525_V0091,An animal reacting to a camera.
S3_C2_E581_V0107,An animal reacting to a camera.
S3_C2_E462_V0067,An animal reacting to a camera.
S3_C2_E686_V0175,An animal reacting to a camera.
S3_C2_E545_V0096,An animal reacting to a camera.
S3_C2_E597_V0116,An animal reacting to a camera.
S3_C2_E701_V0189,An animal reacting to a camera.
S3_C2_E803_V0545,An animal reacting to a camera.
S3_C2_E704_V0194,An animal reacting to a camera.
S3_C2_E407_V0022,An animal reacting to a camera.
S1_C3_E67_V0031,An animal reacting to a camera.
S1_C3_E237_V0092,An animal reacting to a camera.
S1_C3_E27_V0016,An animal reacting to a camera.
S1_C3_E36_V0018,An animal reacting to a camera.
S1_C3_E27_V0017,An animal reacting to a camera.
S1_C5_F96_V0139,An animal reacting to a camera.
S1_C5_F96_V0140,An animal reacting to a camera.
S1_C5_F69_V0104,An animal reacting to a camera.
S1_C5_F33_V0057,An animal reacting to a camera.
S1_C5_F33_V0059,An animal reacting to a camera.
S1_C1_E17_V0046,An animal reacting to a camera.
S1_C1_E150_V0742,An animal reacting to a camera.
S1_C1_E17_V0045,An animal reacting to a camera.
S1_C1_E27_V0059,An animal reacting to a camera.
S1_C1_E17_V0044,An animal reacting to a camera.
S1_C1_E29_V0064,An animal reacting to a camera.
S1_C1_E38_V0082,An animal reacting to a camera.
S1_C1_E16_V0037,An animal reacting to a camera.
S1_C1_E40_V0105,An animal reacting to a camera.
S1_C1_E36_V0073,An animal reacting to a camera.
S1_C1_E105_V0296,An animal reacting to a camera.
S1_C4_F238_V0191,An animal reacting to a camera.
S1_C4_F200_V0165,An animal reacting to a camera.
S1_C4_F96_V0085,An animal reacting to a camera.
S1_C4_F253_V0246,An animal reacting to a camera.
S1_C4_F94_V0083,An animal reacting to a camera.
S1_C4_F244_V0210,An animal reacting to a camera.
S1_C4_F33_V0032,An animal reacting to a camera.
S1_C4_F66_V0055,An animal reacting to a camera.
S1_C4_F181_V0140,An animal reacting to a camera.
S1_C4_F253_V0245,An animal reacting to a camera.
S1_C4_F243_V0197,An animal reacting to a camera.
S1_C4_F4_V0017,An animal reacting to a camera.
S1_C4_F69_V0058,An animal reacting to a camera.
S1_C4_F244_V0209,An animal reacting to a camera.
S1_C4_F244_V0211,An animal reacting to a camera.
S1_C6_F358_V0290,An animal reacting to a camera.
S1_C6_F66_V0037,An animal reacting to a camera.
S1_C6_F358_V0284,An animal reacting to a camera.
S1_C6_F253_V0174,An animal reacting to a camera.
S1_C6_F358_V0286,An animal reacting to a camera.
S1_C6_F33_V0024,An animal reacting to a camera.
S1_C6_F358_V0289,An animal reacting to a camera.
S1_C6_F66_V0038,An animal reacting to a camera.
S1_C6_F33_V0023,An animal reacting to a camera.
S1_C6_F359_V0293,An animal reacting to a camera.
S1_C6_F94_V0060,An animal reacting to a camera.
S1_C6_F94_V0059,An animal reacting to a camera.
S1_C6_F33_V0022,An animal reacting to a camera.
S1_C6_F202_V0118,An animal reacting to a camera.
S1_C6_F96_V0062,An animal reacting to a camera.
S1_C6_F190_V0106,An animal reacting to a camera.
S1_C6_F253_V0173,An animal reacting to a camera.
S1_C6_F360_V0294,An animal reacting to a camera.
S1_C6_F4_V0018,An animal reacting to a camera.
S1_C6_F200_V0116,An animal reacting to a camera.
S1_C6_F238_V0128,An animal reacting to a camera.
S1_C6_F127_V0082,An animal reacting to a camera.
S1_C2_E38_V0053,An animal reacting to a camera.
S1_C2_E145_V0337,An animal reacting to a camera.
S1_C2_E40_V0064,An animal reacting to a camera.
S1_C2_E105_V0148,An animal reacting to a camera.
S1_C2_E17_V0032,An animal reacting to a camera.
S1_C2_E145_V0336,An animal reacting to a camera.
S1_C2_E17_V0031,An animal reacting to a camera.
S1_C2_E49_V0075,An animal reacting to a camera.
S1_C2_E8_V0021,An animal reacting to a camera.
S1_C2_E145_V0339,An animal reacting to a camera.
S1_C2_E150_V0347,An animal reacting to a camera.
S1_C2_E16_V0028,An animal reacting to a camera.
S1_C2_E40_V0070,An animal reacting to a camera.
S1_C2_E27_V0037,An animal reacting to a camera.
S1_C2_E150_V0355,An animal reacting to a camera.
S1_C2_E16_V0027,An animal reacting to a camera.
S1_C2_E190_V0426,An animal reacting to a camera.
S1_C2_E15_V0026,An animal reacting to a camera.
S1_C2_E40_V0069,An animal reacting to a camera.
S2_C3_F467_V0038,An animal reacting to a camera.
S2_C3_F570_V0118,An animal reacting to a camera.
S2_C3_F479_V0048,An animal reacting to a camera.
S2_C3_F555_V0106,An animal reacting to a camera.
S2_C3_F506_V0079,An animal reacting to a camera.
S2_C3_E280_V0042,An animal reacting to a camera.
S2_C3_F625_V0155,An animal reacting to a camera.
S2_C3_E365_V0115,An animal reacting to a camera.
S2_C3_E280_V0046,An animal reacting to a camera.
S2_C3_F602_V0141,An animal reacting to a camera.
S2_C3_E280_V0045,An animal reacting to a camera.
S2_C3_F479_V0049,An animal reacting to a camera.
S2_C3_F540_V0098,An animal reacting to a camera.
S2_C3_E347_V0110,An animal reacting to a camera.
S2_C3_F559_V0111,An animal reacting to a camera.
S2_C3_F544_V0100,An animal reacting to a camera.
S2_C3_E341_V0105,An animal reacting to a camera.
S2_C3_F449_V0010,An animal reacting to a camera.
S2_C1_E301_V0049,An animal reacting to a camera.
S2_C1_E308_V0056,An animal reacting to a camera.
S2_C1_F479_V0033,An animal reacting to a camera.
S2_C1_E274_V0033,An animal reacting to a camera.
S2_C1_F619_V0125,An animal reacting to a camera.
S2_C1_E260_V0021,An animal reacting to a camera.
S2_C1_E265_V0026,An animal reacting to a camera.
S2_C1_E265_V0027,An animal reacting to a camera.
S2_C1_F449_V0012,An animal reacting to a camera.
S2_C1_E265_V0025,An animal reacting to a camera.
S2_C2_F502_V0052,An animal reacting to a camera.
S2_C2_F540_V0069,An animal reacting to a camera.
S2_C2_E280_V0036,An animal reacting to a camera.
S2_C2_F479_V0035,An animal reacting to a camera.
S2_C2_F489_V0045,An animal reacting to a camera.
S2_C2_E280_V0034,An animal reacting to a camera.
S2_C2_F449_V0018,An animal reacting to a camera.
S2_C2_E341_V0086,An animal reacting to a camera.
S2_C2_F602_V0103,An animal reacting to a camera.
S2_C2_E301_V0052,An animal reacting to a camera.
S2_C2_E280_V0037,An animal reacting to a camera.
S2_C2_F506_V0054,An animal reacting to a camera.
S2_C2_E365_V0109,An animal reacting to a camera.
S2_C2_F467_V0029,An animal reacting to a camera.
S2_C2_F472_V0033,An animal reacting to a camera.
S2_C2_E347_V0092,An animal reacting to a camera.
S3_C3_E455_V0170,Two or more animals reacting to a camera.
S1_C1_E40_V0105,Two or more animals reacting to a camera.
S1_C6_F238_V0128,Two or more animals reacting to a camera.
S1_C6_F127_V0082,Two or more animals reacting to a camera.
S2_C3_F479_V0049,Two or more animals reacting to a camera.
S2_C3_F449_V0010,Two or more animals reacting to a camera.
S2_C1_F479_V0033,Two or more animals reacting to a camera.
S2_C2_F449_V0018,Two or more animals reacting to a camera.
S1_C4_F4_V0017,An adult roe deer reacting to a camera.
S1_C2_E15_V0026,An adult roe deer reacting to a camera.
S2_C1_F619_V0125,An adult roe deer reacting to a camera.
S2_C2_F472_V0033,An adult roe deer reacting to a camera.
S3_C3_E455_V0170,An adult red deer reacting to a camera.
S3_C3_E444_V0123,An adult red deer reacting to a camera.
S3_C3_E462_V0179,An adult red deer reacting to a camera.
S3_C3_E545_V0417,An adult red deer reacting to a camera.
S3_C3_E407_V0059,An adult red deer reacting to a camera.
S3_C3_E525_V0344,An adult red deer reacting to a camera.
S3_C5_F746_V0161,An adult red deer reacting to a camera.
S3_C5_F863_V0179,An adult red deer reacting to a camera.
S3_C2_E525_V0091,An adult red deer reacting to a camera.
S3_C2_E581_V0107,An adult red deer reacting to a camera.
S3_C2_E462_V0067,An adult red deer reacting to a camera.
S3_C2_E686_V0175,An adult red deer reacting to a camera.
S3_C2_E545_V0096,An adult red deer reacting to a camera.
S3_C2_E597_V0116,An adult red deer reacting to a camera.
S3_C2_E701_V0189,An adult red deer reacting to a camera.
S3_C2_E803_V0545,An adult red deer reacting to a camera.
S3_C2_E704_V0194,An adult red deer reacting to a camera.
S3_C2_E407_V0022,An adult red deer reacting to a camera.
S1_C3_E67_V0031,An adult red deer reacting to a camera.
S1_C3_E237_V0092,An adult red deer reacting to a camera.
S1_C3_E27_V0016,An adult red deer reacting to a camera.
S1_C3_E36_V0018,An adult red deer reacting to a camera.
S1_C3_E27_V0017,An adult red deer reacting to a camera.
S1_C5_F96_V0139,An adult red deer reacting to a camera.
S1_C5_F96_V0140,An adult red deer reacting to a camera.
S1_C5_F69_V0104,An adult red deer reacting to a camera.
S1_C5_F33_V0057,An adult red deer reacting to a camera.
S1_C5_F33_V0059,An adult red deer reacting to a camera.
S1_C1_E17_V0046,An adult red deer reacting to a camera.
S1_C1_E150_V0742,An adult red deer reacting to a camera.
S1_C1_E17_V0045,An adult red deer reacting to a camera.
S1_C1_E27_V0059,An adult red deer reacting to a camera.
S1_C1_E17_V0044,An adult red deer reacting to a camera.
S1_C1_E38_V0082,An adult red deer reacting to a camera.
S1_C1_E16_V0037,An adult red deer reacting to a camera.
S1_C1_E40_V0105,An adult red deer reacting to a camera.
S1_C1_E36_V0073,An adult red deer reacting to a camera.
S1_C1_E105_V0296,An adult red deer reacting to a camera.
S1_C4_F238_V0191,An adult red deer reacting to a camera.
S1_C4_F96_V0085,An adult red deer reacting to a camera.
S1_C4_F253_V0246,An adult red deer reacting to a camera.
S1_C4_F33_V0032,An adult red deer reacting to a camera.
S1_C4_F66_V0055,An adult red deer reacting to a camera.
S1_C4_F253_V0245,An adult red deer reacting to a camera.
S1_C4_F69_V0058,An adult red deer reacting to a camera.
S1_C6_F66_V0037,An adult red deer reacting to a camera.
S1_C6_F253_V0174,An adult red deer reacting to a camera.
S1_C6_F33_V0024,An adult red deer reacting to a camera.
S1_C6_F66_V0038,An adult red deer reacting to a camera.
S1_C6_F33_V0023,An adult red deer reacting to a camera.
S1_C6_F33_V0022,An adult red deer reacting to a camera.
S1_C6_F202_V0118,An adult red deer reacting to a camera.
S1_C6_F96_V0062,An adult red deer reacting to a camera.
S1_C6_F190_V0106,An adult red deer reacting to a camera.
S1_C6_F253_V0173,An adult red deer reacting to a camera.
S1_C6_F4_V0018,An adult red deer reacting to a camera.
S1_C6_F200_V0116,An adult red deer reacting to a camera.
S1_C6_F238_V0128,An adult red deer reacting to a camera.
S1_C6_F127_V0082,An adult red deer reacting to a camera.
S1_C2_E38_V0053,An adult red deer reacting to a camera.
S1_C2_E145_V0337,An adult red deer reacting to a camera.
S1_C2_E105_V0148,An adult red deer reacting to a camera.
S1_C2_E17_V0032,An adult red deer reacting to a camera.
S1_C2_E145_V0336,An adult red deer reacting to a camera.
S1_C2_E17_V0031,An adult red deer reacting to a camera.
S1_C2_E8_V0021,An adult red deer reacting to a camera.
S1_C2_E145_V0339,An adult red deer reacting to a camera.
S1_C2_E150_V0347,An adult red deer reacting to a camera.
S1_C2_E16_V0028,An adult red deer reacting to a camera.
S1_C2_E40_V0070,An adult red deer reacting to a camera.
S1_C2_E27_V0037,An adult red deer reacting to a camera.
S1_C2_E150_V0355,An adult red deer reacting to a camera.
S1_C2_E16_V0027,An adult red deer reacting to a camera.
S1_C2_E190_V0426,An adult red deer reacting to a camera.
S1_C2_E40_V0069,An adult red deer reacting to a camera.
S2_C3_F467_V0038,An adult red deer reacting to a camera.
S2_C3_F479_V0048,An adult red deer reacting to a camera.
S2_C3_F555_V0106,An adult red deer reacting to a camera.
S2_C3_F506_V0079,An adult red deer reacting to a camera.
S2_C3_E280_V0046,An adult red deer reacting to a camera.
S2_C3_F602_V0141,An adult red deer reacting to a camera.
S2_C3_F479_V0049,An adult red deer reacting to a camera.
S2_C3_F540_V0098,An adult red deer reacting to a camera.
S2_C3_E347_V0110,An adult red deer reacting to a camera.
S2_C3_E341_V0105,An adult red deer reacting to a camera.
S2_C3_F449_V0010,An adult red deer reacting to a camera.
S2_C1_E301_V0049,An adult red deer reacting to a camera.
S2_C1_E308_V0056,An adult red deer reacting to a camera.
S2_C1_F479_V0033,An adult red deer reacting to a camera.
S2_C1_E260_V0021,An adult red deer reacting to a camera.
S2_C1_F449_V0012,An adult red deer reacting to a camera.
S2_C2_F502_V0052,An adult red deer reacting to a camera.
S2_C2_F540_V0069,An adult red deer reacting to a camera.
S2_C2_F479_V0035,An adult red deer reacting to a camera.
S2_C2_F489_V0045,An adult red deer reacting to a camera.
S2_C2_F449_V0018,An adult red deer reacting to a camera.
S2_C2_E341_V0086,An adult red deer reacting to a camera.
S2_C2_F602_V0103,An adult red deer reacting to a camera.
S2_C2_E301_V0052,An adult red deer reacting to a camera.
S2_C2_E280_V0037,An adult red deer reacting to a camera.
S2_C2_F506_V0054,An adult red deer reacting to a camera.
S2_C2_F467_V0029,An adult red deer reacting to a camera.
S2_C2_E347_V0092,An adult red deer reacting to a camera.
S3_C3_E455_V0170,A juvenile deer reacting to a camera.
S1_C1_E29_V0064,A juvenile deer reacting to a camera.
S1_C1_E40_V0105,A juvenile deer reacting to a camera.
S1_C4_F200_V0165,A juvenile deer reacting to a camera.
S1_C4_F94_V0083,A juvenile deer reacting to a camera.
S1_C4_F244_V0210,A juvenile deer reacting to a camera.
S1_C4_F181_V0140,A juvenile deer reacting to a camera.
S1_C4_F243_V0197,A juvenile deer reacting to a camera.
S1_C4_F244_V0209,A juvenile deer reacting to a camera.
S1_C4_F244_V0211,A juvenile deer reacting to a camera.
S1_C6_F358_V0290,A juvenile deer reacting to a camera.
S1_C6_F358_V0284,A juvenile deer reacting to a camera.
S1_C6_F358_V0286,A juvenile deer reacting to a camera.
S1_C6_F358_V0289,A juvenile deer reacting to a camera.
S1_C6_F359_V0293,A juvenile deer reacting to a camera.
S1_C6_F94_V0060,A juvenile deer reacting to a camera.
S1_C6_F94_V0059,A juvenile deer reacting to a camera.
S1_C6_F360_V0294,A juvenile deer reacting to a camera.
S1_C6_F238_V0128,A juvenile deer reacting to a camera.
S1_C2_E40_V0064,A juvenile deer reacting to a camera.
S1_C2_E49_V0075,A juvenile deer reacting to a camera.
S2_C3_E280_V0042,A juvenile deer reacting to a camera.
S2_C3_F625_V0155,A juvenile deer reacting to a camera.
S2_C3_E365_V0115,A juvenile deer reacting to a camera.
S2_C3_E280_V0045,A juvenile deer reacting to a camera.
S2_C3_F479_V0049,A juvenile deer reacting to a camera.
S2_C3_F449_V0010,A juvenile deer reacting to a camera.
S2_C1_F479_V0033,A juvenile deer reacting to a camera.
S2_C1_E274_V0033,A juvenile deer reacting to a camera.
S2_C1_E265_V0026,A juvenile deer reacting to a camera.
S2_C1_E265_V0027,A juvenile deer reacting to a camera.
S2_C1_E265_V0025,A juvenile deer reacting to a camera.
S2_C2_E280_V0036,A juvenile deer reacting to a camera.
S2_C2_E280_V0034,A juvenile deer reacting to a camera.
S2_C2_F449_V0018,A juvenile deer reacting to a camera.
S2_C2_E365_V0109,A juvenile deer reacting to a camera.
S3_C3_E545_V0417,An adult male red deer reacting to a camera.
S3_C3_E407_V0059,An adult male red deer reacting to a camera.
S3_C3_E525_V0344,An adult male red deer reacting to a camera.
S3_C5_F863_V0179,An adult male red deer reacting to a camera.
S3_C2_E525_V0091,An adult male red deer reacting to a camera.
S3_C2_E686_V0175,An adult male red deer reacting to a camera.
S3_C2_E545_V0096,An adult male red deer reacting to a camera.
S3_C2_E597_V0116,An adult male red deer reacting to a camera.
S3_C2_E701_V0189,An adult male red deer reacting to a camera.
S3_C2_E704_V0194,An adult male red deer reacting to a camera.
S3_C2_E407_V0022,An adult male red deer reacting to a camera.
S1_C3_E67_V0031,An adult male red deer reacting to a camera.
S1_C3_E237_V0092,An adult male red deer reacting to a camera.
S1_C3_E27_V0016,An adult male red deer reacting to a camera.
S1_C3_E27_V0017,An adult male red deer reacting to a camera.
S1_C1_E17_V0046,An adult male red deer reacting to a camera.
S1_C1_E17_V0045,An adult male red deer reacting to a camera.
S1_C1_E27_V0059,An adult male red deer reacting to a camera.
S1_C1_E17_V0044,An adult male red deer reacting to a camera.
S1_C1_E38_V0082,An adult male red deer reacting to a camera.
S1_C1_E16_V0037,An adult male red deer reacting to a camera.
S1_C1_E105_V0296,An adult male red deer reacting to a camera.
S1_C6_F202_V0118,An adult male red deer reacting to a camera.
S1_C6_F4_V0018,An adult male red deer reacting to a camera.
S1_C2_E38_V0053,An adult male red deer reacting to a camera.
S1_C2_E145_V0337,An adult male red deer reacting to a camera.
S1_C2_E105_V0148,An adult male red deer reacting to a camera.
S1_C2_E17_V0032,An adult male red deer reacting to a camera.
S1_C2_E145_V0336,An adult male red deer reacting to a camera.
S1_C2_E17_V0031,An adult male red deer reacting to a camera.
S1_C2_E145_V0339,An adult male red deer reacting to a camera.
S1_C2_E16_V0028,An adult male red deer reacting to a camera.
S1_C2_E27_V0037,An adult male red deer reacting to a camera.
S1_C2_E16_V0027,An adult male red deer reacting to a camera.
S1_C2_E190_V0426,An adult male red deer reacting to a camera.
S2_C3_F555_V0106,An adult male red deer reacting to a camera.
S2_C3_F540_V0098,An adult male red deer reacting to a camera.
S2_C3_E347_V0110,An adult male red deer reacting to a camera.
S2_C3_E341_V0105,An adult male red deer reacting to a camera.
S2_C1_E308_V0056,An adult male red deer reacting to a camera.
S2_C2_F540_V0069,An adult male red deer reacting to a camera.
S2_C2_F489_V0045,An adult male red deer reacting to a camera.
S2_C2_E341_V0086,An adult male red deer reacting to a camera.
S2_C2_E347_V0092,An adult male red deer reacting to a camera.
S3_C3_E455_V0170,A video of an individual sniffing while reacting to a camera.
S3_C2_E803_V0545,A video of an individual sniffing while reacting to a camera.
S3_C2_E704_V0194,A video of an individual sniffing while reacting to a camera.
S1_C3_E67_V0031,A video of an individual sniffing while reacting to a camera.
S1_C4_F200_V0165,A video of an individual sniffing while reacting to a camera.
S1_C4_F94_V0083,A video of an individual sniffing while reacting to a camera.
S1_C4_F244_V0210,A video of an individual sniffing while reacting to a camera.
S1_C4_F181_V0140,A video of an individual sniffing while reacting to a camera.
S1_C4_F4_V0017,A video of an individual sniffing while reacting to a camera.
S1_C4_F244_V0209,A video of an individual sniffing while reacting to a camera.
S1_C4_F244_V0211,A video of an individual sniffing while reacting to a camera.
S1_C6_F66_V0037,A video of an individual sniffing while reacting to a camera.
S1_C6_F253_V0174,A video of an individual sniffing while reacting to a camera.
S1_C6_F94_V0059,A video of an individual sniffing while reacting to a camera.
S1_C6_F4_V0018,A video of an individual sniffing while reacting to a camera.
S1_C6_F238_V0128,A video of an individual sniffing while reacting to a camera.
S1_C2_E145_V0339,A video of an individual sniffing while reacting to a camera.
S1_C2_E15_V0026,A video of an individual sniffing while reacting to a camera.
S2_C3_F555_V0106,A video of an individual sniffing while reacting to a camera.
S2_C3_F506_V0079,A video of an individual sniffing while reacting to a camera.
S2_C3_E280_V0042,A video of an individual sniffing while reacting to a camera.
S2_C3_E365_V0115,A video of an individual sniffing while reacting to a camera.
S2_C3_E280_V0045,A video of an individual sniffing while reacting to a camera.
S2_C3_F544_V0100,A video of an individual sniffing while reacting to a camera.
S2_C1_E274_V0033,A video of an individual sniffing while reacting to a camera.
S2_C1_F619_V0125,A video of an individual sniffing while reacting to a camera.
S2_C1_E265_V0026,A video of an individual sniffing while reacting to a camera.
S2_C1_E265_V0027,A video of an individual sniffing while reacting to a camera.
S2_C1_E265_V0025,A video of an individual sniffing while reacting to a camera.
S2_C2_E280_V0036,A video of an individual sniffing while reacting to a camera.
S2_C2_E280_V0034,A video of an individual sniffing while reacting to a camera.
S2_C2_F506_V0054,A video of an individual sniffing while reacting to a camera.
S2_C2_E365_V0109,A video of an individual sniffing while reacting to a camera.
S3_C3_E455_V0170,An adult female red deer reacting to a camera.
S3_C3_E444_V0123,An adult female red deer reacting to a camera.
S3_C3_E462_V0179,An adult female red deer reacting to a camera.
S3_C5_F746_V0161,An adult female red deer reacting to a camera.
S3_C2_E581_V0107,An adult female red deer reacting to a camera.
S3_C2_E462_V0067,An adult female red deer reacting to a camera.
S3_C2_E803_V0545,An adult female red deer reacting to a camera.
S1_C3_E36_V0018,An adult female red deer reacting to a camera.
S1_C5_F96_V0139,An adult female red deer reacting to a camera.
S1_C5_F96_V0140,An adult female red deer reacting to a camera.
S1_C5_F69_V0104,An adult female red deer reacting to a camera.
S1_C5_F33_V0057,An adult female red deer reacting to a camera.
S1_C5_F33_V0059,An adult female red deer reacting to a camera.
S1_C1_E150_V0742,An adult female red deer reacting to a camera.
S1_C1_E40_V0105,An adult female red deer reacting to a camera.
S1_C1_E36_V0073,An adult female red deer reacting to a camera.
S1_C4_F238_V0191,An adult female red deer reacting to a camera.
S1_C4_F96_V0085,An adult female red deer reacting to a camera.
S1_C4_F253_V0246,An adult female red deer reacting to a camera.
S1_C4_F33_V0032,An adult female red deer reacting to a camera.
S1_C4_F66_V0055,An adult female red deer reacting to a camera.
S1_C4_F253_V0245,An adult female red deer reacting to a camera.
S1_C4_F69_V0058,An adult female red deer reacting to a camera.
S1_C6_F66_V0037,An adult female red deer reacting to a camera.
S1_C6_F253_V0174,An adult female red deer reacting to a camera.
S1_C6_F33_V0024,An adult female red deer reacting to a camera.
S1_C6_F66_V0038,An adult female red deer reacting to a camera.
S1_C6_F33_V0023,An adult female red deer reacting to a camera.
S1_C6_F33_V0022,An adult female red deer reacting to a camera.
S1_C6_F96_V0062,An adult female red deer reacting to a camera.
S1_C6_F190_V0106,An adult female red deer reacting to a camera.
S1_C6_F253_V0173,An adult female red deer reacting to a camera.
S1_C6_F200_V0116,An adult female red deer reacting to a camera.
S1_C6_F238_V0128,An adult female red deer reacting to a camera.
S1_C6_F127_V0082,An adult female red deer reacting to a camera.
S1_C2_E8_V0021,An adult female red deer reacting to a camera.
S1_C2_E150_V0347,An adult female red deer reacting to a camera.
S1_C2_E40_V0070,An adult female red deer reacting to a camera.
S1_C2_E150_V0355,An adult female red deer reacting to a camera.
S1_C2_E40_V0069,An adult female red deer reacting to a camera.
S2_C3_F467_V0038,An adult female red deer reacting to a camera.
S2_C3_F479_V0048,An adult female red deer reacting to a camera.
S2_C3_F506_V0079,An adult female red deer reacting to a camera.
S2_C3_E280_V0046,An adult female red deer reacting to a camera.
S2_C3_F602_V0141,An adult female red deer reacting to a camera.
S2_C3_F479_V0049,An adult female red deer reacting to a camera.
S2_C3_F449_V0010,An adult female red deer reacting to a camera.
S2_C1_E301_V0049,An adult female red deer reacting to a camera.
S2_C1_F479_V0033,An adult female red deer reacting to a camera.
S2_C1_E260_V0021,An adult female red deer reacting to a camera.
S2_C1_F449_V0012,An adult female red deer reacting to a camera.
S2_C2_F502_V0052,An adult female red deer reacting to a camera.
S2_C2_F479_V0035,An adult female red deer reacting to a camera.
S2_C2_F449_V0018,An adult female red deer reacting to a camera.
S2_C2_F602_V0103,An adult female red deer reacting to a camera.
S2_C2_E301_V0052,An adult female red deer reacting to a camera.
S2_C2_E280_V0037,An adult female red deer reacting to a camera.
S2_C2_F506_V0054,An adult female red deer reacting to a camera.
S2_C2_F467_V0029,An adult female red deer reacting to a camera.
S3_C3_E455_V0170,An animal running while reacting to a camera.
S3_C3_E545_V0417,An animal running while reacting to a camera.
S3_C3_E407_V0059,An animal running while reacting to a camera.
S3_C2_E686_V0175,An animal running while reacting to a camera.
S3_C2_E545_V0096,An animal running while reacting to a camera.
S3_C2_E407_V0022,An animal running while reacting to a camera.
S1_C3_E237_V0092,An animal running while reacting to a camera.
S1_C3_E36_V0018,An animal running while reacting to a camera.
S1_C5_F33_V0059,An animal running while reacting to a camera.
S1_C1_E27_V0059,An animal running while reacting to a camera.
S1_C1_E29_V0064,An animal running while reacting to a camera.
S1_C1_E36_V0073,An animal running while reacting to a camera.
S1_C4_F33_V0032,An animal running while reacting to a camera.
S1_C6_F358_V0286,An animal running while reacting to a camera.
S1_C6_F33_V0023,An animal running while reacting to a camera.
S1_C6_F94_V0060,An animal running while reacting to a camera.
S1_C6_F94_V0059,An animal running while reacting to a camera.
S1_C6_F253_V0173,An animal running while reacting to a camera.
S1_C6_F360_V0294,An animal running while reacting to a camera.
S1_C6_F200_V0116,An animal running while reacting to a camera.
S1_C2_E27_V0037,An animal running while reacting to a camera.
S2_C3_F467_V0038,An animal running while reacting to a camera.
S2_C3_F570_V0118,An animal running while reacting to a camera.
S2_C3_F555_V0106,An animal running while reacting to a camera.
S2_C3_F625_V0155,An animal running while reacting to a camera.
S2_C3_F602_V0141,An animal running while reacting to a camera.
S2_C3_F479_V0049,An animal running while reacting to a camera.
S2_C3_F449_V0010,An animal running while reacting to a camera.
S2_C1_F479_V0033,An animal running while reacting to a camera.
S2_C1_F619_V0125,An animal running while reacting to a camera.
S2_C1_F449_V0012,An animal running while reacting to a camera.
S2_C2_F449_V0018,An animal running while reacting to a camera.
S2_C2_F602_V0103,An animal running while reacting to a camera.
S2_C2_F467_V0029,An animal running while reacting to a camera.
S3_C3_E455_V0170,An animal looking at a camera.
S3_C3_E444_V0123,An animal looking at a camera.
S3_C3_E462_V0179,An animal looking at a camera.
S3_C3_E545_V0417,An animal looking at a camera.
S3_C3_E407_V0059,An animal looking at a camera.
S3_C3_E525_V0344,An animal looking at a camera.
S3_C5_F746_V0161,An animal looking at a camera.
S3_C5_F863_V0179,An animal looking at a camera.
S3_C2_E525_V0091,An animal looking at a camera.
S3_C2_E581_V0107,An animal looking at a camera.
S3_C2_E462_V0067,An animal looking at a camera.
S3_C2_E597_V0116,An animal looking at a camera.
S1_C3_E67_V0031,An animal looking at a camera.
S1_C3_E237_V0092,An animal looking at a camera.
S1_C3_E27_V0016,An animal looking at a camera.
S1_C3_E36_V0018,An animal looking at a camera.
S1_C3_E27_V0017,An animal looking at a camera.
S1_C5_F96_V0139,An animal looking at a camera.
S1_C5_F96_V0140,An animal looking at a camera.
S1_C5_F69_V0104,An animal looking at a camera.
S1_C5_F33_V0057,An animal looking at a camera.
S1_C1_E150_V0742,An animal looking at a camera.
S1_C1_E17_V0045,An animal looking at a camera.
S1_C1_E17_V0044,An animal looking at a camera.
S1_C1_E38_V0082,An animal looking at a camera.
S1_C1_E16_V0037,An animal looking at a camera.
S1_C1_E40_V0105,An animal looking at a camera.
S1_C1_E36_V0073,An animal looking at a camera.
S1_C1_E105_V0296,An animal looking at a camera.
S1_C4_F238_V0191,An animal looking at a camera.
S1_C4_F200_V0165,An animal looking at a camera.
S1_C4_F96_V0085,An animal looking at a camera.
S1_C4_F253_V0246,An animal looking at a camera.
S1_C4_F94_V0083,An animal looking at a camera.
S1_C4_F75_V0069,An animal looking at a camera.
S1_C4_F66_V0055,An animal looking at a camera.
S1_C4_F69_V0058,An animal looking at a camera.
S1_C6_F358_V0290,An animal looking at a camera.
S1_C6_F33_V0024,An animal looking at a camera.
S1_C6_F359_V0293,An animal looking at a camera.
S1_C6_F94_V0060,An animal looking at a camera.
S1_C6_F94_V0059,An animal looking at a camera.
S1_C6_F33_V0022,An animal looking at a camera.
S1_C6_F200_V0115,An animal looking at a camera.
S1_C6_F202_V0118,An animal looking at a camera.
S1_C6_F96_V0062,An animal looking at a camera.
S1_C6_F200_V0114,An animal looking at a camera.
S1_C6_F190_V0106,An animal looking at a camera.
S1_C6_F360_V0294,An animal looking at a camera.
S1_C6_F200_V0116,An animal looking at a camera.
S1_C6_F190_V0107,An animal looking at a camera.
S1_C6_F238_V0128,An animal looking at a camera.
S1_C6_F127_V0082,An animal looking at a camera.
S1_C2_E38_V0053,An animal looking at a camera.
S1_C2_E145_V0337,An animal looking at a camera.
S1_C2_E40_V0064,An animal looking at a camera.
S1_C2_E105_V0148,An animal looking at a camera.
S1_C2_E17_V0032,An animal looking at a camera.
S1_C2_E145_V0336,An animal looking at a camera.
S1_C2_E17_V0031,An animal looking at a camera.
S1_C2_E49_V0075,An animal looking at a camera.
S1_C2_E8_V0021,An animal looking at a camera.
S1_C2_E150_V0347,An animal looking at a camera.
S1_C2_E16_V0028,An animal looking at a camera.
S1_C2_E40_V0070,An animal looking at a camera.
S1_C2_E150_V0355,An animal looking at a camera.
S1_C2_E16_V0027,An animal looking at a camera.
S1_C2_E190_V0426,An animal looking at a camera.
S1_C2_E15_V0026,An animal looking at a camera.
S1_C2_E40_V0069,An animal looking at a camera.
S2_C3_F467_V0038,An animal looking at a camera.
S2_C3_F570_V0118,An animal looking at a camera.
S2_C3_F479_V0048,An animal looking at a camera.
S2_C3_F555_V0106,An animal looking at a camera.
S2_C3_F506_V0079,An animal looking at a camera.
S2_C3_E280_V0042,An animal looking at a camera.
S2_C3_F625_V0155,An animal looking at a camera.
S2_C3_E280_V0046,An animal looking at a camera.
S2_C3_F602_V0141,An animal looking at a camera.
S2_C3_E280_V0045,An animal looking at a camera.
S2_C3_F479_V0049,An animal looking at a camera.
S2_C3_F540_V0098,An animal looking at a camera.
S2_C3_E347_V0110,An animal looking at a camera.
S2_C3_F559_V0111,An animal looking at a camera.
S2_C3_F544_V0100,An animal looking at a camera.
S2_C3_E341_V0105,An animal looking at a camera.
S2_C1_E301_V0049,An animal looking at a camera.
S2_C1_E308_V0056,An animal looking at a camera.
S2_C1_E274_V0033,An animal looking at a camera.
S2_C1_F619_V0125,An animal looking at a camera.
S2_C1_E260_V0021,An animal looking at a camera.
S2_C1_F449_V0012,An animal looking at a camera.
S2_C2_F502_V0052,An animal looking at a camera.
S2_C2_F540_V0069,An animal looking at a camera.
S2_C2_E280_V0036,An animal looking at a camera.
S2_C2_F479_V0035,An animal looking at a camera.
S2_C2_F489_V0045,An animal looking at a camera.
S2_C2_F449_V0018,An animal looking at a camera.
S2_C2_F602_V0103,An animal looking at a camera.
S2_C2_E301_V0052,An animal looking at a camera.
S2_C2_E280_V0037,An animal looking at a camera.
S2_C2_E347_V0092,An animal looking at a camera.
S2_C3_F570_V0118,A wolf reacting to a camera.
S2_C3_F559_V0111,A wolf reacting to a camera.
S2_C3_F544_V0100,A wolf reacting to a camera.
S3_C3_E444_V0123,An animal reacting to a camera and then foraging.
S3_C3_E407_V0059,An animal reacting to a camera and then foraging.
S3_C5_F746_V0161,An animal reacting to a camera and then foraging.
S3_C2_E525_V0091,An animal reacting to a camera and then foraging.
S3_C2_E597_V0116,An animal reacting to a camera and then foraging.
S3_C2_E701_V0189,An animal reacting to a camera and then foraging.
S3_C2_E704_V0194,An animal reacting to a camera and then foraging.
S3_C2_E407_V0022,An animal reacting to a camera and then foraging.
S1_C3_E67_V0031,An animal reacting to a camera and then foraging.
S1_C3_E237_V0092,An animal reacting to a camera and then foraging.
S1_C3_E27_V0017,An animal reacting to a camera and then foraging.
S1_C5_F33_V0057,An animal reacting to a camera and then foraging.
S1_C1_E17_V0046,An animal reacting to a camera and then foraging.
S1_C1_E27_V0059,An animal reacting to a camera and then foraging.
S1_C1_E38_V0082,An animal reacting to a camera and then foraging.
S1_C1_E40_V0105,An animal reacting to a camera and then foraging.
S1_C4_F238_V0191,An animal reacting to a camera and then foraging.
S1_C4_F33_V0032,An animal reacting to a camera and then foraging.
S1_C4_F4_V0017,An animal reacting to a camera and then foraging.
S1_C4_F244_V0211,An animal reacting to a camera and then foraging.
S1_C6_F33_V0024,An animal reacting to a camera and then foraging.
S1_C6_F66_V0038,An animal reacting to a camera and then foraging.
S1_C6_F33_V0022,An animal reacting to a camera and then foraging.
S1_C6_F202_V0118,An animal reacting to a camera and then foraging.
S1_C6_F200_V0116,An animal reacting to a camera and then foraging.
S1_C6_F238_V0128,An animal reacting to a camera and then foraging.
S1_C6_F127_V0082,An animal reacting to a camera and then foraging.
S1_C2_E38_V0053,An animal reacting to a camera and then foraging.
S1_C2_E40_V0064,An animal reacting to a camera and then foraging.
S1_C2_E105_V0148,An animal reacting to a camera and then foraging.
S1_C2_E49_V0075,An animal reacting to a camera and then foraging.
S1_C2_E8_V0021,An animal reacting to a camera and then foraging.
S1_C2_E27_V0037,An animal reacting to a camera and then foraging.
S1_C2_E15_V0026,An animal reacting to a camera and then foraging.
S2_C3_F570_V0118,An animal reacting to a camera and then foraging.
S2_C3_E280_V0042,An animal reacting to a camera and then foraging.
S2_C3_E365_V0115,An animal reacting to a camera and then foraging.
S2_C3_E347_V0110,An animal reacting to a camera and then foraging.
S2_C3_F559_V0111,An animal reacting to a camera and then foraging.
S2_C1_E274_V0033,An animal reacting to a camera and then foraging.
S2_C1_F619_V0125,An animal reacting to a camera and then foraging.
S2_C1_E260_V0021,An animal reacting to a camera and then foraging.
S2_C1_E265_V0027,An animal reacting to a camera and then foraging.
S2_C2_F502_V0052,An animal reacting to a camera and then foraging.
S2_C2_E280_V0034,An animal reacting to a camera and then foraging.
S2_C2_E365_V0109,An animal reacting to a camera and then foraging.
S2_C2_E347_V0092,An animal reacting to a camera and then foraging.
S3_C3_E444_V0123,"An animal foraging, then reacting to a camera, and then returning to foraging."
S3_C2_E525_V0091,"An animal foraging, then reacting to a camera, and then returning to foraging."
S1_C5_F33_V0057,"An animal foraging, then reacting to a camera, and then returning to foraging."
S1_C1_E27_V0059,"An animal foraging, then reacting to a camera, and then returning to foraging."
S1_C1_E38_V0082,"An animal foraging, then reacting to a camera, and then returning to foraging."
S1_C4_F238_V0191,"An animal foraging, then reacting to a camera, and then returning to foraging."
S1_C4_F4_V0017,"An animal foraging, then reacting to a camera, and then returning to foraging."
S1_C6_F33_V0022,"An animal foraging, then reacting to a camera, and then returning to foraging."
S1_C6_F202_V0118,"An animal foraging, then reacting to a camera, and then returning to foraging."
S1_C6_F238_V0128,"An animal foraging, then reacting to a camera, and then returning to foraging."
S1_C6_F127_V0082,"An animal foraging, then reacting to a camera, and then returning to foraging."
S1_C2_E38_V0053,"An animal foraging, then reacting to a camera, and then returning to foraging."
S1_C2_E40_V0064,"An animal foraging, then reacting to a camera, and then returning to foraging."
S1_C2_E49_V0075,"An animal foraging, then reacting to a camera, and then returning to foraging."
S1_C2_E8_V0021,"An animal foraging, then reacting to a camera, and then returning to foraging."
S1_C2_E27_V0037,"An animal foraging, then reacting to a camera, and then returning to foraging."
S1_C2_E15_V0026,"An animal foraging, then reacting to a camera, and then returning to foraging."
S2_C3_F570_V0118,"An animal foraging, then reacting to a camera, and then returning to foraging."
S2_C3_E365_V0115,"An animal foraging, then reacting to a camera, and then returning to foraging."
S2_C3_E347_V0110,"An animal foraging, then reacting to a camera, and then returning to foraging."
S2_C1_E260_V0021,"An animal foraging, then reacting to a camera, and then returning to foraging."
S2_C2_F502_V0052,"An animal foraging, then reacting to a camera, and then returning to foraging."
S2_C2_E347_V0092,"An animal foraging, then reacting to a camera, and then returning to foraging."
S3_C3_E455_V0170,An animal reacting to a camera and then running away.
S3_C3_E545_V0417,An animal reacting to a camera and then running away.
S3_C3_E407_V0059,An animal reacting to a camera and then running away.
S3_C2_E686_V0175,An animal reacting to a camera and then running away.
S3_C2_E545_V0096,An animal reacting to a camera and then running away.
S3_C2_E407_V0022,An animal reacting to a camera and then running away.
S1_C3_E237_V0092,An animal reacting to a camera and then running away.
S1_C3_E36_V0018,An animal reacting to a camera and then running away.
S1_C5_F33_V0059,An animal reacting to a camera and then running away.
S1_C1_E27_V0059,An animal reacting to a camera and then running away.
S1_C1_E29_V0064,An animal reacting to a camera and then running away.
S1_C1_E36_V0073,An animal reacting to a camera and then running away.
S1_C4_F33_V0032,An animal reacting to a camera and then running away.
S1_C6_F358_V0286,An animal reacting to a camera and then running away.
S1_C6_F33_V0023,An animal reacting to a camera and then running away.
S1_C6_F94_V0060,An animal reacting to a camera and then running away.
S1_C6_F94_V0059,An animal reacting to a camera and then running away.
S1_C6_F253_V0173,An animal reacting to a camera and then running away.
S1_C6_F360_V0294,An animal reacting to a camera and then running away.
S1_C6_F200_V0116,An animal reacting to a camera and then running away.
S1_C2_E27_V0037,An animal reacting to a camera and then running away.
S2_C3_F467_V0038,An animal reacting to a camera and then running away.
S2_C3_F570_V0118,An animal reacting to a camera and then running away.
S2_C3_F555_V0106,An animal reacting to a camera and then running away.
S2_C3_F625_V0155,An animal reacting to a camera and then running away.
S2_C3_F602_V0141,An animal reacting to a camera and then running away.
S2_C3_F479_V0049,An animal reacting to a camera and then running away.
S2_C3_F559_V0111,An animal reacting to a camera and then running away.
S2_C3_F449_V0010,An animal reacting to a camera and then running away.
S2_C1_F479_V0033,An animal reacting to a camera and then running away.
S2_C1_F619_V0125,An animal reacting to a camera and then running away.
S2_C1_F449_V0012,An animal reacting to a camera and then running away.
S2_C2_F449_V0018,An animal reacting to a camera and then running away.
S2_C2_F602_V0103,An animal reacting to a camera and then running away.
S2_C2_F467_V0029,An animal reacting to a camera and then running away.
S1_C1_E27_V0059,"An animal foraging, then reacting to a camera, and then running away."
S1_C1_E36_V0073,"An animal foraging, then reacting to a camera, and then running away."
S1_C6_F253_V0173,"An animal foraging, then reacting to a camera, and then running away."
S1_C2_E27_V0037,"An animal foraging, then reacting to a camera, and then running away."
S2_C3_F570_V0118,"An animal foraging, then reacting to a camera, and then running away."
S2_C3_F602_V0141,"An animal foraging, then reacting to a camera, and then running away."
S2_C3_F479_V0049,"An animal foraging, then reacting to a camera, and then running away."
S2_C2_F467_V0029,"An animal foraging, then reacting to a camera, and then running away."
S3_C3_E455_V0170,An animal reacting to a camera in rainy or overcast weather.
S3_C3_E444_V0123,An animal reacting to a camera in rainy or overcast weather.
S3_C3_E462_V0179,An animal reacting to a camera in rainy or overcast weather.
S3_C5_F863_V0179,An animal reacting to a camera in rainy or overcast weather.
S3_C2_E462_V0067,An animal reacting to a camera in rainy or overcast weather.
S1_C3_E27_V0016,An animal reacting to a camera in rainy or overcast weather.
S1_C3_E36_V0018,An animal reacting to a camera in rainy or overcast weather.
S1_C3_E27_V0017,An animal reacting to a camera in rainy or overcast weather.
S1_C1_E17_V0046,An animal reacting to a camera in rainy or overcast weather.
S1_C1_E17_V0045,An animal reacting to a camera in rainy or overcast weather.
S1_C1_E27_V0059,An animal reacting to a camera in rainy or overcast weather.
S1_C1_E17_V0044,An animal reacting to a camera in rainy or overcast weather.
S1_C1_E29_V0064,An animal reacting to a camera in rainy or overcast weather.
S1_C1_E40_V0105,An animal reacting to a camera in rainy or overcast weather.
S1_C1_E36_V0073,An animal reacting to a camera in rainy or overcast weather.
S1_C4_F200_V0165,An animal reacting to a camera in rainy or overcast weather.
S1_C6_F202_V0118,An animal reacting to a camera in rainy or overcast weather.
S1_C6_F200_V0116,An animal reacting to a camera in rainy or overcast weather.
S1_C6_F127_V0082,An animal reacting to a camera in rainy or overcast weather.
S1_C2_E40_V0064,An animal reacting to a camera in rainy or overcast weather.
S1_C2_E17_V0032,An animal reacting to a camera in rainy or overcast weather.
S1_C2_E17_V0031,An animal reacting to a camera in rainy or overcast weather.
S1_C2_E49_V0075,An animal reacting to a camera in rainy or overcast weather.
S1_C2_E40_V0070,An animal reacting to a camera in rainy or overcast weather.
S1_C2_E27_V0037,An animal reacting to a camera in rainy or overcast weather.
S1_C2_E190_V0426,An animal reacting to a camera in rainy or overcast weather.
S1_C2_E15_V0026,An animal reacting to a camera in rainy or overcast weather.
S1_C2_E40_V0069,An animal reacting to a camera in rainy or overcast weather.
S2_C3_F467_V0038,An animal reacting to a camera in rainy or overcast weather.
S2_C3_E280_V0042,An animal reacting to a camera in rainy or overcast weather.
S2_C3_E280_V0046,An animal reacting to a camera in rainy or overcast weather.
S2_C3_E280_V0045,An animal reacting to a camera in rainy or overcast weather.
S2_C3_E341_V0105,An animal reacting to a camera in rainy or overcast weather.
S2_C1_E301_V0049,An animal reacting to a camera in rainy or overcast weather.
S2_C1_E274_V0033,An animal reacting to a camera in rainy or overcast weather.
S2_C2_E280_V0036,An animal reacting to a camera in rainy or overcast weather.
S2_C2_E280_V0034,An animal reacting to a camera in rainy or overcast weather.
S2_C2_E341_V0086,An animal reacting to a camera in rainy or overcast weather.
S2_C2_E301_V0052,An animal reacting to a camera in rainy or overcast weather.
S2_C2_E280_V0037,An animal reacting to a camera in rainy or overcast weather.
S2_C2_F467_V0029,An animal reacting to a camera in rainy or overcast weather.
S3_C3_E545_V0417,An animal reacting to a camera in clear or sunny weather.
S3_C3_E407_V0059,An animal reacting to a camera in clear or sunny weather.
S3_C3_E525_V0344,An animal reacting to a camera in clear or sunny weather.
S3_C5_F746_V0161,An animal reacting to a camera in clear or sunny weather.
S3_C2_E525_V0091,An animal reacting to a camera in clear or sunny weather.
S3_C2_E581_V0107,An animal reacting to a camera in clear or sunny weather.
S3_C2_E686_V0175,An animal reacting to a camera in clear or sunny weather.
S3_C2_E545_V0096,An animal reacting to a camera in clear or sunny weather.
S3_C2_E597_V0116,An animal reacting to a camera in clear or sunny weather.
S3_C2_E701_V0189,An animal reacting to a camera in clear or sunny weather.
S3_C2_E803_V0545,An animal reacting to a camera in clear or sunny weather.
S3_C2_E704_V0194,An animal reacting to a camera in clear or sunny weather.
S3_C2_E407_V0022,An animal reacting to a camera in clear or sunny weather.
S1_C3_E67_V0031,An animal reacting to a camera in clear or sunny weather.
S1_C3_E237_V0092,An animal reacting to a camera in clear or sunny weather.
S1_C5_F96_V0139,An animal reacting to a camera in clear or sunny weather.
S1_C5_F96_V0140,An animal reacting to a camera in clear or sunny weather.
S1_C5_F69_V0104,An animal reacting to a camera in clear or sunny weather.
S1_C5_F33_V0057,An animal reacting to a camera in clear or sunny weather.
S1_C5_F33_V0059,An animal reacting to a camera in clear or sunny weather.
S1_C1_E150_V0742,An animal reacting to a camera in clear or sunny weather.
S1_C1_E38_V0082,An animal reacting to a camera in clear or sunny weather.
S1_C1_E16_V0037,An animal reacting to a camera in clear or sunny weather.
S1_C1_E105_V0296,An animal reacting to a camera in clear or sunny weather.
S1_C4_F238_V0191,An animal reacting to a camera in clear or sunny weather.
S1_C4_F96_V0085,An animal reacting to a camera in clear or sunny weather.
S1_C4_F253_V0246,An animal reacting to a camera in clear or sunny weather.
S1_C4_F94_V0083,An animal reacting to a camera in clear or sunny weather.
S1_C4_F244_V0210,An animal reacting to a camera in clear or sunny weather.
S1_C4_F33_V0032,An animal reacting to a camera in clear or sunny weather.
S1_C4_F66_V0055,An animal reacting to a camera in clear or sunny weather.
S1_C4_F181_V0140,An animal reacting to a camera in clear or sunny weather.
S1_C4_F253_V0245,An animal reacting to a camera in clear or sunny weather.
S1_C4_F243_V0197,An animal reacting to a camera in clear or sunny weather.
S1_C4_F4_V0017,An animal reacting to a camera in clear or sunny weather.
S1_C4_F69_V0058,An animal reacting to a camera in clear or sunny weather.
S1_C4_F244_V0209,An animal reacting to a camera in clear or sunny weather.
S1_C4_F244_V0211,An animal reacting to a camera in clear or sunny weather.
S1_C6_F358_V0290,An animal reacting to a camera in clear or sunny weather.
S1_C6_F66_V0037,An animal reacting to a camera in clear or sunny weather.
S1_C6_F358_V0284,An animal reacting to a camera in clear or sunny weather.
S1_C6_F253_V0174,An animal reacting to a camera in clear or sunny weather.
S1_C6_F358_V0286,An animal reacting to a camera in clear or sunny weather.
S1_C6_F33_V0024,An animal reacting to a camera in clear or sunny weather.
S1_C6_F358_V0289,An animal reacting to a camera in clear or sunny weather.
S1_C6_F66_V0038,An animal reacting to a camera in clear or sunny weather.
S1_C6_F33_V0023,An animal reacting to a camera in clear or sunny weather.
S1_C6_F359_V0293,An animal reacting to a camera in clear or sunny weather.
S1_C6_F94_V0060,An animal reacting to a camera in clear or sunny weather.
S1_C6_F94_V0059,An animal reacting to a camera in clear or sunny weather.
S1_C6_F33_V0022,An animal reacting to a camera in clear or sunny weather.
S1_C6_F96_V0062,An animal reacting to a camera in clear or sunny weather.
S1_C6_F190_V0106,An animal reacting to a camera in clear or sunny weather.
S1_C6_F253_V0173,An animal reacting to a camera in clear or sunny weather.
S1_C6_F360_V0294,An animal reacting to a camera in clear or sunny weather.
S1_C6_F4_V0018,An animal reacting to a camera in clear or sunny weather.
S1_C6_F238_V0128,An animal reacting to a camera in clear or sunny weather.
S1_C2_E38_V0053,An animal reacting to a camera in clear or sunny weather.
S1_C2_E145_V0337,An animal reacting to a camera in clear or sunny weather.
S1_C2_E105_V0148,An animal reacting to a camera in clear or sunny weather.
S1_C2_E145_V0336,An animal reacting to a camera in clear or sunny weather.
S1_C2_E8_V0021,An animal reacting to a camera in clear or sunny weather.
S1_C2_E145_V0339,An animal reacting to a camera in clear or sunny weather.
S1_C2_E150_V0347,An animal reacting to a camera in clear or sunny weather.
S1_C2_E16_V0028,An animal reacting to a camera in clear or sunny weather.
S1_C2_E150_V0355,An animal reacting to a camera in clear or sunny weather.
S1_C2_E16_V0027,An animal reacting to a camera in clear or sunny weather.
S2_C3_F570_V0118,An animal reacting to a camera in clear or sunny weather.
S2_C3_F479_V0048,An animal reacting to a camera in clear or sunny weather.
S2_C3_F555_V0106,An animal reacting to a camera in clear or sunny weather.
S2_C3_F506_V0079,An animal reacting to a camera in clear or sunny weather.
S2_C3_F625_V0155,An animal reacting to a camera in clear or sunny weather.
S2_C3_E365_V0115,An animal reacting to a camera in clear or sunny weather.
S2_C3_F602_V0141,An animal reacting to a camera in clear or sunny weather.
S2_C3_F479_V0049,An animal reacting to a camera in clear or sunny weather.
S2_C3_F540_V0098,An animal reacting to a camera in clear or sunny weather.
S2_C3_E347_V0110,An animal reacting to a camera in clear or sunny weather.
S2_C3_F559_V0111,An animal reacting to a camera in clear or sunny weather.
S2_C3_F544_V0100,An animal reacting to a camera in clear or sunny weather.
S2_C3_F449_V0010,An animal reacting to a camera in clear or sunny weather.
S2_C1_E308_V0056,An animal reacting to a camera in clear or sunny weather.
S2_C1_F479_V0033,An animal reacting to a camera in clear or sunny weather.
S2_C1_F619_V0125,An animal reacting to a camera in clear or sunny weather.
S2_C1_E260_V0021,An animal reacting to a camera in clear or sunny weather.
S2_C1_E265_V0026,An animal reacting to a camera in clear or sunny weather.
S2_C1_E265_V0027,An animal reacting to a camera in clear or sunny weather.
S2_C1_F449_V0012,An animal reacting to a camera in clear or sunny weather.
S2_C1_E265_V0025,An animal reacting to a camera in clear or sunny weather.
S2_C2_F502_V0052,An animal reacting to a camera in clear or sunny weather.
S2_C2_F540_V0069,An animal reacting to a camera in clear or sunny weather.
S2_C2_F479_V0035,An animal reacting to a camera in clear or sunny weather.
S2_C2_F489_V0045,An animal reacting to a camera in clear or sunny weather.
S2_C2_F449_V0018,An animal reacting to a camera in clear or sunny weather.
S2_C2_F602_V0103,An animal reacting to a camera in clear or sunny weather.
S2_C2_F506_V0054,An animal reacting to a camera in clear or sunny weather.
S2_C2_E365_V0109,An animal reacting to a camera in clear or sunny weather.
S2_C2_F472_V0033,An animal reacting to a camera in clear or sunny weather.
S2_C2_E347_V0092,An animal reacting to a camera in clear or sunny weather.
S3_C3_E455_V0168,A single adult red deer foraging only.
S3_C3_E561_V0465,A single adult red deer foraging only.
S3_C3_E454_V0165,A single adult red deer foraging only.
S3_C3_E454_V0162,A single adult red deer foraging only.
S3_C3_E545_V0423,A single adult red deer foraging only.
S3_C3_E525_V0343,A single adult red deer foraging only.
S3_C3_E454_V0164,A single adult red deer foraging only.
S3_C3_E545_V0440,A single adult red deer foraging only.
S3_C3_E545_V0408,A single adult red deer foraging only.
S3_C3_E476_V0233,A single adult red deer foraging only.
S3_C3_E460_V0177,A single adult red deer foraging only.
S3_C3_E545_V0441,A single adult red deer foraging only.
S3_C3_E545_V0421,A single adult red deer foraging only.
S3_C3_E444_V0118,A single adult red deer foraging only.
S3_C3_E545_V0420,A single adult red deer foraging only.
S3_C3_E545_V0439,A single adult red deer foraging only.
S3_C3_E526_V0345,A single adult red deer foraging only.
S3_C3_E453_V0161,A single adult red deer foraging only.
S3_C3_E525_V0334,A single adult red deer foraging only.
S3_C3_E525_V0341,A single adult red deer foraging only.
S3_C3_E581_V0520,A single adult red deer foraging only.
S3_C3_E476_V0234,A single adult red deer foraging only.
S3_C3_E444_V0127,A single adult red deer foraging only.
S3_C3_E407_V0058,A single adult red deer foraging only.
S3_C3_E581_V0513,A single adult red deer foraging only.
S3_C3_E561_V0462,A single adult red deer foraging only.
S3_C3_E476_V0231,A single adult red deer foraging only.
S3_C3_E454_V0167,A single adult red deer foraging only.
S3_C3_E419_V0080,A single adult red deer foraging only.
S3_C3_E545_V0419,A single adult red deer foraging only.
S3_C3_E545_V0438,A single adult red deer foraging only.
S3_C3_E525_V0335,A single adult red deer foraging only.
S3_C3_E419_V0078,A single adult red deer foraging only.
S3_C3_E444_V0158,A single adult red deer foraging only.
S3_C3_E444_V0120,A single adult red deer foraging only.
S3_C3_E437_V0096,A single adult red deer foraging only.
S3_C3_E561_V0461,A single adult red deer foraging only.
S3_C5_F632_V0025,A single adult red deer foraging only.
S3_C5_F699_V0130,A single adult red deer foraging only.
S3_C5_F700_V0133,A single adult red deer foraging only.
S3_C5_F706_V0136,A single adult red deer foraging only.
S3_C5_F699_V0128,A single adult red deer foraging only.
S3_C5_F863_V0178,A single adult red deer foraging only.
S3_C5_F632_V0020,A single adult red deer foraging only.
S3_C5_F699_V0131,A single adult red deer foraging only.
S3_C5_F699_V0129,A single adult red deer foraging only.
S3_C5_F863_V0180,A single adult red deer foraging only.
S3_C5_F632_V0021,A single adult red deer foraging only.
S3_C1_E419_V0236,A single adult red deer foraging only.
S3_C1_E419_V0237,A single adult red deer foraging only.
S3_C4_F746_V0207,A single adult red deer foraging only.
S3_C4_F677_V0065,A single adult red deer foraging only.
S3_C4_F700_V0074,A single adult red deer foraging only.
S3_C4_F699_V0073,A single adult red deer foraging only.
S3_C4_F677_V0064,A single adult red deer foraging only.
S3_C4_F677_V0066,A single adult red deer foraging only.
S3_C2_E742_V0360,A single adult red deer foraging only.
S3_C2_E597_V0117,A single adult red deer foraging only.
S3_C2_E454_V0059,A single adult red deer foraging only.
S3_C2_E453_V0057,A single adult red deer foraging only.
S3_C2_E757_V0393,A single adult red deer foraging only.
S3_C2_E437_V0048,A single adult red deer foraging only.
S3_C2_E744_V0363,A single adult red deer foraging only.
S3_C2_E419_V0034,A single adult red deer foraging only.
S3_C2_E525_V0089,A single adult red deer foraging only.
S3_C2_E751_V0386,A single adult red deer foraging only.
S3_C2_E545_V0097,A single adult red deer foraging only.
S3_C2_E454_V0060,A single adult red deer foraging only.
S3_C2_E785_V0497,A single adult red deer foraging only.
S3_C2_E753_V0389,A single adult red deer foraging only.
S3_C2_E419_V0039,A single adult red deer foraging only.
S3_C2_E444_V0052,A single adult red deer foraging only.
S3_C2_E708_V0239,A single adult red deer foraging only.
S3_C2_E707_V0237,A single adult red deer foraging only.
S3_C2_E733_V0342,A single adult red deer foraging only.
S3_C2_E699_V0187,A single adult red deer foraging only.
S3_C2_E705_V0195,A single adult red deer foraging only.
S3_C2_E685_V0174,A single adult red deer foraging only.
S3_C2_E807_V0556,A single adult red deer foraging only.
S3_C2_E641_V0143,A single adult red deer foraging only.
S3_C2_E806_V0554,A single adult red deer foraging only.
S3_C2_E702_V0190,A single adult red deer foraging only.
S3_C2_E745_V0371,A single adult red deer foraging only.
S3_C2_E706_V0230,A single adult red deer foraging only.
S3_C2_E727_V0315,A single adult red deer foraging only.
S3_C2_E715_V0253,A single adult red deer foraging only.
S3_C2_E419_V0038,A single adult red deer foraging only.
S3_C2_E785_V0498,A single adult red deer foraging only.
S3_C2_E777_V0463,A single adult red deer foraging only.
S3_C2_E657_V0149,A single adult red deer foraging only.
S3_C2_E455_V0061,A single adult red deer foraging only.
S3_C2_E758_V0403,A single adult red deer foraging only.
S3_C2_E460_V0064,A single adult red deer foraging only.
S3_C2_E419_V0035,A single adult red deer foraging only.
S3_C2_E753_V0388,A single adult red deer foraging only.
S3_C2_E806_V0555,A single adult red deer foraging only.
S3_C2_E742_V0361,A single adult red deer foraging only.
S3_C2_E419_V0036,A single adult red deer foraging only.
S3_C2_E781_V0473,A single adult red deer foraging only.
S3_C2_E746_V0374,A single adult red deer foraging only.
S3_C2_E727_V0316,A single adult red deer foraging only.
S3_C2_E716_V0259,A single adult red deer foraging only.
S3_C2_E657_V0148,A single adult red deer foraging only.
S3_C2_E709_V0244,A single adult red deer foraging only.
S3_C2_E760_V0411,A single adult red deer foraging only.
S3_C2_E444_V0055,A single adult red deer foraging only.
S3_C2_E754_V0390,A single adult red deer foraging only.
S3_C2_E756_V0392,A single adult red deer foraging only.
S3_C2_E759_V0407,A single adult red deer foraging only.
S3_C2_E783_V0484,A single adult red deer foraging only.
S3_C2_E758_V0399,A single adult red deer foraging only.
S3_C2_E698_V0185,A single adult red deer foraging only.
S1_C3_E145_V0061,A single adult red deer foraging only.
S1_C3_E151_V0065,A single adult red deer foraging only.
S1_C3_E154_V0066,A single adult red deer foraging only.
S1_C3_E224_V0089,A single adult red deer foraging only.
S1_C3_E136_V0056,A single adult red deer foraging only.
S1_C3_E67_V0030,A single adult red deer foraging only.
S1_C3_E243_V0093,A single adult red deer foraging only.
S1_C3_E190_V0079,A single adult red deer foraging only.
S1_C5_F73_V0116,A single adult red deer foraging only.
S1_C5_F243_V0366,A single adult red deer foraging only.
S1_C5_F43_V0070,A single adult red deer foraging only.
S1_C5_F243_V0347,A single adult red deer foraging only.
S1_C5_F204_V0277,A single adult red deer foraging only.
S1_C5_F243_V0344,A single adult red deer foraging only.
S1_C5_F204_V0279,A single adult red deer foraging only.
S1_C5_F204_V0294,A single adult red deer foraging only.
S1_C5_F125_V0172,A single adult red deer foraging only.
S1_C5_F67_V0098,A single adult red deer foraging only.
S1_C5_F96_V0148,A single adult red deer foraging only.
S1_C5_F204_V0295,A single adult red deer foraging only.
S1_C5_F71_V0109,A single adult red deer foraging only.
S1_C5_F243_V0359,A single adult red deer foraging only.
S1_C5_F245_V0404,A single adult red deer foraging only.
S1_C5_F43_V0068,A single adult red deer foraging only.
S1_C5_F204_V0280,A single adult red deer foraging only.
S1_C5_F43_V0072,A single adult red deer foraging only.
S1_C5_F96_V0141,A single adult red deer foraging only.
S1_C5_F243_V0352,A single adult red deer foraging only.
S1_C5_F66_V0096,A single adult red deer foraging only.
S1_C5_F204_V0293,A single adult red deer foraging only.
S1_C5_F204_V0282,A single adult red deer foraging only.
S1_C5_F243_V0357,A single adult red deer foraging only.
S1_C5_F204_V0275,A single adult red deer foraging only.
S1_C5_F243_V0367,A single adult red deer foraging only.
S1_C5_F243_V0345,A single adult red deer foraging only.
S1_C5_F245_V0403,A single adult red deer foraging only.
S1_C5_F96_V0147,A single adult red deer foraging only.
S1_C5_F182_V0234,A single adult red deer foraging only.
S1_C5_F204_V0283,A single adult red deer foraging only.
S1_C5_F243_V0369,A single adult red deer foraging only.
S1_C5_F71_V0107,A single adult red deer foraging only.
S1_C5_F204_V0287,A single adult red deer foraging only.
S1_C5_F243_V0375,A single adult red deer foraging only.
S1_C5_F243_V0348,A single adult red deer foraging only.
S1_C5_F243_V0355,A single adult red deer foraging only.
S1_C5_F245_V0402,A single adult red deer foraging only.
S1_C5_F243_V0354,A single adult red deer foraging only.
S1_C5_F202_V0271,A single adult red deer foraging only.
S1_C5_F243_V0372,A single adult red deer foraging only.
S1_C5_F96_V0145,A single adult red deer foraging only.
S1_C5_F53_V0079,A single adult red deer foraging only.
S1_C5_F200_V0264,A single adult red deer foraging only.
S1_C5_F67_V0099,A single adult red deer foraging only.
S1_C5_F73_V0115,A single adult red deer foraging only.
S1_C5_F204_V0285,A single adult red deer foraging only.
S1_C5_F43_V0069,A single adult red deer foraging only.
S1_C5_F53_V0081,A single adult red deer foraging only.
S1_C5_F239_V0330,A single adult red deer foraging only.
S1_C5_F98_V0154,A single adult red deer foraging only.
S1_C5_F243_V0363,A single adult red deer foraging only.
S1_C5_F181_V0232,A single adult red deer foraging only.
S1_C5_F243_V0374,A single adult red deer foraging only.
S1_C5_F245_V0393,A single adult red deer foraging only.
S1_C5_F90_V0130,A single adult red deer foraging only.
S1_C5_F245_V0391,A single adult red deer foraging only.
S1_C5_F243_V0358,A single adult red deer foraging only.
S1_C5_F243_V0371,A single adult red deer foraging only.
S1_C5_F245_V0396,A single adult red deer foraging only.
S1_C5_F33_V0060,A single adult red deer foraging only.
S1_C5_F204_V0286,A single adult red deer foraging only.
S1_C5_F204_V0276,A single adult red deer foraging only.
S1_C5_F243_V0370,A single adult red deer foraging only.
S1_C5_F245_V0399,A single adult red deer foraging only.
S1_C5_F243_V0353,A single adult red deer foraging only.
S1_C5_F201_V0267,A single adult red deer foraging only.
S1_C5_F243_V0364,A single adult red deer foraging only.
S1_C5_F53_V0080,A single adult red deer foraging only.
S1_C5_F190_V0246,A single adult red deer foraging only.
S1_C5_F239_V0329,A single adult red deer foraging only.
S1_C5_F245_V0406,A single adult red deer foraging only.
S1_C5_F102_V0157,A single adult red deer foraging only.
S1_C5_F96_V0143,A single adult red deer foraging only.
S1_C5_F239_V0328,A single adult red deer foraging only.
S1_C5_F222_V0320,A single adult red deer foraging only.
S1_C5_F245_V0394,A single adult red deer foraging only.
S1_C5_F204_V0284,A single adult red deer foraging only.
S1_C5_F204_V0291,A single adult red deer foraging only.
S1_C5_F243_V0356,A single adult red deer foraging only.
S1_C5_F201_V0270,A single adult red deer foraging only.
S1_C5_F67_V0097,A single adult red deer foraging only.
S1_C5_F243_V0360,A single adult red deer foraging only.
S1_C5_F204_V0296,A single adult red deer foraging only.
S1_C5_F204_V0278,A single adult red deer foraging only.
S1_C5_F161_V0206,A single adult red deer foraging only.
S1_C5_F190_V0247,A single adult red deer foraging only.
S1_C5_F243_V0373,A single adult red deer foraging only.
S1_C5_F204_V0281,A single adult red deer foraging only.
S1_C5_F204_V0273,A single adult red deer foraging only.
S1_C5_F96_V0146,A single adult red deer foraging only.
S1_C5_F71_V0110,A single adult red deer foraging only.
S1_C5_F96_V0144,A single adult red deer foraging only.
S1_C5_F222_V0318,A single adult red deer foraging only.
S1_C5_F71_V0108,A single adult red deer foraging only.
S1_C5_F243_V0365,A single adult red deer foraging only.
S1_C5_F204_V0292,A single adult red deer foraging only.
S1_C5_F43_V0071,A single adult red deer foraging only.
S1_C5_F245_V0410,A single adult red deer foraging only.
S1_C5_F52_V0077,A single adult red deer foraging only.
S1_C5_F243_V0346,A single adult red deer foraging only.
S1_C1_E106_V0324,A single adult red deer foraging only.
S1_C1_E106_V0316,A single adult red deer foraging only.
S1_C1_E122_V0491,A single adult red deer foraging only.
S1_C1_E38_V0083,A single adult red deer foraging only.
S1_C1_E136_V0670,A single adult red deer foraging only.
S1_C1_E137_V0681,A single adult red deer foraging only.
S1_C1_E122_V0495,A single adult red deer foraging only.
S1_C1_E68_V0157,A single adult red deer foraging only.
S1_C1_E104_V0277,A single adult red deer foraging only.
S1_C1_E68_V0153,A single adult red deer foraging only.
S1_C1_E106_V0322,A single adult red deer foraging only.
S1_C1_E104_V0262,A single adult red deer foraging only.
S1_C1_E68_V0180,A single adult red deer foraging only.
S1_C1_E106_V0323,A single adult red deer foraging only.
S1_C1_E106_V0325,A single adult red deer foraging only.
S1_C1_E107_V0335,A single adult red deer foraging only.
S1_C1_E94_V0210,A single adult red deer foraging only.
S1_C1_E133_V0639,A single adult red deer foraging only.
S1_C1_E109_V0339,A single adult red deer foraging only.
S1_C1_E115_V0350,A single adult red deer foraging only.
S1_C1_E107_V0327,A single adult red deer foraging only.
S1_C1_E106_V0315,A single adult red deer foraging only.
S1_C1_E130_V0593,A single adult red deer foraging only.
S1_C1_E122_V0478,A single adult red deer foraging only.
S1_C1_E122_V0465,A single adult red deer foraging only.
S1_C1_E122_V0498,A single adult red deer foraging only.
S1_C1_E104_V0273,A single adult red deer foraging only.
S1_C1_E150_V0758,A single adult red deer foraging only.
S1_C1_E115_V0349,A single adult red deer foraging only.
S1_C1_E105_V0297,A single adult red deer foraging only.
S1_C1_E122_V0486,A single adult red deer foraging only.
S1_C1_E38_V0085,A single adult red deer foraging only.
S1_C1_E105_V0288,A single adult red deer foraging only.
S1_C1_E122_V0487,A single adult red deer foraging only.
S1_C1_E94_V0218,A single adult red deer foraging only.
S1_C1_E94_V0212,A single adult red deer foraging only.
S1_C1_E105_V0286,A single adult red deer foraging only.
S1_C1_E105_V0306,A single adult red deer foraging only.
S1_C1_E133_V0636,A single adult red deer foraging only.
S1_C1_E136_V0672,A single adult red deer foraging only.
S1_C1_E123_V0501,A single adult red deer foraging only.
S1_C1_E122_V0460,A single adult red deer foraging only.
S1_C1_E104_V0270,A single adult red deer foraging only.
S1_C1_E115_V0351,A single adult red deer foraging only.
S1_C1_E104_V0263,A single adult red deer foraging only.
S1_C1_E106_V0326,A single adult red deer foraging only.
S1_C1_E86_V0198,A single adult red deer foraging only.
S1_C1_E130_V0582,A single adult red deer foraging only.
S1_C1_E116_V0358,A single adult red deer foraging only.
S1_C1_E122_V0484,A single adult red deer foraging only.
S1_C1_E68_V0154,A single adult red deer foraging only.
S1_C1_E68_V0168,A single adult red deer foraging only.
S1_C1_E122_V0453,A single adult red deer foraging only.
S1_C1_E136_V0668,A single adult red deer foraging only.
S1_C1_E105_V0309,A single adult red deer foraging only.
S1_C1_E130_V0583,A single adult red deer foraging only.
S1_C1_E130_V0618,A single adult red deer foraging only.
S1_C1_E122_V0477,A single adult red deer foraging only.
S1_C1_E130_V0592,A single adult red deer foraging only.
S1_C1_E122_V0489,A single adult red deer foraging only.
S1_C1_E68_V0164,A single adult red deer foraging only.
S1_C1_E115_V0346,A single adult red deer foraging only.
S1_C1_E17_V0043,A single adult red deer foraging only.
S1_C1_E18_V0047,A single adult red deer foraging only.
S1_C1_E122_V0451,A single adult red deer foraging only.
S1_C1_E105_V0287,A single adult red deer foraging only.
S1_C1_E105_V0289,A single adult red deer foraging only.
S1_C1_E104_V0267,A single adult red deer foraging only.
S1_C1_E137_V0678,A single adult red deer foraging only.
S1_C1_E122_V0493,A single adult red deer foraging only.
S1_C1_E104_V0284,A single adult red deer foraging only.
S1_C1_E104_V0269,A single adult red deer foraging only.
S1_C1_E68_V0172,A single adult red deer foraging only.
S1_C1_E123_V0502,A single adult red deer foraging only.
S1_C1_E104_V0266,A single adult red deer foraging only.
S1_C1_E136_V0664,A single adult red deer foraging only.
S1_C1_E122_V0459,A single adult red deer foraging only.
S1_C1_E105_V0293,A single adult red deer foraging only.
S1_C1_E68_V0158,A single adult red deer foraging only.
S1_C1_E68_V0161,A single adult red deer foraging only.
S1_C1_E94_V0217,A single adult red deer foraging only.
S1_C1_E122_V0463,A single adult red deer foraging only.
S1_C1_E68_V0175,A single adult red deer foraging only.
S1_C1_E122_V0492,A single adult red deer foraging only.
S1_C1_E145_V0733,A single adult red deer foraging only.
S1_C1_E136_V0669,A single adult red deer foraging only.
S1_C1_E173_V0810,A single adult red deer foraging only.
S1_C1_E136_V0662,A single adult red deer foraging only.
S1_C1_E94_V0213,A single adult red deer foraging only.
S1_C1_E68_V0166,A single adult red deer foraging only.
S1_C1_E68_V0181,A single adult red deer foraging only.
S1_C1_E8_V0024,A single adult red deer foraging only.
S1_C1_E136_V0671,A single adult red deer foraging only.
S1_C1_E68_V0167,A single adult red deer foraging only.
S1_C1_E30_V0066,A single adult red deer foraging only.
S1_C1_E115_V0347,A single adult red deer foraging only.
S1_C1_E105_V0291,A single adult red deer foraging only.
S1_C1_E105_V0304,A single adult red deer foraging only.
S1_C1_E136_V0666,A single adult red deer foraging only.
S1_C1_E38_V0090,A single adult red deer foraging only.
S1_C1_E68_V0171,A single adult red deer foraging only.
S1_C1_E68_V0156,A single adult red deer foraging only.
S1_C1_E137_V0677,A single adult red deer foraging only.
S1_C1_E136_V0673,A single adult red deer foraging only.
S1_C1_E8_V0026,A single adult red deer foraging only.
S1_C1_E222_V0862,A single adult red deer foraging only.
S1_C1_E68_V0162,A single adult red deer foraging only.
S1_C1_E104_V0279,A single adult red deer foraging only.
S1_C1_E122_V0452,A single adult red deer foraging only.
S1_C1_E172_V0805,A single adult red deer foraging only.
S1_C1_E107_V0336,A single adult red deer foraging only.
S1_C1_E68_V0155,A single adult red deer foraging only.
S1_C1_E171_V0800,A single adult red deer foraging only.
S1_C1_E130_V0584,A single adult red deer foraging only.
S1_C1_E137_V0675,A single adult red deer foraging only.
S1_C1_E216_V0857,A single adult red deer foraging only.
S1_C1_E94_V0216,A single adult red deer foraging only.
S1_C1_E86_V0196,A single adult red deer foraging only.
S1_C1_E68_V0163,A single adult red deer foraging only.
S1_C1_E137_V0676,A single adult red deer foraging only.
S1_C1_E68_V0170,A single adult red deer foraging only.
S1_C1_E115_V0355,A single adult red deer foraging only.
S1_C1_E105_V0299,A single adult red deer foraging only.
S1_C1_E94_V0219,A single adult red deer foraging only.
S1_C1_E107_V0331,A single adult red deer foraging only.
S1_C1_E115_V0344,A single adult red deer foraging only.
S1_C1_E94_V0211,A single adult red deer foraging only.
S1_C1_E130_V0580,A single adult red deer foraging only.
S1_C1_E116_V0357,A single adult red deer foraging only.
S1_C1_E68_V0174,A single adult red deer foraging only.
S1_C1_E122_V0471,A single adult red deer foraging only.
S1_C1_E38_V0088,A single adult red deer foraging only.
S1_C1_E122_V0494,A single adult red deer foraging only.
S1_C1_E136_V0665,A single adult red deer foraging only.
S1_C1_E130_V0581,A single adult red deer foraging only.
S1_C1_E130_V0588,A single adult red deer foraging only.
S1_C1_E38_V0079,A single adult red deer foraging only.
S1_C1_E104_V0274,A single adult red deer foraging only.
S1_C1_E130_V0617,A single adult red deer foraging only.
S1_C1_E107_V0332,A single adult red deer foraging only.
S1_C1_E122_V0464,A single adult red deer foraging only.
S1_C1_E104_V0280,A single adult red deer foraging only.
S1_C1_E107_V0333,A single adult red deer foraging only.
S1_C1_E104_V0268,A single adult red deer foraging only.
S1_C1_E130_V0591,A single adult red deer foraging only.
S1_C1_E105_V0303,A single adult red deer foraging only.
S1_C1_E130_V0579,A single adult red deer foraging only.
S1_C1_E68_V0178,A single adult red deer foraging only.
S1_C1_E107_V0334,A single adult red deer foraging only.
S1_C1_E146_V0739,A single adult red deer foraging only.
S1_C1_E115_V0354,A single adult red deer foraging only.
S1_C1_E130_V0606,A single adult red deer foraging only.
S1_C1_E122_V0490,A single adult red deer foraging only.
S1_C1_E94_V0214,A single adult red deer foraging only.
S1_C1_E123_V0505,A single adult red deer foraging only.
S1_C1_E107_V0328,A single adult red deer foraging only.
S1_C1_E38_V0081,A single adult red deer foraging only.
S1_C1_E122_V0488,A single adult red deer foraging only.
S1_C1_E27_V0060,A single adult red deer foraging only.
S1_C1_E107_V0330,A single adult red deer foraging only.
S1_C1_E68_V0179,A single adult red deer foraging only.
S1_C1_E104_V0271,A single adult red deer foraging only.
S1_C1_E115_V0352,A single adult red deer foraging only.
S1_C1_E38_V0080,A single adult red deer foraging only.
S1_C1_E105_V0305,A single adult red deer foraging only.
S1_C1_E104_V0264,A single adult red deer foraging only.
S1_C1_E94_V0215,A single adult red deer foraging only.
S1_C1_E38_V0077,A single adult red deer foraging only.
S1_C1_E131_V0627,A single adult red deer foraging only.
S1_C1_E86_V0199,A single adult red deer foraging only.
S1_C1_E150_V0743,A single adult red deer foraging only.
S1_C1_E130_V0601,A single adult red deer foraging only.
S1_C1_E122_V0496,A single adult red deer foraging only.
S1_C1_E105_V0307,A single adult red deer foraging only.
S1_C1_E104_V0283,A single adult red deer foraging only.
S1_C1_E105_V0285,A single adult red deer foraging only.
S1_C1_E115_V0348,A single adult red deer foraging only.
S1_C1_E104_V0278,A single adult red deer foraging only.
S1_C1_E107_V0337,A single adult red deer foraging only.
S1_C1_E105_V0294,A single adult red deer foraging only.
S1_C1_E105_V0295,A single adult red deer foraging only.
S1_C1_E38_V0089,A single adult red deer foraging only.
S1_C1_E115_V0353,A single adult red deer foraging only.
S1_C1_E130_V0589,A single adult red deer foraging only.
S1_C1_E178_V0824,A single adult red deer foraging only.
S1_C1_E122_V0485,A single adult red deer foraging only.
S1_C1_E27_V0061,A single adult red deer foraging only.
S1_C1_E130_V0578,A single adult red deer foraging only.
S1_C1_E106_V0311,A single adult red deer foraging only.
S1_C1_E107_V0338,A single adult red deer foraging only.
S1_C1_E130_V0590,A single adult red deer foraging only.
S1_C1_E104_V0276,A single adult red deer foraging only.
S1_C1_E105_V0298,A single adult red deer foraging only.
S1_C1_E68_V0177,A single adult red deer foraging only.
S1_C1_E38_V0087,A single adult red deer foraging only.
S1_C1_E86_V0197,A single adult red deer foraging only.
S1_C1_E68_V0176,A single adult red deer foraging only.
S1_C1_E122_V0497,A single adult red deer foraging only.
S1_C1_E107_V0329,A single adult red deer foraging only.
S1_C1_E132_V0630,A single adult red deer foraging only.
S1_C1_E190_V0827,A single adult red deer foraging only.
S1_C1_E104_V0265,A single adult red deer foraging only.
S1_C1_E8_V0025,A single adult red deer foraging only.
S1_C1_E131_V0626,A single adult red deer foraging only.
S1_C1_E105_V0308,A single adult red deer foraging only.
S1_C1_E68_V0173,A single adult red deer foraging only.
S1_C1_E130_V0600,A single adult red deer foraging only.
S1_C4_F245_V0231,A single adult red deer foraging only.
S1_C4_F245_V0222,A single adult red deer foraging only.
S1_C4_F94_V0084,A single adult red deer foraging only.
S1_C4_F73_V0068,A single adult red deer foraging only.
S1_C4_F73_V0066,A single adult red deer foraging only.
S1_C4_F244_V0218,A single adult red deer foraging only.
S1_C4_F245_V0224,A single adult red deer foraging only.
S1_C4_F43_V0037,A single adult red deer foraging only.
S1_C4_F245_V0232,A single adult red deer foraging only.
S1_C4_F245_V0228,A single adult red deer foraging only.
S1_C4_F245_V0225,A single adult red deer foraging only.
S1_C4_F243_V0207,A single adult red deer foraging only.
S1_C4_F73_V0065,A single adult red deer foraging only.
S1_C4_F244_V0219,A single adult red deer foraging only.
S1_C4_F125_V0111,A single adult red deer foraging only.
S1_C4_F245_V0230,A single adult red deer foraging only.
S1_C4_F96_V0089,A single adult red deer foraging only.
S1_C4_F239_V0192,A single adult red deer foraging only.
S1_C4_F73_V0063,A single adult red deer foraging only.
S1_C4_F243_V0203,A single adult red deer foraging only.
S1_C4_F96_V0091,A single adult red deer foraging only.
S1_C4_F244_V0220,A single adult red deer foraging only.
S1_C4_F67_V0056,A single adult red deer foraging only.
S1_C4_F96_V0088,A single adult red deer foraging only.
S1_C4_F33_V0033,A single adult red deer foraging only.
S1_C4_F244_V0221,A single adult red deer foraging only.
S1_C4_F239_V0193,A single adult red deer foraging only.
S1_C4_F73_V0067,A single adult red deer foraging only.
S1_C4_F245_V0226,A single adult red deer foraging only.
S1_C4_F243_V0206,A single adult red deer foraging only.
S1_C4_F395_V0451,A single adult red deer foraging only.
S1_C4_F82_V0073,A single adult red deer foraging only.
S1_C4_F245_V0223,A single adult red deer foraging only.
S1_C4_F245_V0227,A single adult red deer foraging only.
S1_C4_F245_V0229,A single adult red deer foraging only.
S1_C4_F73_V0064,A single adult red deer foraging only.
S1_C4_F71_V0061,A single adult red deer foraging only.
S1_C6_F67_V0044,A single adult red deer foraging only.
S1_C6_F407_V0367,A single adult red deer foraging only.
S1_C6_F73_V0051,A single adult red deer foraging only.
S1_C6_F407_V0370,A single adult red deer foraging only.
S1_C6_F243_V0137,A single adult red deer foraging only.
S1_C6_F412_V0388,A single adult red deer foraging only.
S1_C6_F407_V0377,A single adult red deer foraging only.
S1_C6_F411_V0383,A single adult red deer foraging only.
S1_C6_F407_V0378,A single adult red deer foraging only.
S1_C6_F246_V0168,A single adult red deer foraging only.
S1_C6_F243_V0140,A single adult red deer foraging only.
S1_C6_F334_V0267,A single adult red deer foraging only.
S1_C6_F243_V0139,A single adult red deer foraging only.
S1_C6_F239_V0131,A single adult red deer foraging only.
S1_C6_F357_V0280,A single adult red deer foraging only.
S1_C6_F245_V0150,A single adult red deer foraging only.
S1_C6_F334_V0264,A single adult red deer foraging only.
S1_C6_F190_V0108,A single adult red deer foraging only.
S1_C6_F412_V0389,A single adult red deer foraging only.
S1_C6_F407_V0372,A single adult red deer foraging only.
S1_C6_F204_V0121,A single adult red deer foraging only.
S1_C6_F245_V0158,A single adult red deer foraging only.
S1_C6_F412_V0386,A single adult red deer foraging only.
S1_C6_F361_V0297,A single adult red deer foraging only.
S1_C6_F357_V0278,A single adult red deer foraging only.
S1_C6_F412_V0390,A single adult red deer foraging only.
S1_C6_F412_V0387,A single adult red deer foraging only.
S1_C6_F204_V0123,A single adult red deer foraging only.
S1_C6_F67_V0043,A single adult red deer foraging only.
S1_C6_F412_V0384,A single adult red deer foraging only.
S1_C6_F96_V0063,A single adult red deer foraging only.
S1_C6_F407_V0374,A single adult red deer foraging only.
S1_C6_F407_V0366,A single adult red deer foraging only.
S1_C6_F245_V0161,A single adult red deer foraging only.
S1_C6_F243_V0134,A single adult red deer foraging only.
S1_C6_F43_V0028,A single adult red deer foraging only.
S1_C6_F66_V0041,A single adult red deer foraging only.
S1_C6_F334_V0266,A single adult red deer foraging only.
S1_C6_F96_V0064,A single adult red deer foraging only.
S1_C6_F245_V0154,A single adult red deer foraging only.
S1_C6_F243_V0132,A single adult red deer foraging only.
S1_C6_F96_V0065,A single adult red deer foraging only.
S1_C6_F243_V0141,A single adult red deer foraging only.
S1_C6_F43_V0027,A single adult red deer foraging only.
S1_C6_F239_V0129,A single adult red deer foraging only.
S1_C6_F43_V0030,A single adult red deer foraging only.
S1_C6_F245_V0152,A single adult red deer foraging only.
S1_C6_F407_V0373,A single adult red deer foraging only.
S1_C6_F412_V0385,A single adult red deer foraging only.
S1_C6_F190_V0109,A single adult red deer foraging only.
S1_C6_F407_V0379,A single adult red deer foraging only.
S1_C6_F407_V0376,A single adult red deer foraging only.
S1_C6_F407_V0369,A single adult red deer foraging only.
S1_C6_F245_V0160,A single adult red deer foraging only.
S1_C6_F245_V0155,A single adult red deer foraging only.
S1_C6_F96_V0066,A single adult red deer foraging only.
S1_C6_F245_V0153,A single adult red deer foraging only.
S1_C6_F312_V0262,A single adult red deer foraging only.
S1_C6_F407_V0375,A single adult red deer foraging only.
S1_C6_F361_V0295,A single adult red deer foraging only.
S1_C6_F204_V0120,A single adult red deer foraging only.
S1_C6_F407_V0380,A single adult red deer foraging only.
S1_C6_F245_V0156,A single adult red deer foraging only.
S1_C6_F222_V0124,A single adult red deer foraging only.
S1_C6_F246_V0172,A single adult red deer foraging only.
S1_C6_F200_V0113,A single adult red deer foraging only.
S1_C6_F245_V0149,A single adult red deer foraging only.
S1_C6_F245_V0151,A single adult red deer foraging only.
S1_C6_F245_V0159,A single adult red deer foraging only.
S1_C6_F407_V0371,A single adult red deer foraging only.
S1_C6_F66_V0040,A single adult red deer foraging only.
S1_C6_F66_V0039,A single adult red deer foraging only.
S1_C6_F73_V0050,A single adult red deer foraging only.
S1_C6_F407_V0368,A single adult red deer foraging only.
S1_C6_F243_V0136,A single adult red deer foraging only.
S1_C6_F413_V0391,A single adult red deer foraging only.
S1_C6_F414_V0393,A single adult red deer foraging only.
S1_C6_F245_V0147,A single adult red deer foraging only.
S1_C6_F239_V0130,A single adult red deer foraging only.
S1_C6_F222_V0125,A single adult red deer foraging only.
S1_C6_F334_V0265,A single adult red deer foraging only.
S1_C6_F245_V0157,A single adult red deer foraging only.
S1_C6_F407_V0365,A single adult red deer foraging only.
S1_C6_F201_V0117,A single adult red deer foraging only.
S1_C6_F190_V0111,A single adult red deer foraging only.
S1_C2_E150_V0356,A single adult red deer foraging only.
S1_C2_E150_V0362,A single adult red deer foraging only.
S1_C2_E122_V0264,A single adult red deer foraging only.
S1_C2_E122_V0213,A single adult red deer foraging only.
S1_C2_E137_V0318,A single adult red deer foraging only.
S1_C2_E94_V0105,A single adult red deer foraging only.
S1_C2_E105_V0123,A single adult red deer foraging only.
S1_C2_E176_V0407,A single adult red deer foraging only.
S1_C2_E38_V0059,A single adult red deer foraging only.
S1_C2_E151_V0379,A single adult red deer foraging only.
S1_C2_E122_V0260,A single adult red deer foraging only.
S1_C2_E150_V0358,A single adult red deer foraging only.
S1_C2_E191_V0431,A single adult red deer foraging only.
S1_C2_E105_V0135,A single adult red deer foraging only.
S1_C2_E131_V0289,A single adult red deer foraging only.
S1_C2_E108_V0160,A single adult red deer foraging only.
S1_C2_E105_V0128,A single adult red deer foraging only.
S1_C2_E38_V0050,A single adult red deer foraging only.
S1_C2_E122_V0200,A single adult red deer foraging only.
S1_C2_E107_V0157,A single adult red deer foraging only.
S1_C2_E8_V0022,A single adult red deer foraging only.
S1_C2_E136_V0308,A single adult red deer foraging only.
S1_C2_E219_V0521,A single adult red deer foraging only.
S1_C2_E122_V0233,A single adult red deer foraging only.
S1_C2_E131_V0292,A single adult red deer foraging only.
S1_C2_E105_V0133,A single adult red deer foraging only.
S1_C2_E105_V0141,A single adult red deer foraging only.
S1_C2_E130_V0285,A single adult red deer foraging only.
S1_C2_E122_V0252,A single adult red deer foraging only.
S1_C2_E131_V0286,A single adult red deer foraging only.
S1_C2_E151_V0374,A single adult red deer foraging only.
S1_C2_E145_V0329,A single adult red deer foraging only.
S1_C2_E107_V0158,A single adult red deer foraging only.
S1_C2_E94_V0112,A single adult red deer foraging only.
S1_C2_E107_V0159,A single adult red deer foraging only.
S1_C2_E122_V0210,A single adult red deer foraging only.
S1_C2_E151_V0375,A single adult red deer foraging only.
S1_C2_E122_V0206,A single adult red deer foraging only.
S1_C2_E125_V0278,A single adult red deer foraging only.
S1_C2_E150_V0351,A single adult red deer foraging only.
S1_C2_E94_V0107,A single adult red deer foraging only.
S1_C2_E105_V0140,A single adult red deer foraging only.
S1_C2_E105_V0125,A single adult red deer foraging only.
S1_C2_E125_V0274,A single adult red deer foraging only.
S1_C2_E136_V0313,A single adult red deer foraging only.
S1_C2_E106_V0151,A single adult red deer foraging only.
S1_C2_E136_V0306,A single adult red deer foraging only.
S1_C2_E125_V0276,A single adult red deer foraging only.
S1_C2_E125_V0275,A single adult red deer foraging only.
S1_C2_E131_V0299,A single adult red deer foraging only.
S1_C2_E105_V0122,A single adult red deer foraging only.
S1_C2_E131_V0287,A single adult red deer foraging only.
S1_C2_E94_V0108,A single adult red deer foraging only.
S1_C2_E94_V0106,A single adult red deer foraging only.
S1_C2_E181_V0412,A single adult red deer foraging only.
S1_C2_E122_V0212,A single adult red deer foraging only.
S1_C2_E145_V0331,A single adult red deer foraging only.
S1_C2_E122_V0203,A single adult red deer foraging only.
S1_C2_E94_V0098,A single adult red deer foraging only.
S1_C2_E105_V0138,A single adult red deer foraging only.
S1_C2_E105_V0127,A single adult red deer foraging only.
S1_C2_E38_V0060,A single adult red deer foraging only.
S1_C2_E123_V0272,A single adult red deer foraging only.
S1_C2_E122_V0204,A single adult red deer foraging only.
S1_C2_E153_V0383,A single adult red deer foraging only.
S1_C2_E105_V0150,A single adult red deer foraging only.
S1_C2_E122_V0238,A single adult red deer foraging only.
S1_C2_E131_V0301,A single adult red deer foraging only.
S1_C2_E122_V0198,A single adult red deer foraging only.
S1_C2_E131_V0288,A single adult red deer foraging only.
S1_C2_E122_V0236,A single adult red deer foraging only.
S1_C2_E122_V0197,A single adult red deer foraging only.
S1_C2_E105_V0137,A single adult red deer foraging only.
S1_C2_E125_V0277,A single adult red deer foraging only.
S1_C2_E115_V0166,A single adult red deer foraging only.
S1_C2_E122_V0211,A single adult red deer foraging only.
S1_C2_E122_V0257,A single adult red deer foraging only.
S1_C2_E136_V0315,A single adult red deer foraging only.
S1_C2_E122_V0201,A single adult red deer foraging only.
S1_C2_E163_V0392,A single adult red deer foraging only.
S1_C2_E219_V0520,A single adult red deer foraging only.
S1_C2_E131_V0293,A single adult red deer foraging only.
S1_C2_E134_V0305,A single adult red deer foraging only.
S1_C2_E122_V0208,A single adult red deer foraging only.
S1_C2_E191_V0429,A single adult red deer foraging only.
S1_C2_E131_V0294,A single adult red deer foraging only.
S1_C2_E94_V0110,A single adult red deer foraging only.
S1_C2_E18_V0033,A single adult red deer foraging only.
S1_C2_E115_V0163,A single adult red deer foraging only.
S1_C2_E134_V0303,A single adult red deer foraging only.
S1_C2_E105_V0142,A single adult red deer foraging only.
S1_C2_E137_V0317,A single adult red deer foraging only.
S1_C2_E145_V0334,A single adult red deer foraging only.
S1_C2_E94_V0101,A single adult red deer foraging only.
S1_C2_E94_V0104,A single adult red deer foraging only.
S1_C2_E252_V0573,A single adult red deer foraging only.
S1_C2_E137_V0316,A single adult red deer foraging only.
S1_C2_E122_V0263,A single adult red deer foraging only.
S1_C2_E134_V0304,A single adult red deer foraging only.
S1_C2_E105_V0145,A single adult red deer foraging only.
S1_C2_E150_V0360,A single adult red deer foraging only.
S1_C2_E38_V0054,A single adult red deer foraging only.
S1_C2_E122_V0225,A single adult red deer foraging only.
S1_C2_E151_V0380,A single adult red deer foraging only.
S1_C2_E151_V0373,A single adult red deer foraging only.
S1_C2_E38_V0052,A single adult red deer foraging only.
S1_C2_E122_V0209,A single adult red deer foraging only.
S1_C2_E106_V0155,A single adult red deer foraging only.
S1_C2_E123_V0266,A single adult red deer foraging only.
S1_C2_E145_V0333,A single adult red deer foraging only.
S1_C2_E146_V0346,A single adult red deer foraging only.
S1_C2_E122_V0214,A single adult red deer foraging only.
S1_C2_E106_V0152,A single adult red deer foraging only.
S1_C2_E181_V0411,A single adult red deer foraging only.
S1_C2_E94_V0102,A single adult red deer foraging only.
S1_C2_E131_V0298,A single adult red deer foraging only.
S1_C2_E122_V0196,A single adult red deer foraging only.
S1_C2_E106_V0154,A single adult red deer foraging only.
S1_C2_E145_V0335,A single adult red deer foraging only.
S1_C2_E122_V0239,A single adult red deer foraging only.
S1_C2_E106_V0153,A single adult red deer foraging only.
S1_C2_E123_V0269,A single adult red deer foraging only.
S1_C2_E94_V0097,A single adult red deer foraging only.
S1_C2_E125_V0280,A single adult red deer foraging only.
S1_C2_E131_V0296,A single adult red deer foraging only.
S1_C2_E122_V0226,A single adult red deer foraging only.
S1_C2_E94_V0111,A single adult red deer foraging only.
S1_C2_E109_V0162,A single adult red deer foraging only.
S1_C2_E105_V0130,A single adult red deer foraging only.
S1_C2_E105_V0136,A single adult red deer foraging only.
S1_C2_E122_V0262,A single adult red deer foraging only.
S1_C2_E105_V0126,A single adult red deer foraging only.
S1_C2_E122_V0217,A single adult red deer foraging only.
S1_C2_E231_V0526,A single adult red deer foraging only.
S1_C2_E94_V0103,A single adult red deer foraging only.
S1_C2_E105_V0124,A single adult red deer foraging only.
S1_C2_E150_V0359,A single adult red deer foraging only.
S1_C2_E122_V0245,A single adult red deer foraging only.
S1_C2_E244_V0554,A single adult red deer foraging only.
S1_C2_E150_V0364,A single adult red deer foraging only.
S1_C2_E131_V0290,A single adult red deer foraging only.
S1_C2_E122_V0249,A single adult red deer foraging only.
S1_C2_E122_V0207,A single adult red deer foraging only.
S1_C2_E136_V0307,A single adult red deer foraging only.
S1_C2_E122_V0251,A single adult red deer foraging only.
S1_C2_E171_V0400,A single adult red deer foraging only.
S1_C2_E107_V0156,A single adult red deer foraging only.
S1_C2_E122_V0248,A single adult red deer foraging only.
S1_C2_E122_V0237,A single adult red deer foraging only.
S1_C2_E94_V0113,A single adult red deer foraging only.
S1_C2_E105_V0131,A single adult red deer foraging only.
S1_C2_E105_V0147,A single adult red deer foraging only.
S1_C2_E105_V0121,A single adult red deer foraging only.
S1_C2_E136_V0310,A single adult red deer foraging only.
S1_C2_E122_V0234,A single adult red deer foraging only.
S1_C2_E150_V0361,A single adult red deer foraging only.
S1_C2_E122_V0199,A single adult red deer foraging only.
S1_C2_E105_V0132,A single adult red deer foraging only.
S1_C2_E122_V0243,A single adult red deer foraging only.
S1_C2_E105_V0134,A single adult red deer foraging only.
S1_C2_E131_V0297,A single adult red deer foraging only.
S1_C2_E122_V0219,A single adult red deer foraging only.
S1_C2_E122_V0215,A single adult red deer foraging only.
S1_C2_E122_V0202,A single adult red deer foraging only.
S1_C2_E105_V0129,A single adult red deer foraging only.
S1_C2_E191_V0432,A single adult red deer foraging only.
S1_C2_E151_V0378,A single adult red deer foraging only.
S1_C2_E181_V0414,A single adult red deer foraging only.
S1_C2_E122_V0242,A single adult red deer foraging only.
S1_C2_E122_V0195,A single adult red deer foraging only.
S1_C2_E122_V0235,A single adult red deer foraging only.
S1_C2_E136_V0311,A single adult red deer foraging only.
S1_C2_E134_V0302,A single adult red deer foraging only.
S1_C2_E105_V0144,A single adult red deer foraging only.
S1_C2_E151_V0377,A single adult red deer foraging only.
S1_C2_E188_V0423,A single adult red deer foraging only.
S1_C2_E150_V0363,A single adult red deer foraging only.
S1_C2_E94_V0109,A single adult red deer foraging only.
S1_C2_E94_V0099,A single adult red deer foraging only.
S1_C2_E8_V0023,A single adult red deer foraging only.
S1_C2_E136_V0314,A single adult red deer foraging only.
S1_C2_E136_V0309,A single adult red deer foraging only.
S1_C2_E94_V0100,A single adult red deer foraging only.
S1_C2_E244_V0553,A single adult red deer foraging only.
S1_C2_E180_V0410,A single adult red deer foraging only.
S1_C2_E122_V0205,A single adult red deer foraging only.
S1_C2_E122_V0259,A single adult red deer foraging only.
S1_C2_E237_V0529,A single adult red deer foraging only.
S1_C2_E122_V0241,A single adult red deer foraging only.
S1_C2_E122_V0220,A single adult red deer foraging only.
S1_C2_E105_V0139,A single adult red deer foraging only.
S1_C2_E38_V0058,A single adult red deer foraging only.
S1_C2_E125_V0281,A single adult red deer foraging only.
S1_C2_E105_V0143,A single adult red deer foraging only.
S1_C2_E125_V0279,A single adult red deer foraging only.
S1_C2_E122_V0250,A single adult red deer foraging only.
S1_C2_E251_V0565,A single adult red deer foraging only.
S1_C2_E122_V0261,A single adult red deer foraging only.
S1_C2_E122_V0218,A single adult red deer foraging only.
S1_C2_E123_V0270,A single adult red deer foraging only.
S1_C2_E122_V0194,A single adult red deer foraging only.
S1_C2_E122_V0244,A single adult red deer foraging only.
S1_C2_E122_V0216,A single adult red deer foraging only.
S1_C2_E131_V0291,A single adult red deer foraging only.
S2_C3_E265_V0021,A single adult red deer foraging only.
S2_C3_E266_V0023,A single adult red deer foraging only.
S2_C3_E319_V0089,A single adult red deer foraging only.
S2_C3_F488_V0061,A single adult red deer foraging only.
S2_C3_F557_V0109,A single adult red deer foraging only.
S2_C3_E270_V0030,A single adult red deer foraging only.
S2_C3_F557_V0107,A single adult red deer foraging only.
S2_C3_E306_V0075,A single adult red deer foraging only.
S2_C3_E307_V0077,A single adult red deer foraging only.
S2_C3_E388_V0127,A single adult red deer foraging only.
S2_C3_E306_V0073,A single adult red deer foraging only.
S2_C3_E339_V0103,A single adult red deer foraging only.
S2_C3_F481_V0051,A single adult red deer foraging only.
S2_C3_F540_V0099,A single adult red deer foraging only.
S2_C3_F557_V0108,A single adult red deer foraging only.
S2_C3_E270_V0031,A single adult red deer foraging only.
S2_C1_E367_V0102,A single adult red deer foraging only.
S2_C1_E363_V0098,A single adult red deer foraging only.
S2_C1_E360_V0096,A single adult red deer foraging only.
S2_C1_E260_V0017,A single adult red deer foraging only.
S2_C1_F602_V0110,A single adult red deer foraging only.
S2_C1_F563_V0085,A single adult red deer foraging only.
S2_C1_E260_V0018,A single adult red deer foraging only.
S2_C1_E307_V0055,A single adult red deer foraging only.
S2_C1_E377_V0108,A single adult red deer foraging only.
S2_C1_E347_V0084,A single adult red deer foraging only.
S2_C1_E387_V0112,A single adult red deer foraging only.
S2_C1_E265_V0028,A single adult red deer foraging only.
S2_C1_E343_V0083,A single adult red deer foraging only.
S2_C1_E260_V0019,A single adult red deer foraging only.
S2_C1_E270_V0031,A single adult red deer foraging only.
S2_C1_F587_V0100,A single adult red deer foraging only.
S2_C1_E260_V0022,A single adult red deer foraging only.
S2_C1_E265_V0030,A single adult red deer foraging only.
S2_C1_E276_V0035,A single adult red deer foraging only.
S2_C1_F499_V0044,A single adult red deer foraging only.
S2_C1_E263_V0023,A single adult red deer foraging only.
S2_C2_E344_V0089,A single adult red deer foraging only.
S2_C2_E388_V0130,A single adult red deer foraging only.
S2_C2_E387_V0129,A single adult red deer foraging only.
S2_C2_E265_V0025,A single adult red deer foraging only.
S2_C2_E260_V0018,A single adult red deer foraging only.
S2_C2_E260_V0019,A single adult red deer foraging only.
S2_C2_E307_V0060,A single adult red deer foraging only.
S2_C2_E344_V0088,A single adult red deer foraging only.
S2_C2_E363_V0107,A single adult red deer foraging only.
S2_C2_E260_V0020,A single adult red deer foraging only.
S2_C2_E270_V0028,A single adult red deer foraging only.
S2_C2_F557_V0075,A single adult red deer foraging only.
S2_C2_F563_V0080,A single adult red deer foraging only.
S2_C2_F481_V0038,A single adult red deer foraging only.
S2_C2_F587_V0094,A single adult red deer foraging only.
S2_C2_F563_V0079,A single adult red deer foraging only.
S2_C2_F557_V0074,A single adult red deer foraging only.
S2_C2_E263_V0023,A single adult red deer foraging only.
S2_C2_E308_V0062,A single adult red deer foraging only.
S3_C3_E587_V0537,An empty video.
S3_C3_E477_V0235,An empty video.
S3_C3_E576_V0505,An empty video.
S3_C3_E567_V0473,An empty video.
S3_C3_E484_V0251,An empty video.
S3_C3_E604_V0564,An empty video.
S3_C3_E644_V0625,An empty video.
S3_C3_E548_V0443,An empty video.
S3_C3_E568_V0474,An empty video.
S3_C1_F828_V0347,An empty video.
S3_C1_F744_V0203,An empty video.
S3_C1_F841_V0375,An empty video.
S3_C1_F845_V0423,An empty video.
S3_C1_F864_V0472,An empty video.
S3_C1_F762_V0239,An empty video.
S3_C1_F736_V0195,An empty video.
S3_C1_F865_V0481,An empty video.
S3_C1_F832_V0351,An empty video.
S3_C1_F802_V0321,An empty video.
S3_C1_F1008_V0589,An empty video.
S3_C2_F669_V0102,An empty video.
S3_C2_F934_V0508,An empty video.
S3_C2_E554_V0100,An empty video.
S3_C2_E593_V0114,An empty video.
S3_C2_E750_V0381,An empty video.
S3_C2_E809_V0558,An empty video.
S3_C2_F856_V0173,An empty video.
S3_C2_F901_V0214,An empty video.
S3_C2_F921_V0436,An empty video.
S3_C2_E703_V0191,An empty video.
S3_C2_F661_V0089,An empty video.
S3_C2_E654_V0147,An empty video.
S3_C2_F671_V0104,An empty video.
S3_C2_F953_V0782,An empty video.
S3_C2_F930_V0504,An empty video.
S3_C2_E779_V0466,An empty video.
S3_C2_E801_V0537,An empty video.
S3_C2_E413_V0024,An empty video.
S3_C2_F685_V0114,An empty video.
S3_C2_F637_V0026,An empty video.
S1_C3_F40_V0026,An empty video.
S1_C3_F415_V0394,An empty video.
S1_C3_F381_V0300,An empty video.
S1_C1_E230_V0867,An empty video.
S1_C1_F303_V0389,An empty video.
S1_C1_E218_V0859,An empty video.
S1_C1_F417_V0465,An empty video.
S1_C1_F391_V0448,An empty video.
S1_C1_E248_V0877,An empty video.
S1_C1_E78_V0188,An empty video.
S1_C1_F208_V0174,An empty video.
S1_C1_E166_V0781,An empty video.
S1_C1_F254_V0247,An empty video.
S1_C1_E75_V0185,An empty video.
S1_C1_F327_V0410,An empty video.
S1_C1_F42_V0036,An empty video.
S1_C1_F437_V0479,An empty video.
S1_C1_F188_V0143,An empty video.
S1_C1_E168_V0783,An empty video.
S1_C1_E227_V0864,An empty video.
S1_C1_E221_V0861,An empty video.
S1_C1_F362_V0430,An empty video.
S1_C1_F416_V0464,An empty video.
S1_C1_F389_V0445,An empty video.
S1_C1_F240_V0194,An empty video.
S1_C2_F191_V0252,An empty video.
S1_C2_F31_V0055,An empty video.
S1_C2_F372_V0475,An empty video.
S1_C2_F367_V0470,An empty video.
S1_C2_F185_V0237,An empty video.
S1_C2_F212_V0307,An empty video.
S1_C2_F17_V0031,An empty video.
S1_C2_F370_V0473,An empty video.
S1_C2_F50_V0075,An empty video.
S1_C2_F355_V0468,An empty video.
S1_C2_F211_V0306,An empty video.
S1_C2_F24_V0046,An empty video.
S2_C1_E321_V0067,An empty video.
